{"meta": {"id": "MH-DMF20180424_03480526-Van_geschifte_raketman_naar_heel.tsv", "author": "eventdna_anno_4"}, "doc": {"token_string": "Van geschifte raketman naar heel eerbaar : Trump looft Noord-Koreaanse leider Kim Jong-un De Amerikaanse president Donald Trump heeft Noord-Korea's sterke man Kim Jong-un omschreven als heel open en heel eerbaar . Hij zei tijdens zijn vergadering met de Franse president Emmanuel Macron ook uit te kijken naar zijn ontmoeting met Kim . We gaan een ontmoeting hebben met Kim , heel binnenkort . We hebben rechtstreeks te horen gekregen dat zij die meeting heel binnenkort willen houden . We denken dat dit iets prachtig is voor de wereld .", "token_ids": [0, 1, 2, 3, 4, 5, 6, 7, 8, 9, 10, 11, 12, 13, 14, 15, 16, 17, 18, 19, 20, 21, 22, 23, 24, 25, 26, 27, 28, 29, 30, 31, 32, 33, 34, 35, 36, 37, 38, 39, 40, 41, 42, 43, 44, 45, 46, 47, 48, 49, 50, 51, 52, 53, 54, 55, 56, 57, 58, 59, 60, 61, 62, 63, 64, 65, 66, 67, 68, 69, 70, 71, 72, 73, 74, 75, 76, 77, 78, 79, 80, 81, 82, 83, 84, 85, 86, 87, 88, 89], "sentences": {"sentence_1": {"token_ids": [0, 1, 2, 3, 4, 5, 6, 7, 8, 9, 10, 11, 12]}, "sentence_2": {"token_ids": [13, 14, 15, 16, 17, 18, 19, 20, 21, 22, 23, 24, 25, 26, 27, 28, 29, 30, 31]}, "sentence_3": {"token_ids": [32, 33, 34, 35, 36, 37, 38, 39, 40, 41, 42, 43, 44, 45, 46, 47, 48, 49, 50, 51, 52]}, "sentence_4": {"token_ids": [53, 54, 55, 56, 57, 58, 59, 60, 61, 62, 63]}, "sentence_5": {"token_ids": [64, 65, 66, 67, 68, 69, 70, 71, 72, 73, 74, 75, 76, 77, 78]}, "sentence_6": {"token_ids": [79, 80, 81, 82, 83, 84, 85, 86, 87, 88, 89]}}, "annotations": {"entities": {"entity_1": {"type": "entity", "string": "Trump", "features": {"type": "PER", "span": [7], "individuality": "INDIV", "mention_level_type": "NAM", "head": {"type": "entityHead", "string": "Trump", "features": {"span": [7]}}}, "home_sentence": "sentence_1"}, "entity_2": {"type": "entity", "string": "Noord-Koreaanse", "features": {"type": "LOC", "span": [9], "individuality": "INDIV", "mention_level_type": "NAM", "head": {"type": "entityHead", "string": "Noord-Koreaanse", "features": {"span": [9]}}}, "home_sentence": "sentence_1"}, "entity_3": {"type": "entity", "string": "Kim Jong-un", "features": {"type": "PER", "span": [11, 12], "individuality": "INDIV", "mention_level_type": "NAM", "head": {"type": "entityHead", "string": "Kim Jong-un", "features": {"span": [11, 12]}}}, "home_sentence": "sentence_1"}, "entity_4": {"type": "entity", "string": "Amerikaanse", "features": {"type": "LOC", "span": [14], "individuality": "INDIV", "mention_level_type": "NAM", "head": {"type": "entityHead", "string": "Amerikaanse", "features": {"span": [14]}}}, "home_sentence": "sentence_2"}, "entity_5": {"type": "entity", "string": "Donald Trump", "features": {"type": "PER", "span": [16, 17], "individuality": "INDIV", "mention_level_type": "NAM", "head": {"type": "entityHead", "string": "Donald Trump", "features": {"span": [16, 17]}}}, "home_sentence": "sentence_2"}, "entity_6": {"type": "entity", "string": "Noord-Korea's", "features": {"type": "LOC", "span": [19], "individuality": "INDIV", "mention_level_type": "NAM", "head": {"type": "entityHead", "string": "Noord-Korea's", "features": {"span": [19]}}}, "home_sentence": "sentence_2"}, "entity_7": {"type": "entity", "string": "Kim Jong-un", "features": {"type": "PER", "span": [22, 23], "individuality": "INDIV", "mention_level_type": "NAM", "head": {"type": "entityHead", "string": "Kim Jong-un", "features": {"span": [22, 23]}}}, "home_sentence": "sentence_2"}, "entity_8": {"type": "entity", "string": "Hij", "features": {"type": "PER", "span": [32], "individuality": "INDIV", "mention_level_type": "PRON", "head": {"type": "entityHead", "string": "Hij", "features": {"span": [32]}}}, "home_sentence": "sentence_3"}, "entity_9": {"type": "entity", "string": "Franse", "features": {"type": "LOC", "span": [39], "individuality": "INDIV", "mention_level_type": "NAM", "head": {"type": "entityHead", "string": "Franse", "features": {"span": [39]}}}, "home_sentence": "sentence_3"}, "entity_10": {"type": "entity", "string": "Emmanuel Macron", "features": {"type": "PER", "span": [41, 42], "individuality": "INDIV", "mention_level_type": "NAM", "head": {"type": "entityHead", "string": "Emmanuel Macron", "features": {"span": [41, 42]}}}, "home_sentence": "sentence_3"}, "entity_11": {"type": "entity", "string": "Kim", "features": {"type": "PER", "span": [51], "individuality": "INDIV", "mention_level_type": "NAM", "head": {"type": "entityHead", "string": "Kim", "features": {"span": [51]}}}, "home_sentence": "sentence_3"}, "entity_12": {"type": "entity", "string": "Kim", "features": {"type": "PER", "span": [59], "individuality": "INDIV", "mention_level_type": "NAM", "head": {"type": "entityHead", "string": "Kim", "features": {"span": [59]}}}, "home_sentence": "sentence_4"}, "entity_13": {"type": "entity", "string": "zij", "features": {"type": "PER", "span": [71], "individuality": "GROUP", "mention_level_type": "PRON", "head": {"type": "entityHead", "string": "zij", "features": {"span": [71]}}}, "home_sentence": "sentence_5"}}, "events": {"event_1": {"annotation_type": "event", "string": "Trump looft Noord-Koreaanse leider Kim Jong-un", "features": {"span": [7, 8, 9, 10, 11, 12], "arguments": [{"string": "Kim Jong-un", "features": {"span": [11, 12], "argument_entity_type": "PER", "argument_role": "Entity"}}, {"string": "Trump", "features": {"span": [7], "argument_entity_type": "PER", "argument_role": "Entity"}}], "type": "Contact", "subtype": "Contact", "modality": "Asserted", "pos_neg": "Positive", "prominence": "Main", "tense": "Present"}, "home_sentence": "sentence_1"}, "event_2": {"annotation_type": "event", "string": "De Amerikaanse president Donald Trump heeft Noord-Korea's sterke man Kim Jong-un omschreven als heel open en heel eerbaar", "features": {"span": [13, 14, 15, 16, 17, 18, 19, 20, 21, 22, 23, 24, 25, 26, 27, 28, 29, 30], "arguments": [{"string": "Donald Trump", "features": {"span": [16, 17], "argument_entity_type": "PER", "argument_role": "Entity"}}, {"string": "Kim Jong-un", "features": {"span": [22, 23], "argument_entity_type": "PER", "argument_role": "Entity"}}], "type": "Contact", "subtype": "Contact", "modality": "Asserted", "pos_neg": "Positive", "prominence": "Main", "tense": "Past"}, "home_sentence": "sentence_2"}, "event_3": {"annotation_type": "event", "string": "Hij zei tijdens zijn vergadering met de Franse president Emmanuel Macron ook uit te kijken naar zijn ontmoeting met Kim", "features": {"span": [32, 33, 34, 35, 36, 37, 38, 39, 40, 41, 42, 43, 44, 45, 46, 47, 48, 49, 50, 51], "arguments": [{"string": "Hij", "features": {"span": [32], "argument_entity_type": "PER", "argument_role": "Entity"}}, {"string": "Emmanuel Macron", "features": {"span": [41, 42], "argument_entity_type": "PER", "argument_role": "Entity"}}], "type": "Contact", "subtype": "Meet", "modality": "Asserted", "pos_neg": "Positive", "prominence": "Background", "tense": "Past"}, "home_sentence": "sentence_3"}, "event_4": {"annotation_type": "event", "string": "zijn ontmoeting met Kim", "features": {"span": [48, 49, 50, 51], "arguments": [{"string": "Kim", "features": {"span": [51], "argument_entity_type": "PER", "argument_role": "Entity"}}], "type": "Contact", "subtype": "Meet", "modality": "Other", "pos_neg": "Positive", "prominence": "Background", "tense": "Unspecified"}, "home_sentence": "sentence_3"}, "event_5": {"annotation_type": "event", "string": "zij die meeting heel binnenkort willen houden", "features": {"span": [71, 72, 73, 74, 75, 76, 77], "arguments": [{"string": "zij", "features": {"span": [71], "argument_entity_type": "PER", "argument_role": "Entity"}}], "type": "Contact", "subtype": "Meet", "modality": "Asserted", "pos_neg": "Positive", "prominence": "Background", "tense": "Future"}, "home_sentence": "sentence_5"}}, "coreference": {"entities": {"coref_bucket_1": ["entity_1", "entity_5", "entity_8"], "coref_bucket_2": ["entity_2", "entity_6"], "coref_bucket_3": ["entity_7", "entity_11", "entity_3"], "coref_bucket_4": ["entity_12", "entity_7", "entity_3", "entity_11"], "coref_bucket_5": ["entity_12", "entity_7", "entity_11"]}, "events": {"coref_bucket_6": ["event_2", "event_1"]}}, "iptc_codes": {"certain": [[["medtop:11000000", "politics"]], [["medtop:20000638", "international relations"], ["medtop:11000000", "politics"]], [["medtop:20000639", "diplomacy"], ["medtop:20000638", "international relations"], ["medtop:11000000", "politics"]]], "uncertain": []}}}}