<?xml version="1.0" encoding="UTF-8"?>
<alpino_ds version="1.6">
  <parser cats="1" skips="0" />
  <node begin="0" cat="top" end="13" id="0" rel="top">
    <node begin="6" end="7" frame="punct(dubb_punt)" his="normal" his_1="normal" id="1" lcat="punct" lemma=":" pos="punct" postag="LET()" pt="let" rel="--" root=":" sense=":" special="dubb_punt" word=":"/>
    <node begin="0" cat="du" end="13" id="2" rel="--">
      <node begin="0" cat="smain" end="6" id="3" rel="nucl">
        <node begin="0" cat="mwu" end="3" his="compound_double" id="4" mwu_root="Oud_olympisch en wereldkampioen" mwu_sense="Oud_olympisch en wereldkampioen" rel="su">
          <node begin="0" end="1" frame="noun(de,count,sg)" gen="de" genus="zijd" getal="ev" graad="basis" id="5" lcat="np" lemma="Oud_olympisch" naamval="stan" ntype="soort" num="sg" pos="noun" postag="N(soort,ev,basis,zijd,stan)" pt="n" rel="mwp" rnum="sg" root="Oud_olympisch" sense="Oud_olympisch" word="Oud-olympisch"/>
          <node begin="1" end="2" frame="noun(de,count,sg)" gen="de" genus="zijd" getal="ev" graad="basis" id="6" lcat="np" lemma="en" naamval="stan" ntype="soort" num="sg" pos="noun" postag="N(soort,ev,basis,zijd,stan)" pt="n" rel="mwp" rnum="sg" root="en" sense="en" word="en"/>
          <node begin="2" end="3" frame="noun(de,count,sg)" gen="de" genus="zijd" getal="ev" graad="basis" id="7" lcat="np" lemma="wereldkampioen" naamval="stan" ntype="soort" num="sg" pos="noun" postag="N(soort,ev,basis,zijd,stan)" pt="n" rel="mwp" rnum="sg" root="wereldkampioen" sense="wereldkampioen" word="wereldkampioen"/>
        </node>
        <node begin="3" end="4" frame="verb(hebben,sg3,transitive)" his="normal" his_1="normal" id="8" infl="sg3" lcat="smain" lemma="bevestigen" pos="verb" postag="WW(pv,tgw,met-t)" pt="ww" pvagr="met-t" pvtijd="tgw" rel="hd" root="bevestig" sc="transitive" sense="bevestig" stype="declarative" tense="present" word="bevestigt" wvorm="pv"/>
        <node begin="4" cat="np" end="6" id="9" rel="obj1">
          <node aform="base" begin="4" buiging="met-e" end="5" frame="adjective(e)" graad="basis" his="normal" his_1="normal" id="10" infl="e" lcat="ap" lemma="positief" naamval="stan" pos="adj" positie="prenom" postag="ADJ(prenom,basis,met-e,stan)" pt="adj" rel="mod" root="positief" sense="positief" vform="adj" word="positieve"/>
          <node begin="5" end="6" frame="noun(de,count,sg)" gen="de" genus="zijd" getal="ev" graad="basis" his="normal" his_1="normal" id="11" lcat="np" lemma="doping_controle" naamval="stan" ntype="soort" num="sg" pos="noun" postag="N(soort,ev,basis,zijd,stan)" pt="n" rel="hd" rnum="sg" root="doping_controle" sense="doping_controle" word="dopingcontrole"/>
        </node>
      </node>
      <node begin="7" cat="du" end="13" id="12" rel="sat">
        <node begin="7" conjtype="neven" end="8" frame="complementizer(root)" his="normal" his_1="decap" his_1_1="normal" id="13" lcat="du" lemma="maar" pos="comp" postag="VG(neven)" pt="vg" rel="dlink" root="maar" sc="root" sense="maar" word="Maar"/>
        <node begin="8" cat="smain" end="13" id="14" rel="nucl">
          <node begin="8" case="nom" def="def" end="9" frame="pronoun(nwh,fir,sg,de,nom,def)" gen="de" getal="ev" his="normal" his_1="normal" id="15" lcat="np" lemma="ik" naamval="nomin" num="sg" pdtype="pron" per="fir" persoon="1" pos="pron" postag="VNW(pers,pron,nomin,vol,1,ev)" pt="vnw" rel="su" rnum="sg" root="ik" sense="ik" status="vol" vwtype="pers" wh="nwh" word="ik"/>
          <node begin="9" end="10" frame="verb(unacc,past(sg),copula)" his="normal" his_1="normal" id="16" infl="sg" lcat="smain" lemma="zijn" pos="verb" postag="WW(pv,verl,ev)" pt="ww" pvagr="ev" pvtijd="verl" rel="hd" root="ben" sc="copula" sense="ben" stype="declarative" tense="past" word="was" wvorm="pv"/>
          <node begin="10" cat="np" end="13" id="17" rel="predc">
            <node begin="10" end="11" frame="noun(het,count,sg)" gen="het" genus="onz" getal="ev" graad="basis" his="normal" his_1="normal" id="18" lcat="np" lemma="slachtoffer" naamval="stan" ntype="soort" num="sg" pos="noun" postag="N(soort,ev,basis,onz,stan)" pt="n" rel="hd" rnum="sg" root="slachtoffer" sense="slachtoffer" word="slachtoffer"/>
            <node begin="11" cat="pp" end="13" id="19" rel="mod">
              <node begin="11" end="12" frame="preposition(van,[af,uit,vandaan,[af,aan]])" his="normal" his_1="normal" id="20" lcat="pp" lemma="van" pos="prep" postag="VZ(init)" pt="vz" rel="hd" root="van" sense="van" vztype="init" word="van"/>
              <node begin="12" end="13" frame="noun(de,count,sg)" gen="de" genus="zijd" getal="ev" graad="basis" his="normal" his_1="normal" id="21" lcat="np" lemma="afpersing" naamval="stan" ntype="soort" num="sg" pos="noun" postag="N(soort,ev,basis,zijd,stan)" pt="n" rel="obj1" rnum="sg" root="afpersing" sense="afpersing" word="afpersing"/>
            </node>
          </node>
        </node>
      </node>
    </node>
  </node>
  <sentence sentid="1">Oud-olympisch en wereldkampioen bevestigt positieve dopingcontrole : Maar ik was slachtoffer van afpersing</sentence>
  <comments>
    <comment>Q#1|Oud-olympisch en wereldkampioen bevestigt positieve dopingcontrole : Maar ik was slachtoffer van afpersing|1|1|-1.0412142478700006</comment>
  </comments>
</alpino_ds>
