<?xml version="1.0" encoding="UTF-8"?>
<alpino_ds version="1.6">
  <parser cats="1" skips="0" />
  <node begin="0" cat="top" end="27" id="0" rel="top">
    <node begin="2" end="3" frame="punct(komma)" his="normal" his_1="normal" id="1" lcat="punct" lemma="," pos="punct" postag="LET()" pt="let" rel="--" root="," sense="," special="komma" word=","/>
    <node begin="14" end="15" frame="punct(komma)" his="normal" his_1="normal" id="2" lcat="punct" lemma="," pos="punct" postag="LET()" pt="let" rel="--" root="," sense="," special="komma" word=","/>
    <node begin="0" cat="smain" end="26" id="3" rel="--">
      <node begin="0" cat="np" end="14" id="4" index="1" rel="su">
        <node begin="0" cat="mwu" end="2" his="name" his_1="begin" id="5" mwu_root="Asbel Kiprop" mwu_sense="Asbel Kiprop" rel="hd">
          <node begin="0" end="1" frame="proper_name(sg,'PER')" id="6" lcat="np" lemma="Asbel" neclass="PER" num="sg" pos="name" postag="SPEC(deeleigen)" pt="spec" rel="mwp" rnum="sg" root="Asbel" sense="Asbel" spectype="deeleigen" word="Asbel"/>
          <node begin="1" end="2" frame="proper_name(sg,'PER')" id="7" lcat="np" lemma="Kiprop" neclass="PER" num="sg" pos="name" postag="SPEC(deeleigen)" pt="spec" rel="mwp" rnum="sg" root="Kiprop" sense="Kiprop" spectype="deeleigen" word="Kiprop"/>
        </node>
        <node begin="3" cat="ap" end="14" id="8" rel="mod">
          <node aform="base" begin="3" buiging="zonder" end="4" frame="adjective(no_e(adv),pp(voor))" graad="basis" his="normal" his_1="normal" id="9" infl="no_e" lcat="ap" lemma="goed" pos="adj" positie="vrij" postag="ADJ(vrij,basis,zonder)" pt="adj" rel="hd" root="goed" sc="pp(voor)" sense="goed-voor" vform="adj" word="goed"/>
          <node begin="4" cat="pp" end="14" id="10" rel="pc">
            <node begin="4" end="5" frame="preposition(voor,[aan,door,uit,[in,de,plaats]])" his="normal" his_1="normal" id="11" lcat="pp" lemma="voor" pos="prep" postag="VZ(init)" pt="vz" rel="hd" root="voor" sense="voor" vztype="init" word="voor"/>
            <node begin="5" cat="conj" end="14" id="12" rel="obj1">
              <node begin="5" cat="np" end="7" id="13" rel="cnj">
                <node begin="5" end="6" frame="number(hoofd(pl_num))" his="normal" his_1="normal" id="14" infl="pl_num" lcat="detp" lemma="drie" naamval="stan" numtype="hoofd" pos="num" positie="prenom" postag="TW(hoofd,prenom,stan)" pt="tw" rel="det" root="drie" sense="drie" special="hoofd" word="drie"/>
                <node begin="6" end="7" frame="noun(de,count,pl)" gen="de" getal="mv" graad="basis" his="normal" his_1="normal" id="15" lcat="np" lemma="wereldtitel" ntype="soort" num="pl" pos="noun" postag="N(soort,mv,basis)" pt="n" rel="hd" rnum="pl" root="wereldtitel" sense="wereldtitel" word="wereldtitels"/>
              </node>
              <node begin="7" conjtype="neven" end="8" frame="conj(en)" his="normal" his_1="normal" id="16" lcat="vg" lemma="en" pos="vg" postag="VG(neven)" pt="vg" rel="crd" root="en" sense="en" word="en"/>
              <node begin="8" cat="np" end="14" id="17" rel="cnj">
                <node aform="base" begin="8" buiging="zonder" end="9" frame="adjective(no_e(adv))" graad="basis" his="normal" his_1="normal" id="18" infl="no_e" lcat="ap" lemma="olympisch" pos="adj" positie="prenom" postag="ADJ(prenom,basis,zonder)" pt="adj" rel="mod" root="olympisch" sense="olympisch" vform="adj" word="olympisch"/>
                <node begin="9" end="10" frame="noun(het,mass,sg)" gen="het" genus="onz" getal="ev" graad="basis" his="normal" his_1="normal" id="19" lcat="np" lemma="goud" naamval="stan" ntype="soort" num="sg" pos="noun" postag="N(soort,ev,basis,onz,stan)" pt="n" rel="hd" rnum="sg" root="goud" sense="goud" word="goud"/>
                <node begin="10" cat="pp" end="14" id="20" rel="mod">
                  <node begin="10" end="11" frame="preposition(op,[af,na])" his="normal" his_1="normal" id="21" lcat="pp" lemma="op" pos="prep" postag="VZ(init)" pt="vz" rel="hd" root="op" sense="op" vztype="init" word="op"/>
                  <node begin="11" cat="np" end="14" id="22" rel="obj1">
                    <node begin="11" end="12" frame="determiner(de)" his="normal" his_1="normal" id="23" infl="de" lcat="detp" lemma="de" lwtype="bep" naamval="stan" npagr="rest" pos="det" postag="LID(bep,stan,rest)" pt="lid" rel="det" root="de" sense="de" word="de"/>
                    <node begin="12" end="13" frame="number(hoofd(pl_num))" his="normal" his_1="normal" id="24" infl="pl_num" lcat="detp" lemma="1.500" naamval="stan" numtype="hoofd" pos="num" positie="prenom" postag="TW(hoofd,prenom,stan)" pt="tw" rel="det" root="1.500" sense="1.500" special="hoofd" word="1.500"/>
                    <node begin="13" end="14" frame="meas_mod_noun(de,count,meas)" gen="de" genus="zijd" getal="ev" graad="basis" his="normal" his_1="normal" id="25" lcat="np" lemma="meter" naamval="stan" ntype="soort" num="meas" pos="noun" postag="N(soort,ev,basis,zijd,stan)" pt="n" rel="hd" rnum="pl" root="meter" sense="meter" special="meas_mod" word="meter"/>
                  </node>
                </node>
              </node>
            </node>
          </node>
        </node>
      </node>
      <node begin="15" end="16" frame="verb(hebben,past(sg),aux(inf))" his="normal" his_1="normal" id="26" infl="sg" lcat="smain" lemma="zullen" pos="verb" postag="WW(pv,verl,ev)" pt="ww" pvagr="ev" pvtijd="verl" rel="hd" root="zal" sc="aux(inf)" sense="zal" stype="declarative" tense="past" word="zou" wvorm="pv"/>
      <node begin="0" cat="inf" end="26" id="27" rel="vc">
        <node begin="0" end="14" id="28" index="1" rel="su"/>
        <node begin="23" buiging="zonder" end="24" frame="verb(unacc,inf,passive)" his="normal" his_1="normal" id="29" infl="inf" lcat="inf" lemma="zijn" pos="verb" positie="vrij" postag="WW(inf,vrij,zonder)" pt="ww" rel="hd" root="ben" sc="passive" sense="ben" word="zijn" wvorm="inf"/>
        <node begin="0" cat="ppart" end="26" id="30" rel="vc">
          <node begin="0" end="14" id="31" index="1" rel="obj1"/>
          <node begin="16" cat="advp" end="18" id="32" rel="mod">
            <node begin="16" end="17" frame="tmp_app_noun" genus="onz" getal="ev" graad="basis" his="normal" his_1="normal" id="33" lcat="advp" lemma="eind" naamval="stan" ntype="soort" pos="adv" postag="N(soort,ev,basis,onz,stan)" pt="n" rel="hd" root="eind" sense="eind" special="tmp_app" word="eind"/>
            <node begin="17" end="18" frame="np(year)" his="normal" his_1="normal" id="34" lcat="np" lemma="2017" neclass="year" numtype="hoofd" pos="noun" positie="vrij" postag="TW(hoofd,vrij)" pt="tw" rel="mod" rnum="sg" root="2017" sense="2017" word="2017"/>
          </node>
          <node begin="18" cat="pp" end="22" id="35" rel="mod">
            <node begin="18" end="19" frame="preposition(bij,[vandaan])" his="normal" his_1="normal" id="36" lcat="pp" lemma="bij" pos="prep" postag="VZ(init)" pt="vz" rel="hd" root="bij" sense="bij" vztype="init" word="bij"/>
            <node begin="19" cat="np" end="22" id="37" rel="obj1">
              <node begin="19" end="20" frame="determiner(een)" his="normal" his_1="normal" id="38" infl="een" lcat="detp" lemma="een" lwtype="onbep" naamval="stan" npagr="agr" pos="det" postag="LID(onbep,stan,agr)" pt="lid" rel="det" root="een" sense="een" word="een"/>
              <node aform="base" begin="20" buiging="met-e" end="21" frame="adjective(e)" graad="basis" his="normal" his_1="normal" id="39" infl="e" lcat="ap" lemma="onaangekondigd" naamval="stan" pos="adj" positie="prenom" postag="ADJ(prenom,basis,met-e,stan)" pt="adj" rel="mod" root="onaangekondigd" sense="onaangekondigd" vform="adj" word="onaangekondigde"/>
              <node begin="21" end="22" frame="noun(de,count,sg)" gen="de" genus="zijd" getal="ev" graad="basis" his="normal" his_1="normal" id="40" lcat="np" lemma="doping_controle" naamval="stan" ntype="soort" num="sg" pos="noun" postag="N(soort,ev,basis,zijd,stan)" pt="n" rel="hd" rnum="sg" root="doping_controle" sense="doping_controle" word="dopingcontrole"/>
            </node>
          </node>
          <node begin="22" buiging="zonder" end="23" frame="verb(hebben,psp,np_pc_pp(op))" his="normal" his_1="normal" id="41" infl="psp" lcat="ppart" lemma="betrappen" pos="verb" positie="vrij" postag="WW(vd,vrij,zonder)" pt="ww" rel="hd" root="betrap" sc="np_pc_pp(op)" sense="betrap-op" word="betrapt" wvorm="vd"/>
          <node begin="24" cat="pp" end="26" id="42" rel="pc">
            <node begin="24" end="25" frame="preposition(op,[af,na])" his="normal" his_1="normal" id="43" lcat="pp" lemma="op" pos="prep" postag="VZ(init)" pt="vz" rel="hd" root="op" sense="op" vztype="init" word="op"/>
            <node begin="25" end="26" frame="proper_name(sg)" genus="genus" getal="ev" graad="basis" his="normal" his_1="names_dictionary" id="44" lcat="np" lemma="EPO" naamval="stan" neclass="MISC" ntype="eigen" num="sg" pos="name" postag="N(eigen,ev,basis,genus,stan)" pt="n" rel="obj1" rnum="sg" root="EPO" sense="EPO" word="EPO"/>
          </node>
        </node>
      </node>
    </node>
    <node begin="26" end="27" frame="punct(punt)" his="normal" his_1="normal" id="45" lcat="punct" lemma="." pos="punct" postag="LET()" pt="let" rel="--" root="." sense="." special="punt" word="."/>
  </node>
  <sentence sentid="2">Asbel Kiprop , goed voor drie wereldtitels en olympisch goud op de 1.500 meter , zou eind 2017 bij een onaangekondigde dopingcontrole betrapt zijn op EPO .</sentence>
  <comments>
    <comment>Q#2|Asbel Kiprop , goed voor drie wereldtitels en olympisch goud op de 1.500 meter , zou eind 2017 bij een onaangekondigde dopingcontrole betrapt zijn op EPO .|1|1|-10.9155876749</comment>
  </comments>
</alpino_ds>
