<?xml version="1.0" encoding="UTF-8"?>
<alpino_ds version="1.6">
  <parser cats="1" skips="0" />
  <node begin="0" cat="top" end="24" id="0" rel="top">
    <node begin="13" end="14" frame="punct(komma)" his="normal" his_1="normal" id="1" lcat="punct" lemma="," pos="punct" postag="LET()" pt="let" rel="--" root="," sense="," special="komma" word=","/>
    <node begin="0" cat="smain" end="23" id="2" rel="--">
      <node begin="0" cat="pp" end="6" id="3" rel="mod">
        <node begin="0" end="1" frame="preposition(volgens,[])" his="normal" his_1="decap" his_1_1="normal" id="4" lcat="pp" lemma="volgens" pos="prep" postag="VZ(init)" pt="vz" rel="hd" root="volgens" sense="volgens" vztype="init" word="Volgens"/>
        <node begin="1" cat="np" end="6" id="5" rel="obj1">
          <node begin="1" end="2" frame="determiner(de)" his="normal" his_1="normal" id="6" infl="de" lcat="detp" lemma="de" lwtype="bep" naamval="stan" npagr="rest" pos="det" postag="LID(bep,stan,rest)" pt="lid" rel="det" root="de" sense="de" word="de"/>
          <node aform="base" begin="2" buiging="met-e" end="3" frame="adjective(e)" graad="basis" his="normal" his_1="normal" id="7" infl="e" lcat="ap" lemma="Kenyaans" naamval="stan" pos="adj" positie="prenom" postag="ADJ(prenom,basis,met-e,stan)" pt="adj" rel="mod" root="Kenyaans" sense="Kenyaans" vform="adj" word="Keniaanse"/>
          <node begin="3" end="4" frame="noun(de,count,sg)" gen="de" genus="zijd" getal="ev" graad="basis" his="normal" his_1="normal" id="8" lcat="np" lemma="krant" naamval="stan" ntype="soort" num="sg" pos="noun" postag="N(soort,ev,basis,zijd,stan)" pt="n" rel="hd" rnum="sg" root="krant" sense="krant" word="krant"/>
          <node begin="4" cat="mwu" end="6" his="name" his_1="not_begin" id="9" mwu_root="The Standard" mwu_sense="The Standard" rel="app">
            <node begin="4" end="5" frame="proper_name(both)" id="10" lcat="np" lemma="The" neclass="MISC" num="both" pos="name" postag="SPEC(deeleigen)" pt="spec" rel="mwp" root="The" sense="The" spectype="deeleigen" word="The"/>
            <node begin="5" end="6" frame="proper_name(both)" id="11" lcat="np" lemma="Standard" neclass="MISC" num="both" pos="name" postag="SPEC(deeleigen)" pt="spec" rel="mwp" root="Standard" sense="Standard" spectype="deeleigen" word="Standard"/>
          </node>
        </node>
      </node>
      <node begin="6" end="7" frame="verb('hebben/zijn',past(sg),ld_pp)" his="normal" his_1="normal" id="12" infl="sg" lcat="smain" lemma="lopen" pos="verb" postag="WW(pv,verl,ev)" pt="ww" pvagr="ev" pvtijd="verl" rel="hd" root="loop" sc="ld_pp" sense="loop" stype="declarative" tense="past" word="liep" wvorm="pv"/>
      <node begin="7" cat="np" end="10" id="13" rel="su">
        <node begin="7" end="8" frame="determiner(een)" his="normal" his_1="normal" id="14" infl="een" lcat="detp" lemma="een" lwtype="onbep" naamval="stan" npagr="agr" pos="det" postag="LID(onbep,stan,agr)" pt="lid" rel="det" root="een" sense="een" word="een"/>
        <node aform="base" begin="8" buiging="met-e" end="9" frame="adjective(e)" graad="basis" his="normal" his_1="normal" id="15" infl="e" lcat="ap" lemma="Kenyaans" naamval="stan" pos="adj" positie="prenom" postag="ADJ(prenom,basis,met-e,stan)" pt="adj" rel="mod" root="Kenyaans" sense="Kenyaans" vform="adj" word="Keniaanse"/>
        <node begin="9" end="10" frame="noun(de,count,sg)" gen="de" genus="zijd" getal="ev" graad="basis" his="compound" his_1="2" id="16" lcat="np" lemma="top_atleet" naamval="stan" ntype="soort" num="sg" pos="noun" postag="N(soort,ev,basis,zijd,stan)" pt="n" rel="hd" rnum="sg" root="top_atleet" sense="top_atleet" word="topatleet"/>
      </node>
      <node begin="10" cat="pp" end="13" id="17" rel="ld">
        <node begin="10" end="11" frame="preposition(tegen,[aan,in,op])" his="normal" his_1="normal" id="18" lcat="pp" lemma="tegen" pos="prep" postag="VZ(init)" pt="vz" rel="hd" root="tegen" sense="tegen" vztype="init" word="tegen"/>
        <node begin="11" cat="np" end="13" id="19" rel="obj1">
          <node begin="11" end="12" frame="determiner(de)" his="normal" his_1="normal" id="20" infl="de" lcat="detp" lemma="de" lwtype="bep" naamval="stan" npagr="rest" pos="det" postag="LID(bep,stan,rest)" pt="lid" rel="det" root="de" sense="de" word="de"/>
          <node begin="12" end="13" frame="noun(de,count,sg)" gen="de" genus="zijd" getal="ev" graad="basis" his="normal" his_1="normal" id="21" lcat="np" lemma="lamp" naamval="stan" ntype="soort" num="sg" pos="noun" postag="N(soort,ev,basis,zijd,stan)" pt="n" rel="hd" rnum="sg" root="lamp" sense="lamp" word="lamp"/>
        </node>
      </node>
      <node begin="14" cat="cp" end="23" id="22" rel="mod">
        <node begin="14" end="15" frame="complementizer(inf)" his="normal" his_1="normal" id="23" lcat="cp" lemma="zonder" pos="comp" postag="VZ(init)" pt="vz" rel="cmp" root="zonder" sc="inf" sense="zonder" vztype="init" word="zonder"/>
        <node begin="15" cat="ti" end="23" id="24" rel="body">
          <node begin="21" end="22" frame="complementizer(te)" his="normal" his_1="normal" id="25" lcat="ti" lemma="te" pos="comp" postag="VZ(init)" pt="vz" rel="cmp" root="te" sc="te" sense="te" vztype="init" word="te"/>
          <node begin="15" cat="inf" end="23" id="26" rel="body">
            <node begin="15" end="16" frame="er_adverb(bij)" his="normal" his_1="normal" id="27" lcat="pp" lemma="daarbij" pos="pp" postag="BW()" pt="bw" rel="mod" root="daarbij" sense="daarbij" special="er" word="daarbij"/>
            <node begin="16" cat="np" end="21" id="28" rel="obj1">
              <node begin="16" end="17" frame="determiner(de)" his="normal" his_1="normal" id="29" infl="de" lcat="detp" lemma="de" lwtype="bep" naamval="stan" npagr="rest" pos="det" postag="LID(bep,stan,rest)" pt="lid" rel="det" root="de" sense="de" word="de"/>
              <node begin="17" end="18" frame="noun(de,count,sg)" gen="de" genus="zijd" getal="ev" graad="basis" his="normal" his_1="normal" id="30" lcat="np" lemma="identiteit" naamval="stan" ntype="soort" num="sg" pos="noun" postag="N(soort,ev,basis,zijd,stan)" pt="n" rel="hd" rnum="sg" root="identiteit" sense="identiteit" word="identiteit"/>
              <node begin="18" cat="pp" end="21" id="31" rel="mod">
                <node begin="18" end="19" frame="preposition(van,[af,uit,vandaan,[af,aan]])" his="normal" his_1="normal" id="32" lcat="pp" lemma="van" pos="prep" postag="VZ(init)" pt="vz" rel="hd" root="van" sense="van" vztype="init" word="van"/>
                <node begin="19" cat="np" end="21" id="33" rel="obj1">
                  <node begin="19" end="20" frame="determiner(de)" his="normal" his_1="normal" id="34" infl="de" lcat="detp" lemma="de" lwtype="bep" naamval="stan" npagr="rest" pos="det" postag="LID(bep,stan,rest)" pt="lid" rel="det" root="de" sense="de" word="de"/>
                  <node begin="20" end="21" frame="noun(de,count,sg)" gen="de" genus="zijd" getal="ev" graad="basis" his="normal" his_1="normal" id="35" lcat="np" lemma="sporter" naamval="stan" ntype="soort" num="sg" pos="noun" postag="N(soort,ev,basis,zijd,stan)" pt="n" rel="hd" rnum="sg" root="sporter" sense="sporter" word="sporter"/>
                </node>
              </node>
            </node>
            <node begin="22" buiging="zonder" end="23" frame="verb(hebben,inf,transitive)" his="normal" his_1="normal" id="36" infl="inf" lcat="inf" lemma="onthullen" pos="verb" positie="vrij" postag="WW(inf,vrij,zonder)" pt="ww" rel="hd" root="onthul" sc="transitive" sense="onthul" word="onthullen" wvorm="inf"/>
          </node>
        </node>
      </node>
    </node>
    <node begin="23" end="24" frame="punct(punt)" his="normal" his_1="normal" id="37" lcat="punct" lemma="." pos="punct" postag="LET()" pt="let" rel="--" root="." sense="." special="punt" word="."/>
  </node>
  <sentence sentid="3">Volgens de Keniaanse krant The Standard liep een Keniaanse topatleet tegen de lamp , zonder daarbij de identiteit van de sporter te onthullen .</sentence>
  <comments>
    <comment>Q#3|Volgens de Keniaanse krant The Standard liep een Keniaanse topatleet tegen de lamp , zonder daarbij de identiteit van de sporter te onthullen .|1|1|-15.509572377350006</comment>
  </comments>
</alpino_ds>
