<?xml version="1.0" encoding="UTF-8"?>
<alpino_ds version="1.6">
  <parser cats="1" skips="0" />
  <node begin="0" cat="top" end="4" id="0" rel="top">
    <node begin="0" cat="smain" end="4" id="1" rel="--">
      <node begin="0" cat="mwu" end="2" his="normal" his_1="english_compound" id="2" index="1" mwu_root="uitbater_stad_boerderij" mwu_sense="uitbater_stad_boerderij" rel="su">
        <node begin="0" end="1" frame="noun(de,count,sg)" gen="de" genus="zijd" getal="ev" graad="basis" id="3" lcat="np" lemma="Uitbater" naamval="stan" ntype="soort" num="sg" pos="noun" postag="N(soort,ev,basis,zijd,stan)" pt="n" rel="mwp" rnum="sg" root="Uitbater" sense="Uitbater" word="Uitbater"/>
        <node begin="1" end="2" frame="noun(de,count,sg)" gen="de" genus="zijd" getal="ev" graad="basis" id="4" lcat="np" lemma="stadsboerderij" naamval="stan" ntype="soort" num="sg" pos="noun" postag="N(soort,ev,basis,zijd,stan)" pt="n" rel="mwp" rnum="sg" root="stadsboerderij" sense="stadsboerderij" word="stadsboerderij"/>
      </node>
      <node begin="2" end="3" frame="verb(hebben,sg,modifier(aux(inf)))" his="normal" his_1="normal" id="5" infl="sg" lcat="smain" lemma="mogen" pos="verb" postag="WW(pv,tgw,ev)" pt="ww" pvagr="ev" pvtijd="tgw" rel="hd" root="mag" sc="modifier(aux(inf))" sense="mag" stype="declarative" tense="present" word="mag" wvorm="pv"/>
      <node begin="0" cat="inf" end="4" id="6" rel="vc">
        <node begin="0" end="2" id="7" index="1" rel="su"/>
        <node begin="3" buiging="zonder" end="4" frame="verb(hebben,inf,ninv(intransitive,part_intransitive(in)))" his="normal" his_1="part-V" id="8" infl="inf" lcat="inf" lemma="in_pakken" pos="verb" positie="vrij" postag="WW(inf,vrij,zonder)" pt="ww" rel="hd" root="pak_in" sc="part_intransitive(in)" sense="pak_in" word="inpakken" wvorm="inf"/>
      </node>
    </node>
  </node>
  <sentence sentid="1">Uitbater stadsboerderij mag inpakken</sentence>
  <comments>
    <comment>Q#1|Uitbater stadsboerderij mag inpakken|1|1|1.3174783087300006</comment>
  </comments>
</alpino_ds>
