<?xml version="1.0" encoding="UTF-8"?>
<alpino_ds version="1.6">
  <parser cats="1" skips="0" />
  <node begin="0" cat="top" end="21" id="0" rel="top">
    <node begin="0" cat="conj" end="20" id="1" rel="--">
      <node begin="0" cat="smain" end="12" id="2" rel="cnj">
        <node begin="0" cat="np" end="3" id="3" index="1" rel="su">
          <node begin="0" end="1" frame="determiner(het,nwh,nmod,pro,nparg,wkpro)" his="normal" his_1="decap" his_1_1="normal" id="4" infl="het" lcat="detp" lemma="het" lwtype="bep" naamval="stan" npagr="evon" pos="det" postag="LID(bep,stan,evon)" pt="lid" rel="det" root="het" sense="het" wh="nwh" word="Het"/>
          <node aform="base" begin="1" buiging="met-e" end="2" frame="adjective(e)" graad="basis" his="normal" his_1="normal" id="5" infl="e" lcat="ap" lemma="Antwerps" naamval="stan" pos="adj" positie="prenom" postag="ADJ(prenom,basis,met-e,stan)" pt="adj" rel="mod" root="Antwerps" sense="Antwerps" vform="adj" word="Antwerpse"/>
          <node begin="2" end="3" frame="noun(het,count,sg)" gen="het" genus="onz" getal="ev" graad="basis" his="normal" his_1="normal" id="6" lcat="np" lemma="schepen_college" naamval="stan" ntype="soort" num="sg" pos="noun" postag="N(soort,ev,basis,onz,stan)" pt="n" rel="hd" rnum="sg" root="schepen_college" sense="schepen_college" word="schepencollege"/>
        </node>
        <node begin="3" end="4" frame="verb(hebben,modal_not_u,modifier(aux(inf)))" his="normal" his_1="normal" id="7" infl="modal_not_u" lcat="smain" lemma="willen" pos="verb" postag="WW(pv,tgw,ev)" pt="ww" pvagr="ev" pvtijd="tgw" rel="hd" root="wil" sc="modifier(aux(inf))" sense="wil" tense="present" word="wil" wvorm="pv"/>
        <node begin="0" cat="inf" end="12" id="8" rel="vc">
          <node begin="0" end="3" id="9" index="1" rel="su"/>
          <node begin="4" cat="np" end="11" id="10" rel="obj1">
            <node begin="4" end="5" frame="determiner(de)" his="normal" his_1="normal" id="11" infl="de" lcat="detp" lemma="de" lwtype="bep" naamval="stan" npagr="rest" pos="det" postag="LID(bep,stan,rest)" pt="lid" rel="det" root="de" sense="de" word="de"/>
            <node begin="5" end="6" frame="noun(de,count,sg)" gen="de" genus="zijd" getal="ev" graad="basis" his="compound" his_1="2" id="12" lcat="np" lemma="erfpacht_overeenkomst" naamval="stan" ntype="soort" num="sg" pos="noun" postag="N(soort,ev,basis,zijd,stan)" pt="n" rel="hd" rnum="sg" root="erfpacht_overeenkomst" sense="erfpacht_overeenkomst" word="erfpachtovereenkomst"/>
            <node begin="6" cat="pp" end="11" id="13" rel="mod">
              <node begin="6" end="7" frame="preposition(van,[af,uit,vandaan,[af,aan]])" his="normal" his_1="normal" id="14" lcat="pp" lemma="van" pos="prep" postag="VZ(init)" pt="vz" rel="hd" root="van" sense="van" vztype="init" word="van"/>
              <node begin="7" cat="np" end="11" id="15" rel="obj1">
                <node begin="7" end="8" frame="determiner(de)" his="normal" his_1="normal" id="16" infl="de" lcat="detp" lemma="de" lwtype="bep" naamval="stan" npagr="rest" pos="det" postag="LID(bep,stan,rest)" pt="lid" rel="det" root="de" sense="de" word="de"/>
                <node begin="8" end="9" frame="noun(de,count,sg)" gen="de" genus="zijd" getal="ev" graad="basis" his="compound" his_1="2" id="17" lcat="np" lemma="stad_boerderij" naamval="stan" ntype="soort" num="sg" pos="noun" postag="N(soort,ev,basis,zijd,stan)" pt="n" rel="hd" rnum="sg" root="stad_boerderij" sense="stad_boerderij" word="stadsboerderij"/>
                <node begin="9" cat="pp" end="11" id="18" rel="mod">
                  <node begin="9" end="10" frame="preposition(met,[mee,[en,al]])" his="normal" his_1="normal" id="19" lcat="pp" lemma="met" pos="prep" postag="VZ(init)" pt="vz" rel="hd" root="met" sense="met" vztype="init" word="met"/>
                  <node begin="10" end="11" frame="proper_name(sg,'PER')" genus="zijd" getal="ev" graad="basis" his="name" his_1="not_begin" id="20" lcat="np" lemma="Greenmarx" naamval="stan" neclass="PER" ntype="eigen" num="sg" pos="name" postag="N(eigen,ev,basis,zijd,stan)" pt="n" rel="obj1" rnum="sg" root="Greenmarx" sense="Greenmarx" word="Greenmarx"/>
                </node>
              </node>
            </node>
          </node>
          <node begin="11" buiging="zonder" end="12" frame="verb(hebben,inf,transitive)" his="normal" his_1="normal" id="21" infl="inf" lcat="inf" lemma="ontbinden" pos="verb" positie="vrij" postag="WW(inf,vrij,zonder)" pt="ww" rel="hd" root="ontbind" sc="transitive" sense="ontbind" word="ontbinden" wvorm="inf"/>
        </node>
      </node>
      <node begin="12" conjtype="neven" end="13" frame="conj(en)" his="normal" his_1="normal" id="22" lcat="vg" lemma="en" pos="vg" postag="VG(neven)" pt="vg" rel="crd" root="en" sense="en" word="en"/>
      <node begin="0" cat="smain" end="20" id="23" rel="cnj">
        <node begin="0" end="3" id="24" index="1" rel="su"/>
        <node begin="13" end="14" frame="verb(hebben,sg3,transitive)" his="normal" his_1="normal" id="25" infl="sg3" lcat="smain" lemma="vragen" pos="verb" postag="WW(pv,tgw,met-t)" pt="ww" pvagr="met-t" pvtijd="tgw" rel="hd" root="vraag" sc="transitive" sense="vraag" tense="present" word="vraagt" wvorm="pv"/>
        <node begin="14" end="15" frame="er_adverb(voor)" his="normal" his_1="normal" id="26" lcat="pp" lemma="daarvoor" pos="pp" postag="BW()" pt="bw" rel="mod" root="daarvoor" sense="daarvoor" special="er" word="daarvoor"/>
        <node begin="15" cat="np" end="20" id="27" rel="obj1">
          <node begin="15" end="16" frame="determiner(de)" his="normal" his_1="normal" id="28" infl="de" lcat="detp" lemma="de" lwtype="bep" naamval="stan" npagr="rest" pos="det" postag="LID(bep,stan,rest)" pt="lid" rel="det" root="de" sense="de" word="de"/>
          <node begin="16" end="17" frame="noun(de,count,sg)" gen="de" genus="zijd" getal="ev" graad="basis" his="normal" his_1="normal" id="29" lcat="np" lemma="goedkeuring" naamval="stan" ntype="soort" num="sg" pos="noun" postag="N(soort,ev,basis,zijd,stan)" pt="n" rel="hd" rnum="sg" root="goedkeuring" sense="goedkeuring" word="goedkeuring"/>
          <node begin="17" cat="pp" end="20" id="30" rel="mod">
            <node begin="17" end="18" frame="preposition(van,[af,uit,vandaan,[af,aan]])" his="normal" his_1="normal" id="31" lcat="pp" lemma="van" pos="prep" postag="VZ(init)" pt="vz" rel="hd" root="van" sense="van" vztype="init" word="van"/>
            <node begin="18" cat="np" end="20" id="32" rel="obj1">
              <node begin="18" end="19" frame="determiner(de)" his="normal" his_1="normal" id="33" infl="de" lcat="detp" lemma="de" lwtype="bep" naamval="stan" npagr="rest" pos="det" postag="LID(bep,stan,rest)" pt="lid" rel="det" root="de" sense="de" word="de"/>
              <node begin="19" end="20" frame="noun(de,count,sg)" gen="de" genus="zijd" getal="ev" graad="basis" his="normal" his_1="normal" id="34" lcat="np" lemma="gemeente_raad" naamval="stan" ntype="soort" num="sg" pos="noun" postag="N(soort,ev,basis,zijd,stan)" pt="n" rel="hd" rnum="sg" root="gemeente_raad" sense="gemeente_raad" word="gemeenteraad"/>
            </node>
          </node>
        </node>
      </node>
    </node>
    <node begin="20" end="21" frame="punct(punt)" his="normal" his_1="normal" id="35" lcat="punct" lemma="." pos="punct" postag="LET()" pt="let" rel="--" root="." sense="." special="punt" word="."/>
  </node>
  <sentence sentid="2">Het Antwerpse schepencollege wil de erfpachtovereenkomst van de stadsboerderij met Greenmarx ontbinden en vraagt daarvoor de goedkeuring van de gemeenteraad .</sentence>
  <comments>
    <comment>Q#2|Het Antwerpse schepencollege wil de erfpachtovereenkomst van de stadsboerderij met Greenmarx ontbinden en vraagt daarvoor de goedkeuring van de gemeenteraad .|1|1|-8.764932067750005</comment>
  </comments>
</alpino_ds>
