<?xml version="1.0" encoding="UTF-8"?>
<alpino_ds version="1.6">
  <parser cats="1" skips="0" />
  <node begin="0" cat="top" end="15" id="0" rel="top">
    <node begin="0" cat="smain" end="14" id="1" rel="--">
      <node begin="0" end="1" frame="er_vp_adverb" getal="getal" his="normal" his_1="decap" his_1_1="normal" id="2" lcat="advp" lemma="er" naamval="stan" pdtype="adv-pron" persoon="3" pos="adv" postag="VNW(aanw,adv-pron,stan,red,3,getal)" pt="vnw" rel="mod" root="er" sense="er" special="er" status="red" vwtype="aanw" word="Er"/>
      <node begin="1" end="2" frame="verb(unacc,past(pl),intransitive)" his="normal" his_1="normal" id="3" infl="pl" lcat="smain" lemma="zijn" pos="verb" postag="WW(pv,verl,mv)" pt="ww" pvagr="mv" pvtijd="verl" rel="hd" root="ben" sc="intransitive" sense="ben" stype="declarative" tense="past" word="waren" wvorm="pv"/>
      <node begin="2" cat="np" end="14" id="4" rel="su">
        <node aform="base" begin="2" buiging="met-e" end="3" frame="adjective(e)" graad="basis" his="normal" his_1="normal" id="5" infl="e" lcat="ap" lemma="herhaaldelijk" naamval="stan" pos="adj" positie="prenom" postag="ADJ(prenom,basis,met-e,stan)" pt="adj" rel="mod" root="herhaaldelijk" sense="herhaaldelijk" vform="adj" word="herhaaldelijke"/>
        <node begin="3" end="4" frame="noun(de,count,pl)" gen="de" getal="mv" graad="basis" his="normal" his_1="normal" id="6" lcat="np" lemma="inbreuk" ntype="soort" num="pl" pos="noun" postag="N(soort,mv,basis)" pt="n" rel="hd" rnum="pl" root="inbreuk" sense="inbreuk" word="inbreuken"/>
        <node begin="4" cat="rel" end="14" id="7" rel="mod">
          <node begin="4" case="no_obl" end="5" frame="rel_pronoun(de,no_obl)" gen="de" getal="getal" his="normal" his_1="normal" id="8" index="1" lcat="np" lemma="die" naamval="stan" pdtype="pron" persoon="persoon" pos="pron" postag="VNW(betr,pron,stan,vol,persoon,getal)" pt="vnw" rel="rhd" rnum="pl" root="die" sense="die" status="vol" vwtype="betr" wh="rel" word="die"/>
          <node begin="4" cat="ssub" end="14" id="9" rel="body">
            <node begin="4" end="5" id="10" index="1" rel="su"/>
            <node begin="7" end="8" frame="verb(unacc,pl,copula)" his="normal" his_1="normal" id="11" infl="pl" lcat="ssub" lemma="zijn" pos="verb" postag="WW(pv,tgw,mv)" pt="ww" pvagr="mv" pvtijd="tgw" rel="hd" root="ben" sc="copula" sense="ben" tense="present" word="zijn" wvorm="pv"/>
            <node begin="5" cat="ap" end="14" id="12" rel="predc">
              <node aform="base" begin="5" buiging="zonder" end="6" frame="adjective(no_e(adv))" graad="basis" his="normal" his_1="normal" id="13" infl="no_e" lcat="ap" lemma="zwaar" pos="adj" positie="vrij" postag="ADJ(vrij,basis,zonder)" pt="adj" rel="hd" root="zwaar" sense="zwaar" vform="adj" word="zwaar"/>
              <node begin="6" cat="advp" end="14" id="14" rel="mod">
                <node begin="6" end="7" frame="om_postadj_adverb" his="normal" his_1="normal" id="15" lcat="advp" lemma="genoeg" pos="adv" postag="BW()" pt="bw" rel="hd" root="genoeg" sc="om" sense="genoeg" special="postadj" word="genoeg"/>
                <node begin="8" cat="oti" end="14" id="16" rel="obcomp">
                  <node begin="8" end="9" frame="complementizer(om)" his="normal" his_1="normal" id="17" lcat="oti" lemma="om" pos="comp" postag="VZ(init)" pt="vz" rel="cmp" root="om" sc="om" sense="om" vztype="init" word="om"/>
                  <node begin="9" cat="ti" end="14" id="18" rel="body">
                    <node begin="9" end="10" frame="complementizer(te)" his="normal" his_1="normal" id="19" lcat="ti" lemma="te" pos="comp" postag="VZ(init)" pt="vz" rel="cmp" root="te" sc="te" sense="te" vztype="init" word="te"/>
                    <node begin="10" cat="inf" end="14" id="20" rel="body">
                      <node begin="10" buiging="zonder" end="11" frame="verb(hebben,inf,pc_pp(van))" his="normal" his_1="normal" id="21" infl="inf" lcat="inf" lemma="spreken" pos="verb" positie="vrij" postag="WW(inf,vrij,zonder)" pt="ww" rel="hd" root="spreek" sc="pc_pp(van)" sense="spreek-van" word="spreken" wvorm="inf"/>
                      <node begin="11" cat="pp" end="14" id="22" rel="pc">
                        <node begin="11" end="12" frame="preposition(van,[af,uit,vandaan,[af,aan]])" his="normal" his_1="normal" id="23" lcat="pp" lemma="van" pos="prep" postag="VZ(init)" pt="vz" rel="hd" root="van" sense="van" vztype="init" word="van"/>
                        <node begin="12" cat="np" end="14" id="24" rel="obj1">
                          <node begin="12" end="13" frame="determiner(een)" his="normal" his_1="normal" id="25" infl="een" lcat="detp" lemma="een" lwtype="onbep" naamval="stan" npagr="agr" pos="det" postag="LID(onbep,stan,agr)" pt="lid" rel="det" root="een" sense="een" word="een"/>
                          <node begin="13" end="14" frame="noun(de,count,sg)" gen="de" genus="zijd" getal="ev" graad="basis" his="normal" his_1="normal" id="26" lcat="np" lemma="vertrouwen_breuk" naamval="stan" ntype="soort" num="sg" pos="noun" postag="N(soort,ev,basis,zijd,stan)" pt="n" rel="hd" rnum="sg" root="vertrouwen_breuk" sense="vertrouwen_breuk" word="vertrouwensbreuk"/>
                        </node>
                      </node>
                    </node>
                  </node>
                </node>
              </node>
            </node>
          </node>
        </node>
      </node>
    </node>
    <node begin="14" end="15" frame="punct(punt)" his="normal" his_1="normal" id="27" lcat="punct" lemma="." pos="punct" postag="LET()" pt="let" rel="--" root="." sense="." special="punt" word="."/>
  </node>
  <sentence sentid="3">Er waren herhaaldelijke inbreuken die zwaar genoeg zijn om te spreken van een vertrouwensbreuk .</sentence>
  <comments>
    <comment>Q#3|Er waren herhaaldelijke inbreuken die zwaar genoeg zijn om te spreken van een vertrouwensbreuk .|1|1|-8.292505882549996</comment>
  </comments>
</alpino_ds>
