<?xml version="1.0" encoding="UTF-8"?>
<alpino_ds version="1.6">
  <parser cats="1" skips="0" />
  <node begin="0" cat="top" end="11" id="0" rel="top">
    <node begin="4" end="5" frame="punct(dubb_punt)" his="normal" his_1="normal" id="1" lcat="punct" lemma=":" pos="punct" postag="LET()" pt="let" rel="--" root=":" sense=":" special="dubb_punt" word=":"/>
    <node begin="0" cat="du" end="11" id="2" rel="--">
      <node begin="0" cat="pp" end="4" id="3" rel="nucl">
        <node begin="0" end="1" frame="preposition(ondanks,[])" his="normal" his_1="decap" his_1_1="normal" id="4" lcat="pp" lemma="ondanks" pos="prep" postag="VZ(init)" pt="vz" rel="hd" root="ondanks" sense="ondanks" vztype="init" word="Ondanks"/>
        <node begin="1" cat="np" end="4" id="5" rel="obj1">
          <node aform="base" begin="1" buiging="zonder" end="2" frame="adjective(no_e(adv))" graad="basis" his="form_of_suffix" his_1="ieel" id="6" infl="no_e" lcat="ap" lemma="initieel" pos="adj" positie="prenom" postag="ADJ(prenom,basis,zonder)" pt="adj" rel="mod" root="initieel" sense="initieel" vform="adj" word="initieel"/>
          <node begin="2" end="3" frame="noun(het,mass,sg)" gen="het" genus="onz" getal="ev" graad="basis" his="normal" his_1="normal" id="7" lcat="np" lemma="verzet" naamval="stan" ntype="soort" num="sg" pos="noun" postag="N(soort,ev,basis,onz,stan)" pt="n" rel="hd" rnum="sg" root="verzet" sense="verzet" word="verzet"/>
          <node begin="3" end="4" frame="proper_name(sg,'LOC')" genus="onz" getal="ev" graad="basis" his="normal" his_1="names_dictionary" id="8" lcat="np" lemma="Rusland" naamval="stan" neclass="LOC" ntype="eigen" num="sg" pos="name" postag="N(eigen,ev,basis,onz,stan)" pt="n" rel="app" rnum="sg" root="Rusland" sense="Rusland" word="Rusland"/>
        </node>
      </node>
      <node begin="5" cat="du" end="11" id="9" rel="sat">
        <node begin="5" end="6" frame="proper_name(sg,'ORG')" genus="zijd" getal="ev" graad="basis" his="normal" his_1="names_dictionary" id="10" lcat="np" lemma="VN-Veiligheidsraad" naamval="stan" neclass="ORG" ntype="eigen" num="sg" pos="name" postag="N(eigen,ev,basis,zijd,stan)" pt="n" rel="dp" rnum="sg" root="VN-Veiligheidsraad" sense="VN-Veiligheidsraad" word="VN-Veiligheidsraad"/>
        <node aform="base" begin="6" buiging="zonder" end="7" frame="adjective(no_e(adv))" graad="basis" his="normal" his_1="normal" id="11" infl="no_e" lcat="ap" lemma="unaniem" pos="adj" positie="vrij" postag="ADJ(vrij,basis,zonder)" pt="adj" rel="dp" root="unaniem" sense="unaniem" vform="adj" word="unaniem"/>
        <node begin="7" cat="pp" end="11" id="12" rel="dp">
          <node begin="7" end="8" frame="preposition(voor,[aan,door,uit,[in,de,plaats]])" his="normal" his_1="normal" id="13" lcat="pp" lemma="voor" pos="prep" postag="VZ(init)" pt="vz" rel="hd" root="voor" sense="voor" vztype="init" word="voor"/>
          <node begin="8" cat="np" end="11" id="14" rel="obj1">
            <node begin="8" end="9" frame="noun(de,count,sg)" gen="de" genus="zijd" getal="ev" graad="basis" his="normal" his_1="normal" id="15" lcat="np" lemma="wapenstilstand" naamval="stan" ntype="soort" num="sg" pos="noun" postag="N(soort,ev,basis,zijd,stan)" pt="n" rel="hd" rnum="sg" root="wapenstilstand" sense="wapenstilstand" word="wapenstilstand"/>
            <node begin="9" cat="pp" end="11" id="16" rel="mod">
              <node begin="9" end="10" frame="preposition(in,[])" his="normal" his_1="normal" id="17" lcat="pp" lemma="in" pos="prep" postag="VZ(init)" pt="vz" rel="hd" root="in" sense="in" vztype="init" word="in"/>
              <node begin="10" end="11" frame="proper_name(sg,'LOC')" genus="onz" getal="ev" graad="basis" his="normal" his_1="names_dictionary" id="18" lcat="np" lemma="Syrië" naamval="stan" neclass="LOC" ntype="eigen" num="sg" pos="name" postag="N(eigen,ev,basis,onz,stan)" pt="n" rel="obj1" rnum="sg" root="Syrië" sense="Syrië" word="Syrië"/>
            </node>
          </node>
        </node>
      </node>
    </node>
  </node>
  <sentence sentid="1">Ondanks initieel verzet Rusland : VN-Veiligheidsraad unaniem voor wapenstilstand in Syrië</sentence>
  <comments>
    <comment>Q#1|Ondanks initieel verzet Rusland : VN-Veiligheidsraad unaniem voor wapenstilstand in Syrië|1|1|6.065754960900001</comment>
  </comments>
</alpino_ds>
