<?xml version="1.0" encoding="UTF-8"?>
<alpino_ds version="1.6">
  <parser cats="1" skips="0" />
  <node begin="0" cat="top" end="22" id="0" rel="top">
    <node begin="0" cat="smain" end="21" id="1" rel="--">
      <node begin="0" cat="np" end="2" id="2" index="1" rel="su">
        <node begin="0" end="1" frame="determiner(de)" his="normal" his_1="decap" his_1_1="normal" id="3" infl="de" lcat="detp" lemma="de" lwtype="bep" naamval="stan" npagr="rest" pos="det" postag="LID(bep,stan,rest)" pt="lid" rel="det" root="de" sense="de" word="De"/>
        <node begin="1" end="2" frame="noun(de,count,sg)" gen="de" genus="zijd" getal="ev" graad="basis" his="compound" his_1="hyphen" id="4" lcat="np" lemma="VN_veiligheid_raad" naamval="stan" ntype="soort" num="sg" pos="noun" postag="N(soort,ev,basis,zijd,stan)" pt="n" rel="hd" rnum="sg" root="VN_veiligheid_raad" sense="VN_veiligheid_raad" word="VN-veiligheidsraad"/>
      </node>
      <node begin="2" end="3" frame="verb(hebben,sg_heeft,aux_psp_hebben)" his="normal" his_1="normal" id="5" infl="sg_heeft" lcat="smain" lemma="hebben" pos="verb" postag="WW(pv,tgw,met-t)" pt="ww" pvagr="met-t" pvtijd="tgw" rel="hd" root="heb" sc="aux_psp_hebben" sense="heb" stype="declarative" tense="present" word="heeft" wvorm="pv"/>
      <node begin="0" cat="ppart" end="21" id="6" rel="vc">
        <node begin="0" end="2" id="7" index="1" rel="su"/>
        <node begin="3" end="4" frame="tmp_noun(de,count,sg)" gen="de" genus="zijd" getal="ev" graad="basis" his="normal" his_1="normal" id="8" lcat="np" lemma="zaterdag" naamval="stan" ntype="eigen" num="sg" pos="noun" postag="N(eigen,ev,basis,zijd,stan)" pt="n" rel="mod" rnum="sg" root="zaterdag" sense="zaterdag" special="tmp" word="zaterdag"/>
        <node aform="base" begin="4" buiging="zonder" end="5" frame="adjective(no_e(adv))" graad="basis" his="normal" his_1="normal" id="9" infl="no_e" lcat="ap" lemma="unaniem" pos="adj" positie="vrij" postag="ADJ(vrij,basis,zonder)" pt="adj" rel="mod" root="unaniem" sense="unaniem" vform="adj" word="unaniem"/>
        <node begin="7" buiging="zonder" end="8" frame="verb(hebben,psp,ninv(transitive,part_transitive(goed)))" his="normal" his_1="part-V" id="10" infl="psp" lcat="ppart" lemma="goed_keuren" pos="verb" positie="vrij" postag="WW(vd,vrij,zonder)" pt="ww" rel="hd" root="keur_goed" sc="part_transitive(goed)" sense="keur_goed" word="goedgekeurd" wvorm="vd"/>
        <node begin="5" cat="np" end="21" id="11" rel="obj1">
          <node begin="5" end="6" frame="determiner(een)" his="normal" his_1="normal" id="12" infl="een" lcat="detp" lemma="een" lwtype="onbep" naamval="stan" npagr="agr" pos="det" postag="LID(onbep,stan,agr)" pt="lid" rel="det" root="een" sense="een" word="een"/>
          <node begin="6" end="7" frame="noun(de,count,sg)" gen="de" genus="zijd" getal="ev" graad="basis" his="normal" his_1="normal" id="13" lcat="np" lemma="resolutie" naamval="stan" ntype="soort" num="sg" pos="noun" postag="N(soort,ev,basis,zijd,stan)" pt="n" rel="hd" rnum="sg" root="resolutie" sense="resolutie" word="resolutie"/>
          <node begin="8" cat="rel" end="21" id="14" rel="mod">
            <node begin="8" end="9" frame="waar_adverb(in)" his="normal" his_1="normal" id="15" index="2" lcat="pp" lemma="waarin" pos="pp" postag="BW()" pt="bw" rel="rhd" root="waarin" sense="waarin" special="waar" word="waarin"/>
            <node begin="8" cat="ssub" end="21" id="16" rel="body">
              <node begin="9" end="10" frame="verb(unacc,sg3,passive)" his="normal" his_1="normal" id="17" infl="sg3" lcat="ssub" lemma="worden" pos="verb" postag="WW(pv,tgw,met-t)" pt="ww" pvagr="met-t" pvtijd="tgw" rel="hd" root="word" sc="passive" sense="word" tense="present" word="wordt" wvorm="pv"/>
              <node begin="8" cat="ppart" end="21" id="18" rel="vc">
                <node begin="8" end="9" id="19" index="2" rel="mod"/>
                <node begin="10" buiging="zonder" end="11" frame="verb(hebben,psp,ninv(pc_pp(tot),part_pc_pp(op,tot)))" his="normal" his_1="part-V" id="20" infl="psp" lcat="ppart" lemma="op_roepen" pos="verb" positie="vrij" postag="WW(vd,vrij,zonder)" pt="ww" rel="hd" root="roep_op" sc="part_pc_pp(op,tot)" sense="roep_op-tot" word="opgeroepen" wvorm="vd"/>
                <node begin="11" cat="pp" end="21" id="21" rel="pc">
                  <node begin="11" end="12" frame="preposition(tot,[toe,[aan,toe]])" his="normal" his_1="normal" id="22" lcat="pp" lemma="tot" pos="prep" postag="VZ(init)" pt="vz" rel="hd" root="tot" sense="tot" vztype="init" word="tot"/>
                  <node begin="12" cat="np" end="21" id="23" rel="obj1">
                    <node begin="12" end="13" frame="determiner(een)" his="normal" his_1="normal" id="24" infl="een" lcat="detp" lemma="een" lwtype="onbep" naamval="stan" npagr="agr" pos="det" postag="LID(onbep,stan,agr)" pt="lid" rel="det" root="een" sense="een" word="een"/>
                    <node aform="base" begin="13" buiging="zonder" end="14" frame="adjective(no_e(adv))" graad="basis" his="normal" his_1="normal" id="25" infl="no_e" lcat="ap" lemma="onmiddellijk" pos="adj" positie="prenom" postag="ADJ(prenom,basis,zonder)" pt="adj" rel="mod" root="onmiddellijk" sense="onmiddellijk" vform="adj" word="onmiddellijk"/>
                    <node aform="base" begin="14" buiging="zonder" end="15" frame="adjective(no_e(adv))" graad="basis" his="normal" his_1="normal" id="26" infl="no_e" lcat="ap" lemma="humanitair" pos="adj" positie="prenom" postag="ADJ(prenom,basis,zonder)" pt="adj" rel="mod" root="humanitair" sense="humanitair" vform="adj" word="humanitair"/>
                    <node begin="15" end="16" frame="noun(both,mass,sg)" gen="both" genus="onz" getal="ev" graad="basis" his="normal" his_1="normal" id="27" lcat="np" lemma="staakt-het-vuren" naamval="stan" ntype="soort" num="sg" pos="noun" postag="N(soort,ev,basis,onz,stan)" pt="n" rel="hd" rnum="sg" root="staakt-het-vuren" sense="staakt-het-vuren" word="staakt-het-vuren"/>
                    <node begin="16" cat="pp" end="19" id="28" rel="mod">
                      <node begin="16" end="17" frame="preposition(van,[af,uit,vandaan,[af,aan]])" his="normal" his_1="normal" id="29" lcat="pp" lemma="van" pos="prep" postag="VZ(init)" pt="vz" rel="hd" root="van" sense="van" vztype="init" word="van"/>
                      <node begin="17" cat="np" end="19" id="30" rel="obj1">
                        <node begin="17" end="18" frame="number(hoofd(pl_num))" his="normal" his_1="normal" id="31" infl="pl_num" lcat="detp" lemma="dertig" naamval="stan" numtype="hoofd" pos="num" positie="prenom" postag="TW(hoofd,prenom,stan)" pt="tw" rel="det" root="dertig" sense="dertig" special="hoofd" word="dertig"/>
                        <node begin="18" end="19" frame="tmp_noun(de,count,pl)" gen="de" getal="mv" graad="basis" his="normal" his_1="normal" id="32" lcat="np" lemma="dag" ntype="soort" num="pl" pos="noun" postag="N(soort,mv,basis)" pt="n" rel="hd" rnum="pl" root="dag" sense="dag" special="tmp" word="dagen"/>
                      </node>
                    </node>
                    <node begin="19" cat="pp" end="21" id="33" rel="mod">
                      <node begin="19" end="20" frame="preposition(in,[])" his="normal" his_1="normal" id="34" lcat="pp" lemma="in" pos="prep" postag="VZ(init)" pt="vz" rel="hd" root="in" sense="in" vztype="init" word="in"/>
                      <node begin="20" end="21" frame="proper_name(sg,'LOC')" genus="onz" getal="ev" graad="basis" his="normal" his_1="names_dictionary" id="35" lcat="np" lemma="Syrië" naamval="stan" neclass="LOC" ntype="eigen" num="sg" pos="name" postag="N(eigen,ev,basis,onz,stan)" pt="n" rel="obj1" rnum="sg" root="Syrië" sense="Syrië" word="Syrië"/>
                    </node>
                  </node>
                </node>
              </node>
            </node>
          </node>
        </node>
      </node>
    </node>
    <node begin="21" end="22" frame="punct(punt)" his="normal" his_1="normal" id="36" lcat="punct" lemma="." pos="punct" postag="LET()" pt="let" rel="--" root="." sense="." special="punt" word="."/>
  </node>
  <sentence sentid="2">De VN-veiligheidsraad heeft zaterdag unaniem een resolutie goedgekeurd waarin wordt opgeroepen tot een onmiddellijk humanitair staakt-het-vuren van dertig dagen in Syrië .</sentence>
  <comments>
    <comment>Q#2|De VN-veiligheidsraad heeft zaterdag unaniem een resolutie goedgekeurd waarin wordt opgeroepen tot een onmiddellijk humanitair staakt-het-vuren van dertig dagen in Syrië .|1|1|-17.829741925239993</comment>
  </comments>
</alpino_ds>
