<?xml version="1.0" encoding="UTF-8"?>
<alpino_ds version="1.6">
  <parser cats="1" skips="0" />
  <node begin="0" cat="top" end="8" id="0" rel="top">
    <node begin="0" cat="smain" end="8" id="1" rel="--">
      <node begin="0" cat="np" end="5" id="2" index="1" rel="su">
        <node begin="0" end="1" frame="modal_adverb" his="normal" his_1="decap" his_1_1="normal" id="3" lcat="advp" lemma="ook" pos="adv" postag="BW()" pt="bw" rel="mod" root="ook" sc="modal" sense="ook" word="Ook"/>
        <node aform="base" begin="1" buiging="met-e" end="2" frame="adjective(e)" graad="basis" his="normal" his_1="normal" id="4" infl="e" lcat="ap" lemma="Waals" naamval="stan" pos="adj" positie="prenom" postag="ADJ(prenom,basis,met-e,stan)" pt="adj" rel="mod" root="Waals" sense="Waals" vform="adj" word="Waalse"/>
        <node begin="2" end="3" frame="noun(de,count,sg)" gen="de" genus="zijd" getal="ev" graad="basis" his="normal" his_1="normal" id="5" lcat="np" lemma="minister" naamval="stan" ntype="soort" num="sg" pos="noun" postag="N(soort,ev,basis,zijd,stan)" pt="n" rel="hd" rnum="sg" root="minister" sense="minister" word="minister"/>
        <node begin="3" cat="pp" end="5" id="6" rel="mod">
          <node begin="3" end="4" frame="preposition(van,[af,uit,vandaan,[af,aan]])" his="normal" his_1="normal" id="7" lcat="pp" lemma="van" pos="prep" postag="VZ(init)" pt="vz" rel="hd" root="van" sense="van" vztype="init" word="van"/>
          <node begin="4" end="5" frame="proper_name(both,'ORG')" genus="zijd" getal="ev" graad="basis" his="name" his_1="not_begin" id="8" lcat="np" lemma="Dierenwelzijn" naamval="stan" neclass="ORG" ntype="eigen" num="both" pos="name" postag="N(eigen,ev,basis,zijd,stan)" pt="n" rel="obj1" rnum="sg" root="Dierenwelzijn" sense="Dierenwelzijn" word="Dierenwelzijn"/>
        </node>
      </node>
      <node begin="5" end="6" frame="verb(hebben,modal_not_u,modifier(aux(inf)))" his="normal" his_1="normal" id="9" infl="modal_not_u" lcat="smain" lemma="willen" pos="verb" postag="WW(pv,tgw,ev)" pt="ww" pvagr="ev" pvtijd="tgw" rel="hd" root="wil" sc="modifier(aux(inf))" sense="wil" stype="declarative" tense="present" word="wil" wvorm="pv"/>
      <node begin="0" cat="inf" end="8" id="10" rel="vc">
        <node begin="0" end="5" id="11" index="1" rel="su"/>
        <node begin="6" buiging="zonder" end="7" frame="v_noun(intransitive)" getal-n="zonder-n" his="compound" his_1="2" id="12" lcat="np" lemma="dwang_voederen" pos="verb" positie="nom" postag="WW(inf,nom,zonder,zonder-n)" pt="ww" rel="obj1" rnum="sg" root="dwang_voeder" sc="intransitive" sense="dwang_voeder" special="v_noun" word="dwangvoederen" wvorm="inf"/>
        <node begin="7" buiging="zonder" end="8" frame="verb(hebben,inf,transitive)" his="normal" his_1="normal" id="13" infl="inf" lcat="inf" lemma="verbieden" pos="verb" positie="vrij" postag="WW(inf,vrij,zonder)" pt="ww" rel="hd" root="verbied" sc="transitive" sense="verbied" word="verbieden" wvorm="inf"/>
      </node>
    </node>
  </node>
  <sentence sentid="1">Ook Waalse minister van Dierenwelzijn wil dwangvoederen verbieden</sentence>
  <comments>
    <comment>Q#1|Ook Waalse minister van Dierenwelzijn wil dwangvoederen verbieden|1|1|-7.390144992740003</comment>
  </comments>
</alpino_ds>
