<?xml version="1.0" encoding="UTF-8"?>
<alpino_ds version="1.6">
  <parser cats="1" skips="0" />
  <node begin="0" cat="top" end="34" id="0" rel="top">
    <node begin="6" end="7" frame="punct(komma)" his="normal" his_1="normal" id="1" lcat="punct" lemma="," pos="punct" postag="LET()" pt="let" rel="--" root="," sense="," special="komma" word=","/>
    <node begin="9" end="10" frame="punct(komma)" his="normal" his_1="normal" id="2" lcat="punct" lemma="," pos="punct" postag="LET()" pt="let" rel="--" root="," sense="," special="komma" word=","/>
    <node begin="19" end="20" frame="punct(haak_open)" his="normal" his_1="normal" id="3" lcat="punct" lemma="(" pos="punct" postag="LET()" pt="let" rel="--" root="(" sense="(" special="haak_open" word="("/>
    <node begin="21" end="22" frame="punct(haak_sluit)" his="normal" his_1="normal" id="4" lcat="punct" lemma=")" pos="punct" postag="LET()" pt="let" rel="--" root=")" sense=")" special="haak_sluit" word=")"/>
    <node begin="0" cat="du" end="33" id="5" rel="--">
      <node begin="0" cat="pp" end="6" id="6" rel="sat">
        <node begin="0" end="1" frame="preposition(tegen,[aan,in,op])" his="normal" his_1="decap" his_1_1="normal" id="7" lcat="pp" lemma="tegen" pos="prep" postag="VZ(init)" pt="vz" rel="hd" root="tegen" sense="tegen" vztype="init" word="Tegen"/>
        <node begin="1" cat="np" end="6" id="8" rel="obj1">
          <node begin="1" end="2" frame="determiner(het,nwh,nmod,pro,nparg,wkpro)" his="normal" his_1="normal" id="9" infl="het" lcat="detp" lemma="het" lwtype="bep" naamval="stan" npagr="evon" pos="det" postag="LID(bep,stan,evon)" pt="lid" rel="det" root="het" sense="het" wh="nwh" word="het"/>
          <node begin="2" end="3" frame="tmp_noun(het,count,sg)" gen="het" genus="onz" getal="ev" graad="basis" his="normal" his_1="normal" id="10" lcat="np" lemma="einde" naamval="stan" ntype="soort" num="sg" pos="noun" postag="N(soort,ev,basis,onz,stan)" pt="n" rel="hd" rnum="sg" root="einde" sense="einde" special="tmp" word="einde"/>
          <node begin="3" cat="pp" end="6" id="11" rel="mod">
            <node begin="3" end="4" frame="preposition(van,[af,uit,vandaan,[af,aan]])" his="normal" his_1="normal" id="12" lcat="pp" lemma="van" pos="prep" postag="VZ(init)" pt="vz" rel="hd" root="van" sense="van" vztype="init" word="van"/>
            <node begin="4" cat="np" end="6" id="13" rel="obj1">
              <node begin="4" buiging="met-e" end="5" frame="determiner(de,nwh,nmod,pro,nparg)" his="normal" his_1="normal" id="14" infl="de" lcat="detp" lemma="deze" naamval="stan" npagr="rest" pdtype="det" pos="det" positie="prenom" postag="VNW(aanw,det,stan,prenom,met-e,rest)" pt="vnw" rel="det" root="deze" sense="deze" vwtype="aanw" wh="nwh" word="deze"/>
              <node begin="5" end="6" frame="tmp_noun(de,count,sg)" gen="de" genus="zijd" getal="ev" graad="basis" his="normal" his_1="normal" id="15" lcat="np" lemma="regeer_periode" naamval="stan" ntype="soort" num="sg" pos="noun" postag="N(soort,ev,basis,zijd,stan)" pt="n" rel="hd" rnum="sg" root="regeer_periode" sense="regeer_periode" special="tmp" word="regeerperiode"/>
            </node>
          </node>
        </node>
      </node>
      <node begin="7" cat="smain" end="33" id="16" rel="nucl">
        <node begin="10" end="11" frame="verb(hebben,modal_not_u,modifier(aux(inf)))" his="normal" his_1="normal" id="17" infl="modal_not_u" lcat="smain" lemma="willen" pos="verb" postag="WW(pv,tgw,ev)" pt="ww" pvagr="ev" pvtijd="tgw" rel="hd" root="wil" sc="modifier(aux(inf))" sense="wil" stype="declarative" tense="present" word="wil" wvorm="pv"/>
        <node begin="11" cat="np" end="21" id="18" index="1" rel="su">
          <node begin="11" end="12" frame="determiner(de)" his="normal" his_1="normal" id="19" infl="de" lcat="detp" lemma="de" lwtype="bep" naamval="stan" npagr="rest" pos="det" postag="LID(bep,stan,rest)" pt="lid" rel="det" root="de" sense="de" word="de"/>
          <node aform="base" begin="12" buiging="met-e" end="13" frame="adjective(e)" graad="basis" his="normal" his_1="normal" id="20" infl="e" lcat="ap" lemma="Waals" naamval="stan" pos="adj" positie="prenom" postag="ADJ(prenom,basis,met-e,stan)" pt="adj" rel="mod" root="Waals" sense="Waals" vform="adj" word="Waalse"/>
          <node begin="13" end="14" frame="noun(de,count,sg)" gen="de" genus="zijd" getal="ev" graad="basis" his="normal" his_1="normal" id="21" lcat="np" lemma="minister" naamval="stan" ntype="soort" num="sg" pos="noun" postag="N(soort,ev,basis,zijd,stan)" pt="n" rel="hd" rnum="sg" root="minister" sense="minister" word="minister"/>
          <node begin="14" cat="pp" end="21" id="22" rel="mod">
            <node begin="14" end="15" frame="preposition(van,[af,uit,vandaan,[af,aan]])" his="normal" his_1="normal" id="23" lcat="pp" lemma="van" pos="prep" postag="VZ(init)" pt="vz" rel="hd" root="van" sense="van" vztype="init" word="van"/>
            <node begin="15" cat="np" end="21" id="24" rel="obj1">
              <node begin="15" cat="mwu" end="19" his="name" his_1="not_begin" id="25" mwu_root="Dierenwelzijn Carlo Di Antonio" mwu_sense="Dierenwelzijn Carlo Di Antonio" rel="hd">
                <node begin="15" end="16" frame="proper_name(both,'ORG')" id="26" lcat="np" lemma="Dierenwelzijn" neclass="ORG" num="both" pos="name" postag="SPEC(deeleigen)" pt="spec" rel="mwp" rnum="sg" root="Dierenwelzijn" sense="Dierenwelzijn" spectype="deeleigen" word="Dierenwelzijn"/>
                <node begin="16" end="17" frame="proper_name(both,'ORG')" id="27" lcat="np" lemma="Carlo" neclass="ORG" num="both" pos="name" postag="SPEC(deeleigen)" pt="spec" rel="mwp" rnum="sg" root="Carlo" sense="Carlo" spectype="deeleigen" word="Carlo"/>
                <node begin="17" end="18" frame="proper_name(both,'ORG')" id="28" lcat="np" lemma="Di" neclass="ORG" num="both" pos="name" postag="SPEC(deeleigen)" pt="spec" rel="mwp" rnum="sg" root="Di" sense="Di" spectype="deeleigen" word="Di"/>
                <node begin="18" end="19" frame="proper_name(both,'ORG')" id="29" lcat="np" lemma="Antonio" neclass="ORG" num="both" pos="name" postag="SPEC(deeleigen)" pt="spec" rel="mwp" rnum="sg" root="Antonio" sense="Antonio" spectype="deeleigen" word="Antonio"/>
              </node>
              <node begin="20" end="21" frame="proper_name(both,'ORG')" genus="zijd" getal="ev" graad="basis" his="name" his_1="not_begin" id="30" lcat="np" lemma="CDH" naamval="stan" neclass="ORG" ntype="eigen" num="both" pos="name" postag="N(eigen,ev,basis,zijd,stan)" pt="n" rel="mod" rnum="sg" root="CDH" sense="CDH" word="CDH"/>
            </node>
          </node>
        </node>
        <node begin="7" cat="inf" end="33" id="31" rel="vc">
          <node begin="11" end="21" id="32" index="1" rel="su"/>
          <node begin="24" buiging="zonder" end="25" frame="verb(hebben,inf,aux_psp_hebben)" his="normal" his_1="normal" id="33" infl="inf" lcat="inf" lemma="hebben" pos="verb" positie="vrij" postag="WW(inf,vrij,zonder)" pt="ww" rel="hd" root="heb" sc="aux_psp_hebben" sense="heb" word="hebben" wvorm="inf"/>
          <node begin="7" cat="ppart" end="33" id="34" rel="vc">
            <node begin="7" cat="np" end="9" id="35" rel="mod">
              <node aform="base" begin="7" buiging="zonder" end="8" frame="adjective(end(both))" his="normal" his_1="V-d" his_1_1="normal" id="36" infl="no_e" lcat="ppres" lemma="volgen" pos="adj" positie="prenom" postag="WW(od,prenom,zonder)" pt="ww" rel="mod" root="volg" sense="volg" vform="gerund" word="volgend" wvorm="od"/>
              <node begin="8" end="9" frame="tmp_noun(het,count,bare_meas)" gen="het" genus="onz" getal="ev" graad="basis" his="normal" his_1="normal" id="37" lcat="np" lemma="jaar" naamval="stan" ntype="soort" num="bare_meas" pos="noun" postag="N(soort,ev,basis,onz,stan)" pt="n" rel="hd" rnum="sg" root="jaar" sense="jaar" special="tmp" word="jaar"/>
            </node>
            <node begin="11" end="21" id="38" index="1" rel="su"/>
            <node begin="22" end="23" frame="noun(het,count,sg)" gen="het" genus="onz" getal="ev" graad="basis" his="normal" his_1="normal" id="39" lcat="np" lemma="werk" naamval="stan" ntype="soort" num="sg" pos="noun" postag="N(soort,ev,basis,onz,stan)" pt="n" rel="obj1" rnum="sg" root="werk" sense="werk" word="werk"/>
            <node begin="23" buiging="zonder" end="24" frame="verb(hebben,psp,np_pc_pp(van))" his="normal" his_1="normal" id="40" infl="psp" lcat="ppart" lemma="maken" pos="verb" positie="vrij" postag="WW(vd,vrij,zonder)" pt="ww" rel="hd" root="maak" sc="np_pc_pp(van)" sense="maak-van" word="gemaakt" wvorm="vd"/>
            <node begin="25" cat="pp" end="33" id="41" rel="pc">
              <node begin="25" end="26" frame="preposition(van,[af,uit,vandaan,[af,aan]])" his="normal" his_1="normal" id="42" lcat="pp" lemma="van" pos="prep" postag="VZ(init)" pt="vz" rel="hd" root="van" sense="van" vztype="init" word="van"/>
              <node begin="26" cat="np" end="33" id="43" rel="obj1">
                <node begin="26" end="27" frame="determiner(een)" his="normal" his_1="normal" id="44" infl="een" lcat="detp" lemma="een" lwtype="onbep" naamval="stan" npagr="agr" pos="det" postag="LID(onbep,stan,agr)" pt="lid" rel="det" root="een" sense="een" word="een"/>
                <node begin="27" end="28" frame="noun(het,count,sg)" gen="het" genus="onz" getal="ev" graad="basis" his="normal" his_1="normal" id="45" lcat="np" lemma="verbod" naamval="stan" ntype="soort" num="sg" pos="noun" postag="N(soort,ev,basis,onz,stan)" pt="n" rel="hd" rnum="sg" root="verbod" sense="verbod" word="verbod"/>
                <node begin="28" cat="pp" end="33" id="46" rel="mod">
                  <node begin="28" end="29" frame="preposition(op,[af,na])" his="normal" his_1="normal" id="47" lcat="pp" lemma="op" pos="prep" postag="VZ(init)" pt="vz" rel="hd" root="op" sense="op" vztype="init" word="op"/>
                  <node begin="29" cat="np" end="33" id="48" rel="obj1">
                    <node begin="29" end="30" frame="determiner(het,nwh,nmod,pro,nparg,wkpro)" his="normal" his_1="normal" id="49" infl="het" lcat="detp" lemma="het" lwtype="bep" naamval="stan" npagr="evon" pos="det" postag="LID(bep,stan,evon)" pt="lid" rel="det" root="het" sense="het" wh="nwh" word="het"/>
                    <node begin="30" buiging="zonder" end="31" frame="v_noun(intransitive)" getal-n="zonder-n" his="compound" his_1="2" id="50" lcat="np" lemma="dwang_voederen" pos="verb" positie="nom" postag="WW(inf,nom,zonder,zonder-n)" pt="ww" rel="hd" rnum="sg" root="dwang_voeder" sc="intransitive" sense="dwang_voeder" special="v_noun" word="dwangvoederen" wvorm="inf"/>
                    <node begin="31" cat="pp" end="33" id="51" rel="mod">
                      <node begin="31" end="32" frame="preposition(van,[af,uit,vandaan,[af,aan]])" his="normal" his_1="normal" id="52" lcat="pp" lemma="van" pos="prep" postag="VZ(init)" pt="vz" rel="hd" root="van" sense="van" vztype="init" word="van"/>
                      <node begin="32" end="33" frame="noun(de,count,pl)" gen="de" getal="mv" graad="basis" his="normal" his_1="normal" id="53" lcat="np" lemma="gans" ntype="soort" num="pl" pos="noun" postag="N(soort,mv,basis)" pt="n" rel="obj1" rnum="pl" root="gans" sense="gans" word="ganzen"/>
                    </node>
                  </node>
                </node>
              </node>
            </node>
          </node>
        </node>
      </node>
    </node>
    <node begin="33" end="34" frame="punct(punt)" his="normal" his_1="normal" id="54" lcat="punct" lemma="." pos="punct" postag="LET()" pt="let" rel="--" root="." sense="." special="punt" word="."/>
  </node>
  <sentence sentid="2">Tegen het einde van deze regeerperiode , volgend jaar , wil de Waalse minister van Dierenwelzijn Carlo Di Antonio ( CDH ) werk gemaakt hebben van een verbod op het dwangvoederen van ganzen .</sentence>
  <comments>
    <comment>Q#2|Tegen het einde van deze regeerperiode , volgend jaar , wil de Waalse minister van Dierenwelzijn Carlo Di Antonio ( CDH ) werk gemaakt hebben van een verbod op het dwangvoederen van ganzen .|1|1|-12.168217697159998</comment>
  </comments>
</alpino_ds>
