<?xml version="1.0" encoding="UTF-8"?>
<alpino_ds version="1.6">
  <parser cats="1" skips="0" />
  <node begin="0" cat="top" end="7" id="0" rel="top">
    <node begin="0" cat="smain" end="6" id="1" rel="--">
      <node begin="0" end="1" frame="determiner(het,nwh,nmod,pro,nparg)" getal="ev" his="normal" his_1="decap" his_1_1="normal" id="2" infl="het" lcat="np" lemma="dat" naamval="stan" pdtype="pron" persoon="3o" pos="det" postag="VNW(aanw,pron,stan,vol,3o,ev)" pt="vnw" rel="obj1" rnum="sg" root="dat" sense="dat" status="vol" vwtype="aanw" wh="nwh" word="Dat"/>
      <node begin="1" end="2" frame="verb(hebben,sg3,transitive)" his="normal" his_1="normal" id="3" infl="sg3" lcat="smain" lemma="schrijven" pos="verb" postag="WW(pv,tgw,met-t)" pt="ww" pvagr="met-t" pvtijd="tgw" rel="hd" root="schrijf" sc="transitive" sense="schrijf" stype="declarative" tense="present" word="schrijft" wvorm="pv"/>
      <node begin="2" cat="mwu" end="5" his="normal" his_1="names_dictionary" id="4" mwu_root="La Dernière Heure" mwu_sense="La Dernière Heure" rel="su">
        <node begin="2" end="3" frame="proper_name(sg,'ORG')" id="5" lcat="np" lemma="La" neclass="ORG" num="sg" pos="name" postag="SPEC(deeleigen)" pt="spec" rel="mwp" rnum="sg" root="La" sense="La" spectype="deeleigen" word="La"/>
        <node begin="3" end="4" frame="proper_name(sg,'ORG')" id="6" lcat="np" lemma="Dernière" neclass="ORG" num="sg" pos="name" postag="SPEC(deeleigen)" pt="spec" rel="mwp" rnum="sg" root="Dernière" sense="Dernière" spectype="deeleigen" word="Dernière"/>
        <node begin="4" end="5" frame="proper_name(sg,'ORG')" id="7" lcat="np" lemma="Heure" neclass="ORG" num="sg" pos="name" postag="SPEC(deeleigen)" pt="spec" rel="mwp" rnum="sg" root="Heure" sense="Heure" spectype="deeleigen" word="Heure"/>
      </node>
      <node begin="5" end="6" frame="tmp_noun(de,count,sg)" gen="de" genus="zijd" getal="ev" graad="basis" his="normal" his_1="normal" id="8" lcat="np" lemma="dinsdag" naamval="stan" ntype="eigen" num="sg" pos="noun" postag="N(eigen,ev,basis,zijd,stan)" pt="n" rel="mod" rnum="sg" root="dinsdag" sense="dinsdag" special="tmp" word="dinsdag"/>
    </node>
    <node begin="6" end="7" frame="punct(punt)" his="normal" his_1="normal" id="9" lcat="punct" lemma="." pos="punct" postag="LET()" pt="let" rel="--" root="." sense="." special="punt" word="."/>
  </node>
  <sentence sentid="3">Dat schrijft La Dernière Heure dinsdag .</sentence>
  <comments>
    <comment>Q#3|Dat schrijft La Dernière Heure dinsdag .|1|1|0.024456568789999578</comment>
  </comments>
</alpino_ds>
