<?xml version="1.0" encoding="UTF-8"?>
<alpino_ds version="1.6">
  <parser cats="1" skips="0" />
  <node begin="0" cat="top" end="7" id="0" rel="top">
    <node begin="0" cat="smain" end="7" id="1" rel="--">
      <node begin="0" end="1" frame="proper_name(both,'PER')" genus="zijd" getal="ev" graad="basis" his="name" his_1="begin" id="2" lcat="np" lemma="Homans" naamval="stan" neclass="PER" ntype="eigen" num="both" pos="name" postag="N(eigen,ev,basis,zijd,stan)" pt="n" rel="su" rnum="sg" root="Homans" sense="Homans" word="Homans"/>
      <node begin="1" end="2" frame="verb(hebben,sg3,part_transitive(op))" his="normal" his_1="normal" id="3" infl="sg3" lcat="smain" lemma="op_drijven" pos="verb" postag="WW(pv,tgw,met-t)" pt="ww" pvagr="met-t" pvtijd="tgw" rel="hd" root="drijf_op" sc="part_transitive(op)" sense="drijf_op" stype="declarative" tense="present" word="drijft" wvorm="pv"/>
      <node begin="2" cat="np" end="6" id="4" rel="obj1">
        <node begin="2" end="3" frame="noun(de,count,sg)" gen="de" genus="zijd" getal="ev" graad="basis" his="normal" his_1="normal" id="5" lcat="np" lemma="strijd" naamval="stan" ntype="soort" num="sg" pos="noun" postag="N(soort,ev,basis,zijd,stan)" pt="n" rel="hd" rnum="sg" root="strijd" sense="strijd" word="strijd"/>
        <node begin="3" cat="pp" end="6" id="6" rel="mod">
          <node begin="3" end="4" frame="preposition(tegen,[aan,in,op])" his="normal" his_1="normal" id="7" lcat="pp" lemma="tegen" pos="prep" postag="VZ(init)" pt="vz" rel="hd" root="tegen" sense="tegen" vztype="init" word="tegen"/>
          <node begin="4" cat="np" end="6" id="8" rel="obj1">
            <node aform="base" begin="4" buiging="met-e" end="5" frame="adjective(e)" graad="basis" his="normal" his_1="normal" id="9" infl="e" lcat="ap" lemma="extremistisch" naamval="stan" pos="adj" positie="prenom" postag="ADJ(prenom,basis,met-e,stan)" pt="adj" rel="mod" root="extremistisch" sense="extremistisch" vform="adj" word="extremistische"/>
            <node begin="5" end="6" frame="noun(de,mass,sg)" gen="de" genus="zijd" getal="ev" graad="basis" his="normal" his_1="normal" id="10" lcat="np" lemma="propaganda" naamval="stan" ntype="soort" num="sg" pos="noun" postag="N(soort,ev,basis,zijd,stan)" pt="n" rel="hd" rnum="sg" root="propaganda" sense="propaganda" word="propaganda"/>
          </node>
        </node>
      </node>
      <node begin="6" end="7" frame="particle(op)" his="normal" his_1="normal" id="11" lcat="part" lemma="op" pos="part" postag="VZ(fin)" pt="vz" rel="svp" root="op" sense="op" vztype="fin" word="op"/>
    </node>
  </node>
  <sentence sentid="1">Homans drijft strijd tegen extremistische propaganda op</sentence>
  <comments>
    <comment>Q#1|Homans drijft strijd tegen extremistische propaganda op|1|1|-0.6671688573400011</comment>
  </comments>
</alpino_ds>
