<?xml version="1.0" encoding="UTF-8"?>
<alpino_ds version="1.6">
  <parser cats="1" skips="0" />
  <node begin="0" cat="top" end="24" id="0" rel="top">
    <node begin="11" end="12" frame="punct(aanhaal_both)" his="normal" his_1="normal" id="1" lcat="punct" lemma="&apos;" pos="punct" postag="LET()" pt="let" rel="--" root="&apos;" sense="&apos;" special="aanhaal_both" word="&apos;"/>
    <node begin="18" end="19" frame="punct(aanhaal_both)" his="normal" his_1="normal" id="2" lcat="punct" lemma="&apos;" pos="punct" postag="LET()" pt="let" rel="--" root="&apos;" sense="&apos;" special="aanhaal_both" word="&apos;"/>
    <node begin="19" end="20" frame="punct(komma)" his="normal" his_1="normal" id="3" lcat="punct" lemma="," pos="punct" postag="LET()" pt="let" rel="--" root="," sense="," special="komma" word=","/>
    <node begin="0" cat="du" end="23" id="4" rel="--">
      <node begin="0" cat="smain" end="18" id="5" rel="nucl">
        <node begin="0" end="1" frame="het_noun" genus="onz" getal="ev" his="normal" his_1="decap" his_1_1="normal" id="6" lcat="np" lemma="het" naamval="stan" pdtype="pron" persoon="3" pos="noun" postag="VNW(pers,pron,stan,red,3,ev,onz)" pt="vnw" rel="sup" rnum="sg" root="het" sense="het" special="het" status="red" vwtype="pers" word="Het"/>
        <node begin="1" end="2" frame="verb(unacc,sg_heeft,copula_vp)" his="normal" his_1="normal" id="7" infl="sg_heeft" lcat="smain" lemma="zijn" pos="verb" postag="WW(pv,tgw,ev)" pt="ww" pvagr="ev" pvtijd="tgw" rel="hd" root="ben" sc="copula_vp" sense="ben" stype="declarative" tense="present" word="is" wvorm="pv"/>
        <node begin="2" cat="np" end="4" id="8" rel="predc">
          <node begin="2" end="3" frame="determiner(de)" his="normal" his_1="normal" id="9" infl="de" lcat="detp" lemma="de" lwtype="bep" naamval="stan" npagr="rest" pos="det" postag="LID(bep,stan,rest)" pt="lid" rel="det" root="de" sense="de" word="de"/>
          <node begin="3" end="4" frame="noun(de,count,sg,subject_vp)" gen="de" genus="zijd" getal="ev" graad="basis" his="normal" his_1="normal" id="10" lcat="np" lemma="bedoeling" naamval="stan" ntype="soort" num="sg" pos="noun" postag="N(soort,ev,basis,zijd,stan)" pt="n" rel="hd" rnum="sg" root="bedoeling" sc="subject_vp" sense="bedoeling" word="bedoeling"/>
        </node>
        <node begin="4" cat="oti" end="18" id="11" rel="su">
          <node begin="4" end="5" frame="complementizer(om)" his="normal" his_1="normal" id="12" lcat="oti" lemma="om" pos="comp" postag="VZ(init)" pt="vz" rel="cmp" root="om" sc="om" sense="om" vztype="init" word="om"/>
          <node begin="5" cat="ti" end="18" id="13" rel="body">
            <node begin="9" end="10" frame="complementizer(te)" his="normal" his_1="normal" id="14" lcat="ti" lemma="te" pos="comp" postag="VZ(init)" pt="vz" rel="cmp" root="te" sc="te" sense="te" vztype="init" word="te"/>
            <node begin="5" cat="inf" end="18" id="15" rel="body">
              <node begin="5" cat="conj" end="8" id="16" rel="obj1">
                <node begin="5" end="6" frame="noun(de,count,sg)" gen="de" genus="zijd" getal="ev" graad="basis" his="normal" his_1="normal" id="17" lcat="np" lemma="informatie" naamval="stan" ntype="soort" num="sg" pos="noun" postag="N(soort,ev,basis,zijd,stan)" pt="n" rel="cnj" rnum="sg" root="informatie" sense="informatie" word="informatie"/>
                <node begin="6" conjtype="neven" end="7" frame="conj(en)" his="normal" his_1="normal" id="18" lcat="vg" lemma="en" pos="vg" postag="VG(neven)" pt="vg" rel="crd" root="en" sense="en" word="en"/>
                <node begin="7" end="8" frame="noun(het,count,pl)" gen="het" getal="mv" graad="basis" his="normal" his_1="normal" id="19" lcat="np" lemma="argument" ntype="soort" num="pl" pos="noun" postag="N(soort,mv,basis)" pt="n" rel="cnj" rnum="pl" root="argument" sense="argument" word="argumenten"/>
              </node>
              <node begin="8" end="9" frame="particle(aan)" his="normal" his_1="normal" id="20" lcat="part" lemma="aan" pos="part" postag="VZ(fin)" pt="vz" rel="svp" root="aan" sense="aan" vztype="fin" word="aan"/>
              <node begin="10" buiging="zonder" end="11" frame="verb(hebben,inf,part_transitive(aan))" his="normal" his_1="normal" id="21" infl="inf" lcat="inf" lemma="aan_reiken" pos="verb" positie="vrij" postag="WW(inf,vrij,zonder)" pt="ww" rel="hd" root="reik_aan" sc="part_transitive(aan)" sense="reik_aan" word="reiken" wvorm="inf"/>
              <node begin="12" cat="oti" end="18" id="22" rel="mod">
                <node begin="12" end="13" frame="complementizer(om)" his="normal" his_1="normal" id="23" lcat="oti" lemma="om" pos="comp" postag="VZ(init)" pt="vz" rel="cmp" root="om" sc="om" sense="om" vztype="init" word="om"/>
                <node begin="13" cat="ti" end="18" id="24" rel="body">
                  <node begin="16" end="17" frame="complementizer(te)" his="normal" his_1="normal" id="25" lcat="ti" lemma="te" pos="comp" postag="VZ(init)" pt="vz" rel="cmp" root="te" sc="te" sense="te" vztype="init" word="te"/>
                  <node begin="13" cat="inf" end="18" id="26" rel="body">
                    <node begin="13" cat="np" end="16" id="27" rel="obj1">
                      <node begin="13" end="14" frame="determiner(het,nwh,nmod,pro,nparg,wkpro)" his="normal" his_1="normal" id="28" infl="het" lcat="detp" lemma="het" lwtype="bep" naamval="stan" npagr="evon" pos="det" postag="LID(bep,stan,evon)" pt="lid" rel="det" root="het" sense="het" wh="nwh" word="het"/>
                      <node aform="base" begin="14" buiging="zonder" end="15" frame="adjective(no_e(adv))" graad="basis" his="normal" his_1="normal" id="29" infl="no_e" lcat="ap" lemma="extremistisch" pos="adj" positie="prenom" postag="ADJ(prenom,basis,zonder)" pt="adj" rel="mod" root="extremistisch" sense="extremistisch" vform="adj" word="extremistisch"/>
                      <node begin="15" end="16" frame="noun(het,count,sg)" gen="het" genus="onz" getal="ev" graad="basis" his="normal" his_1="normal" id="30" lcat="np" lemma="discours" naamval="stan" ntype="soort" num="sg" pos="noun" postag="N(soort,ev,basis,onz,stan)" pt="n" rel="hd" rnum="sg" root="discours" sense="discours" word="discours"/>
                    </node>
                    <node begin="17" buiging="zonder" end="18" frame="verb(hebben,inf,transitive)" his="normal" his_1="normal" id="31" infl="inf" lcat="inf" lemma="weerleggen" pos="verb" positie="vrij" postag="WW(inf,vrij,zonder)" pt="ww" rel="hd" root="weerleg" sc="transitive" sense="weerleg" word="weerleggen" wvorm="inf"/>
                  </node>
                </node>
              </node>
            </node>
          </node>
        </node>
      </node>
      <node begin="20" cat="sv1" end="23" id="32" rel="tag">
        <node begin="20" end="21" frame="verb(hebben,sg3,tr_sbar)" his="normal" his_1="normal" id="33" infl="sg3" lcat="sv1" lemma="zeggen" pos="verb" postag="WW(pv,tgw,met-t)" pt="ww" pvagr="met-t" pvtijd="tgw" rel="hd" root="zeg" sc="tr_sbar" sense="zeg" tense="present" word="zegt" wvorm="pv"/>
        <node begin="21" end="22" frame="proper_name(both,'PER')" genus="zijd" getal="ev" graad="basis" his="name" his_1="not_begin" id="34" lcat="np" lemma="Homans" naamval="stan" neclass="PER" ntype="eigen" num="both" pos="name" postag="N(eigen,ev,basis,zijd,stan)" pt="n" rel="su" rnum="sg" root="Homans" sense="Homans" word="Homans"/>
        <node begin="22" end="23" frame="tmp_noun(de,count,sg)" gen="de" genus="zijd" getal="ev" graad="basis" his="normal" his_1="normal" id="35" lcat="np" lemma="woensdag" naamval="stan" ntype="eigen" num="sg" pos="noun" postag="N(eigen,ev,basis,zijd,stan)" pt="n" rel="mod" rnum="sg" root="woensdag" sense="woensdag" special="tmp" word="woensdag"/>
      </node>
    </node>
    <node begin="23" end="24" frame="punct(punt)" his="normal" his_1="normal" id="36" lcat="punct" lemma="." pos="punct" postag="LET()" pt="let" rel="--" root="." sense="." special="punt" word="."/>
  </node>
  <sentence sentid="3">Het is de bedoeling om informatie en argumenten aan te reiken &apos; om het extremistisch discours te weerleggen &apos; , zegt Homans woensdag .</sentence>
  <comments>
    <comment>Q#3|Het is de bedoeling om informatie en argumenten aan te reiken &apos; om het extremistisch discours te weerleggen &apos; , zegt Homans woensdag .|1|1|-13.588532616729996</comment>
  </comments>
</alpino_ds>
