{"meta": {"id": "MH-DMF20171114_03187132-Uitbater_stadsboerderij_mag_inpakken.tsv", "author": "eventdna_anno_3"}, "doc": {"token_string": "Uitbater stadsboerderij mag inpakken Het Antwerpse schepencollege wil de erfpachtovereenkomst van de stadsboerderij met Greenmarx ontbinden en vraagt daarvoor de goedkeuring van de gemeenteraad . Er waren herhaaldelijke inbreuken die zwaar genoeg zijn om te spreken van een vertrouwensbreuk .", "token_ids": [0, 1, 2, 3, 4, 5, 6, 7, 8, 9, 10, 11, 12, 13, 14, 15, 16, 17, 18, 19, 20, 21, 22, 23, 24, 25, 26, 27, 28, 29, 30, 31, 32, 33, 34, 35, 36, 37, 38, 39], "sentences": {"sentence_1": {"token_ids": [0, 1, 2, 3]}, "sentence_2": {"token_ids": [4, 5, 6, 7, 8, 9, 10, 11, 12, 13, 14, 15, 16, 17, 18, 19, 20, 21, 22, 23, 24]}, "sentence_3": {"token_ids": [25, 26, 27, 28, 29, 30, 31, 32, 33, 34, 35, 36, 37, 38, 39]}}, "annotations": {"entities": {"entity_1": {"type": "entity", "string": "Uitbater stadsboerderij", "features": {"type": "PER", "span": [0, 1], "individuality": "INDIV", "mention_level_type": "NOM", "head": {"type": "entityHead", "string": "Uitbater", "features": {"span": [0]}}}, "home_sentence": "sentence_1"}, "entity_2": {"type": "entity", "string": "stadsboerderij", "features": {"type": "ORG", "span": [1], "individuality": "INDIV", "mention_level_type": "NOM", "head": {"type": "entityHead", "string": "stadsboerderij", "features": {"span": [1]}}}, "home_sentence": "sentence_1"}, "entity_3": {"type": "entity", "string": "Het Antwerpse schepencollege", "features": {"type": "ORG", "span": [4, 5, 6], "individuality": "INDIV", "mention_level_type": "NOM", "head": {"type": "entityHead", "string": "schepencollege", "features": {"span": [6]}}}, "home_sentence": "sentence_2"}, "entity_4": {"type": "entity", "string": "Antwerpse", "features": {"type": "LOC", "span": [5], "individuality": "INDIV", "mention_level_type": "NAM", "head": {"type": "entityHead", "string": "Antwerpse", "features": {"span": [5]}}}, "home_sentence": "sentence_2"}, "entity_5": {"type": "entity", "string": "de stadsboerderij", "features": {"type": "ORG", "span": [11, 12], "individuality": "INDIV", "mention_level_type": "NOM", "head": {"type": "entityHead", "string": "stadsboerderij", "features": {"span": [12]}}}, "home_sentence": "sentence_2"}, "entity_6": {"type": "entity", "string": "Greenmarx", "features": {"type": "ORG", "span": [14], "individuality": "INDIV", "mention_level_type": "NAM", "head": {"type": "entityHead", "string": "Greenmarx", "features": {"span": [14]}}}, "home_sentence": "sentence_2"}, "entity_7": {"type": "entity", "string": "de gemeenteraad", "features": {"type": "ORG", "span": [22, 23], "individuality": "INDIV", "mention_level_type": "NOM", "head": {"type": "entityHead", "string": "gemeenteraad", "features": {"span": [23]}}}, "home_sentence": "sentence_2"}}, "events": {"event_1": {"annotation_type": "event", "string": "Uitbater stadsboerderij mag inpakken", "features": {"span": [0, 1, 2, 3], "arguments": [{"string": "Uitbater stadsboerderij", "features": {"span": [0, 1], "argument_entity_type": "title", "argument_role": "Position"}}, {"string": "stadsboerderij", "features": {"span": [1], "argument_entity_type": "ORG", "argument_role": "PersonnelEntity"}}, {"string": "Uitbater stadsboerderij", "features": {"span": [0, 1], "argument_entity_type": "PER", "argument_role": "Person"}}], "type": "Personnel", "subtype": "EndPosition", "modality": "Other", "pos_neg": "Positive", "prominence": "Main", "tense": "Present"}, "home_sentence": "sentence_1"}, "event_2": {"annotation_type": "event", "string": "Het Antwerpse schepencollege wil de erfpachtovereenkomst van de stadsboerderij met Greenmarx ontbinden", "features": {"span": [4, 5, 6, 7, 8, 9, 10, 11, 12, 13, 14, 15], "arguments": [{"string": "Het Antwerpse schepencollege", "features": {"span": [4, 5, 6], "argument_entity_type": "ORG", "argument_role": "Participant"}}, {"string": "Greenmarx", "features": {"span": [14], "argument_entity_type": "ORG", "argument_role": "Participant"}}, {"string": "de stadsboerderij", "features": {"span": [11, 12], "argument_entity_type": "ORG", "argument_role": "Participant"}}], "type": "Unknown", "subtype": "Unknown", "modality": "Other", "pos_neg": "Positive", "prominence": "Main", "tense": "Present"}, "home_sentence": "sentence_2"}}, "coreference": {"entities": {"coref_bucket_1": ["entity_5", "entity_2"]}, "events": {}}, "iptc_codes": {"certain": [[["medtop:20000215", "livestock farming"], ["medtop:20000210", "agriculture"], ["medtop:20000209", "economic sector"], ["medtop:04000000", "economy, business and finance"]], [["medtop:20000528", "contract issue-work rules"], ["medtop:20000525", "collective contract"], ["medtop:20000524", "labour relations"], ["medtop:09000000", "labour"]]], "uncertain": []}}}}