<?xml version="1.0" encoding="UTF-8"?>
<alpino_ds version="1.6">
  <parser cats="1" skips="0" />
  <node begin="0" cat="top" end="9" id="0" rel="top">
    <node begin="4" end="5" frame="punct(dubb_punt)" his="normal" his_1="normal" id="1" lcat="punct" lemma=":" pos="punct" postag="LET()" pt="let" rel="--" root=":" sense=":" special="dubb_punt" word=":"/>
    <node begin="0" cat="smain" end="9" id="2" rel="--">
      <node begin="0" cat="np" end="6" id="3" rel="su">
        <node begin="0" cat="mwu" end="2" his="name" his_1="begin" id="4" mwu_root="Noord-Koreaanse buitenlandminister" mwu_sense="Noord-Koreaanse buitenlandminister" rel="hd">
          <node begin="0" end="1" frame="proper_name(both)" id="5" lcat="np" lemma="Noord-Koreaanse" neclass="MISC" num="both" pos="name" postag="SPEC(deeleigen)" pt="spec" rel="mwp" rnum="pl" root="Noord-Koreaanse" sense="Noord-Koreaanse" spectype="deeleigen" word="Noord-Koreaanse"/>
          <node begin="1" end="2" frame="proper_name(both)" id="6" lcat="np" lemma="buitenlandminister" neclass="MISC" num="both" pos="name" postag="SPEC(deeleigen)" pt="spec" rel="mwp" rnum="pl" root="buitenlandminister" sense="buitenlandminister" spectype="deeleigen" word="buitenlandminister"/>
        </node>
        <node begin="2" cat="pp" end="4" id="7" rel="mod">
          <node begin="2" end="3" frame="preposition(in,[])" his="normal" his_1="normal" id="8" lcat="pp" lemma="in" pos="prep" postag="VZ(init)" pt="vz" rel="hd" root="in" sense="in" vztype="init" word="in"/>
          <node begin="3" end="4" frame="proper_name(sg,'LOC')" genus="onz" getal="ev" graad="basis" his="normal" his_1="names_dictionary" id="9" lcat="np" lemma="Peking" naamval="stan" neclass="LOC" ntype="eigen" num="sg" pos="name" postag="N(eigen,ev,basis,onz,stan)" pt="n" rel="obj1" rnum="sg" root="Peking" sense="Peking" word="Peking"/>
        </node>
        <node begin="5" end="6" frame="noun(het,count,pl)" gen="het" getal="mv" graad="basis" his="normal" his_1="normal" id="10" lcat="np" lemma="land" ntype="soort" num="pl" pos="noun" postag="N(soort,mv,basis)" pt="n" rel="app" rnum="pl" root="land" sense="land" word="landen"/>
      </node>
      <node begin="6" end="7" frame="verb(hebben,pl,transitive_ndev_ndev)" his="normal" his_1="normal" id="11" infl="pl" lcat="smain" lemma="willen" pos="verb" postag="WW(pv,tgw,mv)" pt="ww" pvagr="mv" pvtijd="tgw" rel="hd" root="wil" sc="transitive_ndev_ndev" sense="wil" stype="declarative" tense="present" word="willen" wvorm="pv"/>
      <node begin="7" cat="np" end="9" id="12" rel="obj1">
        <node aform="compar" begin="7" buiging="met-e" end="8" frame="adjective(ere)" graad="comp" his="normal" his_1="normal" id="13" infl="e" lcat="ap" lemma="nauw" naamval="stan" pos="adj" positie="prenom" postag="ADJ(prenom,comp,met-e,stan)" pt="adj" rel="mod" root="nauw" sense="nauw" vform="adj" word="nauwere"/>
        <node begin="8" end="9" frame="noun(de,mass,sg)" gen="de" genus="zijd" getal="ev" graad="basis" his="normal" his_1="normal" id="14" lcat="np" lemma="samenwerking" naamval="stan" ntype="soort" num="sg" pos="noun" postag="N(soort,ev,basis,zijd,stan)" pt="n" rel="hd" rnum="sg" root="samenwerking" sense="samenwerking" word="samenwerking"/>
      </node>
    </node>
  </node>
  <sentence sentid="1">Noord-Koreaanse buitenlandminister in Peking : landen willen nauwere samenwerking</sentence>
  <comments>
    <comment>Q#1|Noord-Koreaanse buitenlandminister in Peking : landen willen nauwere samenwerking|1|1|0.44695624013999813</comment>
  </comments>
</alpino_ds>
