<?xml version="1.0" encoding="UTF-8"?>
<alpino_ds version="1.6">
  <parser cats="1" skips="0" />
  <node begin="0" cat="top" end="25" id="0" rel="top">
    <node begin="19" end="20" frame="punct(komma)" his="normal" his_1="normal" id="1" lcat="punct" lemma="," pos="punct" postag="LET()" pt="let" rel="--" root="," sense="," special="komma" word=","/>
    <node begin="0" cat="du" end="24" id="2" rel="--">
      <node begin="0" cat="smain" end="19" id="3" rel="nucl">
        <node begin="0" cat="np" end="8" id="4" index="1" rel="su">
          <node begin="0" end="1" frame="determiner(de)" his="normal" his_1="decap" his_1_1="normal" id="5" infl="de" lcat="detp" lemma="de" lwtype="bep" naamval="stan" npagr="rest" pos="det" postag="LID(bep,stan,rest)" pt="lid" rel="det" root="de" sense="de" word="De"/>
          <node aform="base" begin="1" buiging="met-e" end="2" frame="adjective(e)" graad="basis" his="normal" his_1="normal" id="6" infl="e" lcat="ap" lemma="Noordkoreaans" naamval="stan" pos="adj" positie="prenom" postag="ADJ(prenom,basis,met-e,stan)" pt="adj" rel="mod" root="Noordkoreaans" sense="Noordkoreaans" vform="adj" word="Noord-Koreaanse"/>
          <node begin="2" end="3" frame="noun(de,count,sg)" gen="de" genus="zijd" getal="ev" graad="basis" his="normal" his_1="normal" id="7" lcat="np" lemma="minister" naamval="stan" ntype="soort" num="sg" pos="noun" postag="N(soort,ev,basis,zijd,stan)" pt="n" rel="hd" rnum="sg" root="minister" sense="minister" word="minister"/>
          <node begin="3" cat="pp" end="6" id="8" rel="mod">
            <node begin="3" end="4" frame="preposition(van,[af,uit,vandaan,[af,aan]])" his="normal" his_1="normal" id="9" lcat="pp" lemma="van" pos="prep" postag="VZ(init)" pt="vz" rel="hd" root="van" sense="van" vztype="init" word="van"/>
            <node begin="4" cat="mwu" end="6" his="normal" his_1="names_dictionary" id="10" mwu_root="Buitenlandse Zaken" mwu_sense="Buitenlandse Zaken" rel="obj1">
              <node begin="4" end="5" frame="proper_name(sg,'ORG')" id="11" lcat="np" lemma="Buitenlandse" neclass="ORG" num="sg" pos="name" postag="SPEC(deeleigen)" pt="spec" rel="mwp" rnum="sg" root="Buitenlandse" sense="Buitenlandse" spectype="deeleigen" word="Buitenlandse"/>
              <node begin="5" end="6" frame="proper_name(sg,'ORG')" id="12" lcat="np" lemma="Zaken" neclass="ORG" num="sg" pos="name" postag="SPEC(deeleigen)" pt="spec" rel="mwp" rnum="sg" root="Zaken" sense="Zaken" spectype="deeleigen" word="Zaken"/>
            </node>
          </node>
          <node begin="6" cat="mwu" end="8" his="name" his_1="not_begin" id="13" mwu_root="Ri Yong-ho" mwu_sense="Ri Yong-ho" rel="app">
            <node begin="6" end="7" frame="proper_name(sg,'PER')" id="14" lcat="np" lemma="Ri" neclass="PER" num="sg" pos="name" postag="SPEC(deeleigen)" pt="spec" rel="mwp" rnum="sg" root="Ri" sense="Ri" spectype="deeleigen" word="Ri"/>
            <node begin="7" end="8" frame="proper_name(sg,'PER')" id="15" lcat="np" lemma="Yong-ho" neclass="PER" num="sg" pos="name" postag="SPEC(deeleigen)" pt="spec" rel="mwp" rnum="sg" root="Yong-ho" sense="Yong-ho" spectype="deeleigen" word="Yong-ho"/>
          </node>
        </node>
        <node begin="8" end="9" frame="verb(hebben,sg_heeft,aux_psp_hebben)" his="normal" his_1="normal" id="16" infl="sg_heeft" lcat="smain" lemma="hebben" pos="verb" postag="WW(pv,tgw,met-t)" pt="ww" pvagr="met-t" pvtijd="tgw" rel="hd" root="heb" sc="aux_psp_hebben" sense="heb" stype="declarative" tense="present" word="heeft" wvorm="pv"/>
        <node begin="0" cat="ppart" end="19" id="17" rel="vc">
          <node begin="0" end="8" id="18" index="1" rel="su"/>
          <node begin="9" end="10" frame="tmp_noun(de,count,sg)" gen="de" genus="zijd" getal="ev" graad="basis" his="normal" his_1="normal" id="19" lcat="np" lemma="dinsdag" naamval="stan" ntype="eigen" num="sg" pos="noun" postag="N(eigen,ev,basis,zijd,stan)" pt="n" rel="mod" rnum="sg" root="dinsdag" sense="dinsdag" special="tmp" word="dinsdag"/>
          <node begin="12" buiging="zonder" end="13" frame="verb(hebben,psp,transitive_ndev)" his="normal" his_1="normal" id="20" infl="psp" lcat="ppart" lemma="hebben" pos="verb" positie="vrij" postag="WW(vd,vrij,zonder)" pt="ww" rel="hd" root="heb" sc="transitive_ndev" sense="heb" word="gehad" wvorm="vd"/>
          <node begin="10" cat="np" end="19" id="21" rel="obj1">
            <node begin="10" end="11" frame="determiner(een)" his="normal" his_1="normal" id="22" infl="een" lcat="detp" lemma="een" lwtype="onbep" naamval="stan" npagr="agr" pos="det" postag="LID(onbep,stan,agr)" pt="lid" rel="det" root="een" sense="een" word="een"/>
            <node begin="11" end="12" frame="noun(de,count,sg)" gen="de" genus="zijd" getal="ev" graad="basis" his="normal" his_1="normal" id="23" lcat="np" lemma="ontmoeting" naamval="stan" ntype="soort" num="sg" pos="noun" postag="N(soort,ev,basis,zijd,stan)" pt="n" rel="hd" rnum="sg" root="ontmoeting" sense="ontmoeting" word="ontmoeting"/>
            <node begin="13" cat="pp" end="19" id="24" rel="mod">
              <node begin="13" end="14" frame="preposition(met,[mee,[en,al]])" his="normal" his_1="normal" id="25" lcat="pp" lemma="met" pos="prep" postag="VZ(init)" pt="vz" rel="hd" root="met" sense="met" vztype="init" word="met"/>
              <node begin="14" cat="np" end="19" id="26" rel="obj1">
                <node begin="14" buiging="zonder" end="15" frame="determiner(pron)" getal="ev" his="normal" his_1="normal" id="27" infl="pron" lcat="detp" lemma="zijn" naamval="stan" npagr="agr" pdtype="det" persoon="3" pos="det" positie="prenom" postag="VNW(bez,det,stan,vol,3,ev,prenom,zonder,agr)" pron="true" pt="vnw" rel="det" root="zijn" sense="zijn" status="vol" vwtype="bez" word="zijn"/>
                <node aform="base" begin="15" buiging="met-e" end="16" frame="adjective(e)" graad="basis" his="normal" his_1="normal" id="28" infl="e" lcat="ap" lemma="Chinees" naamval="stan" pos="adj" positie="prenom" postag="ADJ(prenom,basis,met-e,stan)" pt="adj" rel="mod" root="Chinees" sense="Chinees" vform="adj" word="Chinese"/>
                <node begin="16" end="17" frame="noun(de,count,sg)" gen="de" genus="zijd" getal="ev" graad="basis" his="normal" his_1="normal" id="29" lcat="np" lemma="ambt_genoot" naamval="stan" ntype="soort" num="sg" pos="noun" postag="N(soort,ev,basis,zijd,stan)" pt="n" rel="hd" rnum="sg" root="ambt_genoot" sense="ambt_genoot" word="ambtgenoot"/>
                <node begin="17" cat="mwu" end="19" his="name" his_1="not_begin" id="30" mwu_root="Wang Yi" mwu_sense="Wang Yi" rel="app">
                  <node begin="17" end="18" frame="proper_name(sg,'PER')" id="31" lcat="np" lemma="Wang" neclass="PER" num="sg" pos="name" postag="SPEC(deeleigen)" pt="spec" rel="mwp" rnum="sg" root="Wang" sense="Wang" spectype="deeleigen" word="Wang"/>
                  <node begin="18" end="19" frame="proper_name(sg,'PER')" id="32" lcat="np" lemma="Yi" neclass="PER" num="sg" pos="name" postag="SPEC(deeleigen)" pt="spec" rel="mwp" rnum="sg" root="Yi" sense="Yi" spectype="deeleigen" word="Yi"/>
                </node>
              </node>
            </node>
          </node>
        </node>
      </node>
      <node begin="20" cat="pp" end="24" id="33" rel="tag">
        <node begin="20" end="21" frame="preposition(aldus,[])" his="normal" his_1="normal" id="34" lcat="pp" lemma="aldus" pos="prep" postag="BW()" pt="bw" rel="hd" root="aldus" sense="aldus" word="aldus"/>
        <node begin="21" cat="np" end="24" id="35" rel="obj1">
          <node begin="21" end="22" frame="determiner(de)" his="normal" his_1="normal" id="36" infl="de" lcat="detp" lemma="de" lwtype="bep" naamval="stan" npagr="rest" pos="det" postag="LID(bep,stan,rest)" pt="lid" rel="det" root="de" sense="de" word="de"/>
          <node aform="base" begin="22" buiging="met-e" end="23" frame="adjective(e)" graad="basis" his="normal" his_1="normal" id="37" infl="e" lcat="ap" lemma="Chinees" naamval="stan" pos="adj" positie="prenom" postag="ADJ(prenom,basis,met-e,stan)" pt="adj" rel="mod" root="Chinees" sense="Chinees" vform="adj" word="Chinese"/>
          <node begin="23" end="24" frame="noun(de,mass,sg)" gen="de" genus="zijd" getal="ev" graad="basis" his="normal" his_1="normal" id="38" lcat="np" lemma="diplomatie" naamval="stan" ntype="soort" num="sg" pos="noun" postag="N(soort,ev,basis,zijd,stan)" pt="n" rel="hd" rnum="sg" root="diplomatie" sense="diplomatie" word="diplomatie"/>
        </node>
      </node>
    </node>
    <node begin="24" end="25" frame="punct(punt)" his="normal" his_1="normal" id="39" lcat="punct" lemma="." pos="punct" postag="LET()" pt="let" rel="--" root="." sense="." special="punt" word="."/>
  </node>
  <sentence sentid="2">De Noord-Koreaanse minister van Buitenlandse Zaken Ri Yong-ho heeft dinsdag een ontmoeting gehad met zijn Chinese ambtgenoot Wang Yi , aldus de Chinese diplomatie .</sentence>
  <comments>
    <comment>Q#2|De Noord-Koreaanse minister van Buitenlandse Zaken Ri Yong-ho heeft dinsdag een ontmoeting gehad met zijn Chinese ambtgenoot Wang Yi , aldus de Chinese diplomatie .|1|1|-12.548917454389997</comment>
  </comments>
</alpino_ds>
