<?xml version="1.0" encoding="UTF-8"?>
<alpino_ds version="1.6">
  <parser cats="2" skips="1" />
  <node begin="0" cat="top" end="14" id="0" rel="top">
    <node begin="6" conjtype="neven" end="7" frame="conj(en)" his="robust_skip" id="1" lcat="--" lemma="en" pos="vg" postag="VG(neven)" pt="vg" rel="--" root="en" sense="en" word="en"/>
    <node begin="0" cat="du" end="13" id="2" rel="--">
      <node begin="0" cat="smain" end="6" id="3" rel="dp">
        <node begin="0" cat="np" end="3" id="4" index="1" rel="su">
          <node begin="0" end="1" frame="determiner(de)" his="normal" his_1="decap" his_1_1="normal" id="5" infl="de" lcat="detp" lemma="de" lwtype="bep" naamval="stan" npagr="rest" pos="det" postag="LID(bep,stan,rest)" pt="lid" rel="det" root="de" sense="de" word="De"/>
          <node begin="1" end="2" frame="number(hoofd(pl_num))" his="normal" his_1="normal" id="6" infl="pl_num" lcat="detp" lemma="twee" naamval="stan" numtype="hoofd" pos="num" positie="prenom" postag="TW(hoofd,prenom,stan)" pt="tw" rel="det" root="twee" sense="twee" special="hoofd" word="twee"/>
          <node begin="2" end="3" frame="noun(het,count,pl)" gen="het" getal="mv" graad="basis" his="normal" his_1="normal" id="7" lcat="np" lemma="land" ntype="soort" num="pl" pos="noun" postag="N(soort,mv,basis)" pt="n" rel="hd" rnum="pl" root="land" sense="land" word="landen"/>
        </node>
        <node begin="3" end="4" frame="verb(hebben,pl,modifier(aux(inf)))" his="normal" his_1="normal" id="8" infl="pl" lcat="smain" lemma="willen" pos="verb" postag="WW(pv,tgw,mv)" pt="ww" pvagr="mv" pvtijd="tgw" rel="hd" root="wil" sc="modifier(aux(inf))" sense="wil" stype="declarative" tense="present" word="willen" wvorm="pv"/>
        <node begin="0" cat="inf" end="6" id="9" rel="vc">
          <node begin="0" end="3" id="10" index="1" rel="su"/>
          <node aform="compar" begin="4" buiging="zonder" end="5" frame="adjective(er(adv))" graad="comp" his="normal" his_1="normal" id="11" infl="no_e" lcat="ap" lemma="nauw" pos="adj" positie="vrij" postag="ADJ(vrij,comp,zonder)" pt="adj" rel="mod" root="nauw" sense="nauw" vform="adj" word="nauwer"/>
          <node begin="5" buiging="zonder" end="6" frame="verb(hebben,inf,ninv(intransitive,part_intransitive(samen)))" his="normal" his_1="part-V" id="12" infl="inf" lcat="inf" lemma="samen_werken" pos="verb" positie="vrij" postag="WW(inf,vrij,zonder)" pt="ww" rel="hd" root="werk_samen" sc="part_intransitive(samen)" sense="werk_samen" word="samenwerken" wvorm="inf"/>
        </node>
      </node>
      <node begin="7" cat="np" end="13" id="13" rel="dp">
        <node begin="7" end="8" frame="determiner(een)" his="normal" his_1="normal" id="14" infl="een" lcat="detp" lemma="een" lwtype="onbep" naamval="stan" npagr="agr" pos="det" postag="LID(onbep,stan,agr)" pt="lid" rel="det" root="een" sense="een" word="een"/>
        <node begin="8" end="9" frame="noun(de,count,sg)" gen="de" genus="zijd" getal="ev" graad="basis" his="normal" his_1="normal" id="15" lcat="np" lemma="dooi" naamval="stan" ntype="soort" num="sg" pos="noun" postag="N(soort,ev,basis,zijd,stan)" pt="n" rel="hd" rnum="sg" root="dooi" sense="dooi" word="dooi"/>
        <node begin="9" cat="pp" end="13" id="16" rel="mod">
          <node begin="9" end="10" frame="preposition(in,[])" his="normal" his_1="normal" id="17" lcat="pp" lemma="in" pos="prep" postag="VZ(init)" pt="vz" rel="hd" root="in" sense="in" vztype="init" word="in"/>
          <node begin="10" cat="np" end="13" id="18" rel="obj1">
            <node begin="10" end="11" frame="determiner(de)" his="normal" his_1="normal" id="19" infl="de" lcat="detp" lemma="de" lwtype="bep" naamval="stan" npagr="rest" pos="det" postag="LID(bep,stan,rest)" pt="lid" rel="det" root="de" sense="de" word="de"/>
            <node aform="base" begin="11" buiging="met-e" end="12" frame="adjective(e)" graad="basis" his="normal" his_1="normal" id="20" infl="e" lcat="ap" lemma="diplomatiek" naamval="stan" pos="adj" positie="prenom" postag="ADJ(prenom,basis,met-e,stan)" pt="adj" rel="mod" root="diplomatiek" sense="diplomatiek" vform="adj" word="diplomatieke"/>
            <node begin="12" end="13" frame="noun(de,count,pl)" gen="de" getal="mv" graad="basis" his="normal" his_1="normal" id="21" lcat="np" lemma="relatie" ntype="soort" num="pl" pos="noun" postag="N(soort,mv,basis)" pt="n" rel="hd" rnum="pl" root="relatie" sense="relatie" word="relaties"/>
          </node>
        </node>
      </node>
    </node>
    <node begin="13" end="14" frame="punct(punt)" his="robust_skip" id="22" lcat="--" lemma="." pos="punct" postag="LET()" pt="let" rel="--" root="." sense="." special="punt" word="."/>
  </node>
  <sentence sentid="3">De twee landen willen nauwer samenwerken en een dooi in de diplomatieke relaties .</sentence>
  <comments>
    <comment>Q#3|De twee landen willen nauwer samenwerken en een dooi in de diplomatieke relaties .|1|3|-1.2190337578800017</comment>
  </comments>
</alpino_ds>
