<?xml version="1.0" encoding="UTF-8"?>
<alpino_ds version="1.6">
  <parser cats="1" skips="0" />
  <node begin="0" cat="top" end="23" id="0" rel="top">
    <node begin="0" cat="smain" end="22" id="1" rel="--">
      <node begin="11" end="12" frame="verb(unacc,pl,passive)" his="normal" his_1="normal" id="2" infl="pl" lcat="smain" lemma="worden" pos="verb" postag="WW(pv,tgw,mv)" pt="ww" pvagr="mv" pvtijd="tgw" rel="hd" root="word" sc="passive" sense="word" stype="declarative" tense="present" word="worden" wvorm="pv"/>
      <node begin="12" cat="np" end="21" id="3" index="1" rel="su">
        <node begin="12" end="13" frame="determiner(de)" his="normal" his_1="normal" id="4" infl="de" lcat="detp" lemma="de" lwtype="bep" naamval="stan" npagr="rest" pos="det" postag="LID(bep,stan,rest)" pt="lid" rel="det" root="de" sense="de" word="de"/>
        <node aform="base" begin="13" buiging="met-e" end="14" frame="adjective(e)" graad="basis" his="normal" his_1="normal" id="5" infl="e" lcat="ap" lemma="diplomatiek" naamval="stan" pos="adj" positie="prenom" postag="ADJ(prenom,basis,met-e,stan)" pt="adj" rel="mod" root="diplomatiek" sense="diplomatiek" vform="adj" word="diplomatieke"/>
        <node begin="14" end="15" frame="noun(het,count,pl)" gen="het" getal="mv" graad="basis" his="normal" his_1="normal" id="6" lcat="np" lemma="contact" ntype="soort" num="pl" pos="noun" postag="N(soort,mv,basis)" pt="n" rel="hd" rnum="pl" root="contact" sense="contact" word="contacten"/>
        <node begin="15" cat="pp" end="21" id="7" rel="mod">
          <node begin="15" end="16" frame="preposition(tussen,[door,in,vandaan])" his="normal" his_1="normal" id="8" lcat="pp" lemma="tussen" pos="prep" postag="VZ(init)" pt="vz" rel="hd" root="tussen" sense="tussen" vztype="init" word="tussen"/>
          <node begin="16" cat="np" end="21" id="9" rel="obj1">
            <node begin="16" end="17" frame="determiner(de)" his="normal" his_1="normal" id="10" infl="de" lcat="detp" lemma="de" lwtype="bep" naamval="stan" npagr="rest" pos="det" postag="LID(bep,stan,rest)" pt="lid" rel="det" root="de" sense="de" word="de"/>
            <node begin="17" end="18" frame="noun(het,count,pl)" gen="het" getal="mv" graad="basis" his="normal" his_1="normal" id="11" lcat="np" lemma="land" ntype="soort" num="pl" pos="noun" postag="N(soort,mv,basis)" pt="n" rel="hd" rnum="pl" root="land" sense="land" word="landen"/>
            <node begin="18" cat="pp" end="21" id="12" rel="mod">
              <node begin="18" end="19" frame="preposition(in,[])" his="normal" his_1="normal" id="13" lcat="pp" lemma="in" pos="prep" postag="VZ(init)" pt="vz" rel="hd" root="in" sense="in" vztype="init" word="in"/>
              <node begin="19" cat="np" end="21" id="14" rel="obj1">
                <node begin="19" end="20" frame="determiner(de)" his="normal" his_1="normal" id="15" infl="de" lcat="detp" lemma="de" lwtype="bep" naamval="stan" npagr="rest" pos="det" postag="LID(bep,stan,rest)" pt="lid" rel="det" root="de" sense="de" word="de"/>
                <node begin="20" end="21" frame="noun(de,count,sg)" gen="de" genus="zijd" getal="ev" graad="basis" his="normal" his_1="normal" id="16" lcat="np" lemma="regio" naamval="stan" ntype="soort" num="sg" pos="noun" postag="N(soort,ev,basis,zijd,stan)" pt="n" rel="hd" rnum="sg" root="regio" sense="regio" word="regio"/>
              </node>
            </node>
          </node>
        </node>
      </node>
      <node begin="0" cat="ppart" end="22" id="17" rel="vc">
        <node begin="0" cat="pp" end="11" id="18" rel="mod">
          <node begin="0" end="1" frame="preposition(in,[])" his="normal" his_1="decap" his_1_1="normal" id="19" lcat="pp" lemma="in" pos="prep" postag="VZ(init)" pt="vz" rel="hd" root="in" sense="in" vztype="init" word="In"/>
          <node begin="1" cat="np" end="11" id="20" rel="obj1">
            <node begin="1" end="2" frame="determiner(de)" his="normal" his_1="normal" id="21" infl="de" lcat="detp" lemma="de" lwtype="bep" naamval="stan" npagr="rest" pos="det" postag="LID(bep,stan,rest)" pt="lid" rel="det" root="de" sense="de" word="de"/>
            <node begin="2" end="3" frame="noun(de,count,sg)" gen="de" genus="zijd" getal="ev" graad="basis" his="normal" his_1="normal" id="22" lcat="np" lemma="aanloop" naamval="stan" ntype="soort" num="sg" pos="noun" postag="N(soort,ev,basis,zijd,stan)" pt="n" rel="hd" rnum="sg" root="aanloop" sense="aanloop" word="aanloop"/>
            <node begin="3" cat="pp" end="11" id="23" rel="mod">
              <node begin="3" end="4" frame="preposition(naar,[toe])" his="normal" his_1="normal" id="24" lcat="pp" lemma="naar" pos="prep" postag="VZ(init)" pt="vz" rel="hd" root="naar" sense="naar" vztype="init" word="naar"/>
              <node begin="4" cat="np" end="11" id="25" rel="obj1">
                <node begin="4" end="5" frame="determiner(de)" his="normal" his_1="normal" id="26" infl="de" lcat="detp" lemma="de" lwtype="bep" naamval="stan" npagr="rest" pos="det" postag="LID(bep,stan,rest)" pt="lid" rel="det" root="de" sense="de" word="de"/>
                <node aform="base" begin="5" buiging="met-e" end="6" frame="adjective(e)" graad="basis" his="normal" his_1="normal" id="27" infl="e" lcat="ap" lemma="historisch" naamval="stan" pos="adj" positie="prenom" postag="ADJ(prenom,basis,met-e,stan)" pt="adj" rel="mod" root="historisch" sense="historisch" vform="adj" word="historische"/>
                <node begin="6" end="7" frame="noun(de,count,sg)" gen="de" genus="zijd" getal="ev" graad="basis" his="normal" his_1="normal" id="28" lcat="np" lemma="ontmoeting" naamval="stan" ntype="soort" num="sg" pos="noun" postag="N(soort,ev,basis,zijd,stan)" pt="n" rel="hd" rnum="sg" root="ontmoeting" sense="ontmoeting" word="ontmoeting"/>
                <node begin="7" cat="pp" end="11" id="29" rel="mod">
                  <node begin="7" end="8" frame="preposition(tussen,[door,in,vandaan])" his="normal" his_1="normal" id="30" lcat="pp" lemma="tussen" pos="prep" postag="VZ(init)" pt="vz" rel="hd" root="tussen" sense="tussen" vztype="init" word="tussen"/>
                  <node begin="8" cat="np" end="11" id="31" rel="obj1">
                    <node begin="8" end="9" frame="determiner(de)" his="normal" his_1="normal" id="32" infl="de" lcat="detp" lemma="de" lwtype="bep" naamval="stan" npagr="rest" pos="det" postag="LID(bep,stan,rest)" pt="lid" rel="det" root="de" sense="de" word="de"/>
                    <node begin="9" end="10" frame="number(hoofd(pl_num))" his="normal" his_1="normal" id="33" infl="pl_num" lcat="detp" lemma="twee" naamval="stan" numtype="hoofd" pos="num" positie="prenom" postag="TW(hoofd,prenom,stan)" pt="tw" rel="det" root="twee" sense="twee" special="hoofd" word="twee"/>
                    <node begin="10" end="11" frame="proper_name(pl,'LOC')" getal="mv" graad="basis" his="normal" his_1="plural" his_1_1="names_dictionary" id="34" lcat="np" lemma="Korea" neclass="LOC" ntype="eigen" num="pl" pos="name" postag="N(eigen,mv,basis)" pt="n" rel="hd" rnum="pl" root="Korea" sense="Korea" word="Korea&apos;s"/>
                  </node>
                </node>
              </node>
            </node>
          </node>
        </node>
        <node begin="12" end="21" id="35" index="1" rel="obj1"/>
        <node begin="21" buiging="zonder" end="22" frame="verb(hebben,psp,ninv(transitive,part_transitive(op)))" his="normal" his_1="part-V" id="36" infl="psp" lcat="ppart" lemma="op_drijven" pos="verb" positie="vrij" postag="WW(vd,vrij,zonder)" pt="ww" rel="hd" root="drijf_op" sc="part_transitive(op)" sense="drijf_op" word="opgedreven" wvorm="vd"/>
      </node>
    </node>
    <node begin="22" end="23" frame="punct(punt)" his="normal" his_1="normal" id="37" lcat="punct" lemma="." pos="punct" postag="LET()" pt="let" rel="--" root="." sense="." special="punt" word="."/>
  </node>
  <sentence sentid="4">In de aanloop naar de historische ontmoeting tussen de twee Korea&apos;s worden de diplomatieke contacten tussen de landen in de regio opgedreven .</sentence>
  <comments>
    <comment>Q#4|In de aanloop naar de historische ontmoeting tussen de twee Korea&apos;s worden de diplomatieke contacten tussen de landen in de regio opgedreven .|1|1|-12.89607629150001</comment>
  </comments>
</alpino_ds>
