<?xml version="1.0" encoding="UTF-8"?>
<alpino_ds version="1.6">
  <parser cats="1" skips="0" />
  <node begin="0" cat="top" end="17" id="0" rel="top">
    <node begin="0" cat="smain" end="16" id="1" rel="--">
      <node begin="0" cat="ap" end="4" id="2" rel="mod">
        <node aform="compar" begin="0" buiging="zonder" end="1" frame="adjective(er(adv))" graad="basis" his="normal" his_1="decap" his_1_1="normal" id="3" infl="no_e" lcat="ap" lemma="eerder" pos="adj" positie="vrij" postag="ADJ(vrij,basis,zonder)" pt="adj" rel="hd" root="eerder" sense="eerder" vform="adj" word="Eerder"/>
        <node begin="1" cat="pp" end="4" id="4" rel="mod">
          <node begin="1" end="2" frame="preposition(op,[af,na])" his="normal" his_1="normal" id="5" lcat="pp" lemma="op" pos="prep" postag="VZ(init)" pt="vz" rel="hd" root="op" sense="op" vztype="init" word="op"/>
          <node begin="2" cat="np" end="4" id="6" rel="obj1">
            <node begin="2" end="3" frame="determiner(de)" his="normal" his_1="normal" id="7" infl="de" lcat="detp" lemma="de" lwtype="bep" naamval="stan" npagr="rest" pos="det" postag="LID(bep,stan,rest)" pt="lid" rel="det" root="de" sense="de" word="de"/>
            <node begin="3" end="4" frame="tmp_noun(de,count,sg)" gen="de" genus="zijd" getal="ev" graad="basis" his="normal" his_1="normal" id="8" lcat="np" lemma="dag" naamval="stan" ntype="soort" num="sg" pos="noun" postag="N(soort,ev,basis,zijd,stan)" pt="n" rel="hd" rnum="sg" root="dag" sense="dag" special="tmp" word="dag"/>
          </node>
        </node>
      </node>
      <node begin="4" end="5" frame="verb(unacc,past(sg),part_sbar_subj_no_het(bekend))" his="normal" his_1="normal" id="9" infl="sg" lcat="smain" lemma="bekend_raken" pos="verb" postag="WW(pv,verl,ev)" pt="ww" pvagr="ev" pvtijd="verl" rel="hd" root="raak_bekend" sc="part_sbar_subj_no_het(bekend)" sense="raak_bekend" stype="declarative" tense="past" word="raakte" wvorm="pv"/>
      <node begin="5" end="6" frame="adverb" his="normal" his_1="normal" id="10" lcat="advp" lemma="al" pos="adv" postag="BW()" pt="bw" rel="mod" root="al" sense="al" word="al"/>
      <node begin="6" buiging="zonder" end="7" frame="particle(bekend)" graad="basis" his="normal" his_1="normal" id="11" lcat="part" lemma="bekend" pos="part" positie="vrij" postag="ADJ(vrij,basis,zonder)" pt="adj" rel="svp" root="bekend" sense="bekend" word="bekend"/>
      <node begin="7" cat="cp" end="16" id="12" rel="su">
        <node begin="7" conjtype="onder" end="8" frame="complementizer(dat)" his="normal" his_1="normal" id="13" lcat="cp" lemma="dat" pos="comp" postag="VG(onder)" pt="vg" rel="cmp" root="dat" sc="dat" sense="dat" word="dat"/>
        <node begin="8" cat="ssub" end="16" id="14" rel="body">
          <node begin="8" cat="np" end="11" id="15" rel="su">
            <node begin="8" end="9" frame="determiner(de)" his="normal" his_1="normal" id="16" infl="de" lcat="detp" lemma="de" lwtype="bep" naamval="stan" npagr="rest" pos="det" postag="LID(bep,stan,rest)" pt="lid" rel="det" root="de" sense="de" word="de"/>
            <node aform="base" begin="9" buiging="met-e" end="10" frame="adjective(e)" graad="basis" his="normal" his_1="normal" id="17" infl="e" lcat="ap" lemma="Japans" naamval="stan" pos="adj" positie="prenom" postag="ADJ(prenom,basis,met-e,stan)" pt="adj" rel="mod" root="Japans" sense="Japans" vform="adj" word="Japanse"/>
            <node begin="10" end="11" frame="noun(de,count,sg)" gen="de" genus="zijd" getal="ev" graad="basis" his="compound" his_1="2" id="18" lcat="np" lemma="buitenland_minister" naamval="stan" ntype="soort" num="sg" pos="noun" postag="N(soort,ev,basis,zijd,stan)" pt="n" rel="hd" rnum="sg" root="buitenland_minister" sense="buitenland_minister" word="buitenlandminister"/>
          </node>
          <node begin="11" cat="np" end="13" id="19" rel="mod">
            <node aform="base" begin="11" buiging="met-e" end="12" frame="adjective(ende(padv))" his="normal" his_1="V-de" his_1_1="normal" id="20" infl="e" lcat="ppres" lemma="volgen" pos="adj" positie="prenom" postag="WW(od,prenom,met-e)" pt="ww" rel="mod" root="volg" sense="volg" vform="gerund" word="volgende" wvorm="od"/>
            <node begin="12" end="13" frame="tmp_noun(de,count,sg)" gen="de" genus="zijd" getal="ev" graad="basis" his="normal" his_1="normal" id="21" lcat="np" lemma="week" naamval="stan" ntype="soort" num="sg" pos="noun" postag="N(soort,ev,basis,zijd,stan)" pt="n" rel="hd" rnum="sg" root="week" sense="week" special="tmp" word="week"/>
          </node>
          <node begin="13" end="14" frame="verb(zijn,sg3,ninv(ld_pp,part_ld_pp(af)))" his="normal" his_1="part-V" id="22" infl="sg3" lcat="ssub" lemma="af_reizen" pos="verb" postag="WW(pv,tgw,met-t)" pt="ww" pvagr="met-t" pvtijd="tgw" rel="hd" root="reis_af" sc="part_ld_pp(af)" sense="reis_af" tense="present" word="afreist" wvorm="pv"/>
          <node begin="14" cat="pp" end="16" id="23" rel="ld">
            <node begin="14" end="15" frame="preposition(naar,[toe])" his="normal" his_1="normal" id="24" lcat="pp" lemma="naar" pos="prep" postag="VZ(init)" pt="vz" rel="hd" root="naar" sense="naar" vztype="init" word="naar"/>
            <node begin="15" end="16" frame="proper_name(sg,'LOC')" genus="onz" getal="ev" graad="basis" his="normal" his_1="names_dictionary" id="25" lcat="np" lemma="Seoel" naamval="stan" neclass="LOC" ntype="eigen" num="sg" pos="name" postag="N(eigen,ev,basis,onz,stan)" pt="n" rel="obj1" rnum="sg" root="Seoel" sense="Seoel" word="Seoel"/>
          </node>
        </node>
      </node>
    </node>
    <node begin="16" end="17" frame="punct(punt)" his="normal" his_1="normal" id="26" lcat="punct" lemma="." pos="punct" postag="LET()" pt="let" rel="--" root="." sense="." special="punt" word="."/>
  </node>
  <sentence sentid="5">Eerder op de dag raakte al bekend dat de Japanse buitenlandminister volgende week afreist naar Seoel .</sentence>
  <comments>
    <comment>Q#5|Eerder op de dag raakte al bekend dat de Japanse buitenlandminister volgende week afreist naar Seoel .|1|1|-11.6844032343</comment>
  </comments>
</alpino_ds>
