<?xml version="1.0" encoding="UTF-8"?>
<alpino_ds version="1.6">
  <parser cats="1" skips="0" />
  <node begin="0" cat="top" end="6" id="0" rel="top">
    <node begin="0" cat="smain" end="6" id="1" rel="--">
      <node begin="0" end="1" frame="proper_name(both,'PER')" genus="zijd" getal="ev" graad="basis" his="name" his_1="begin" id="2" lcat="np" lemma="Snowden" naamval="stan" neclass="PER" ntype="eigen" num="both" pos="name" postag="N(eigen,ev,basis,zijd,stan)" pt="n" rel="su" rnum="sg" root="Snowden" sense="Snowden" word="Snowden"/>
      <node begin="1" end="2" frame="verb(hebben,sg3,np_ld_pp)" his="normal" his_1="normal" id="3" infl="sg3" lcat="smain" lemma="brengen" pos="verb" postag="WW(pv,tgw,met-t)" pt="ww" pvagr="met-t" pvtijd="tgw" rel="hd" root="breng" sc="np_ld_pp" sense="breng" stype="declarative" tense="present" word="brengt" wvorm="pv"/>
      <node begin="2" case="dat_acc" def="def" end="3" frame="pronoun(nwh,thi,both,de,dat_acc,def)" gen="de" getal="getal" his="normal" his_1="normal" id="4" lcat="np" lemma="zichzelf" naamval="obl" num="both" pdtype="pron" per="thi" persoon="3" pos="pron" postag="VNW(refl,pron,obl,nadr,3,getal)" pt="vnw" rel="obj1" rnum="sg" root="zichzelf" sense="zichzelf" status="nadr" vwtype="refl" wh="nwh" word="zichzelf"/>
      <node begin="3" cat="pp" end="6" id="5" rel="ld">
        <node begin="3" end="4" frame="preposition(in,[])" his="normal" his_1="normal" id="6" lcat="pp" lemma="in" pos="prep" postag="VZ(init)" pt="vz" rel="hd" root="in" sense="in" vztype="init" word="in"/>
        <node begin="4" cat="np" end="6" id="7" rel="obj1">
          <node aform="base" begin="4" buiging="zonder" end="5" frame="adjective(no_e(adv))" graad="basis" his="normal" his_1="normal" id="8" infl="no_e" lcat="ap" lemma="lastig" pos="adj" positie="prenom" postag="ADJ(prenom,basis,zonder)" pt="adj" rel="mod" root="lastig" sense="lastig" vform="adj" word="lastig"/>
          <node begin="5" end="6" frame="noun(het,count,sg)" gen="het" genus="onz" getal="ev" graad="basis" his="normal" his_1="normal" id="9" lcat="np" lemma="parket" naamval="stan" ntype="soort" num="sg" pos="noun" postag="N(soort,ev,basis,onz,stan)" pt="n" rel="hd" rnum="sg" root="parket" sense="parket" word="parket"/>
        </node>
      </node>
    </node>
  </node>
  <sentence sentid="1">Snowden brengt zichzelf in lastig parket</sentence>
  <comments>
    <comment>Q#1|Snowden brengt zichzelf in lastig parket|1|1|-1.8803581398300024</comment>
  </comments>
</alpino_ds>
