<?xml version="1.0" encoding="UTF-8"?>
<alpino_ds version="1.6">
  <parser cats="1" skips="0" />
  <node begin="0" cat="top" end="26" id="0" rel="top">
    <node begin="9" end="10" frame="punct(komma)" his="normal" his_1="normal" id="1" lcat="punct" lemma="," pos="punct" postag="LET()" pt="let" rel="--" root="," sense="," special="komma" word=","/>
    <node begin="0" cat="smain" end="25" id="2" rel="--">
      <node begin="0" end="1" frame="determiner(het,nwh,nmod,pro,nparg)" getal="ev" his="normal" his_1="decap" his_1_1="normal" id="3" infl="het" lcat="np" lemma="dat" naamval="stan" pdtype="pron" persoon="3o" pos="det" postag="VNW(aanw,pron,stan,vol,3o,ev)" pt="vnw" rel="su" rnum="sg" root="dat" sense="dat" status="vol" vwtype="aanw" wh="nwh" word="Dat"/>
      <node begin="1" end="2" frame="verb(hebben,sg3,transitive)" his="normal" his_1="normal" id="4" infl="sg3" lcat="smain" lemma="zeggen" pos="verb" postag="WW(pv,tgw,met-t)" pt="ww" pvagr="met-t" pvtijd="tgw" rel="hd" root="zeg" sc="transitive" sense="zeg" stype="declarative" tense="present" word="zegt" wvorm="pv"/>
      <node begin="2" cat="np" end="18" id="5" rel="obj1">
        <node begin="2" end="3" frame="determiner(de)" his="normal" his_1="normal" id="6" infl="de" lcat="detp" lemma="de" lwtype="bep" naamval="stan" npagr="rest" pos="det" postag="LID(bep,stan,rest)" pt="lid" rel="det" root="de" sense="de" word="de"/>
        <node begin="3" end="4" frame="noun(de,count,sg)" gen="de" genus="zijd" getal="ev" graad="basis" his="normal" his_1="normal" id="7" lcat="np" lemma="klokkenluider" naamval="stan" ntype="soort" num="sg" pos="noun" postag="N(soort,ev,basis,zijd,stan)" pt="n" rel="hd" rnum="sg" root="klokkenluider" sense="klokkenluider" word="klokkenluider"/>
        <node begin="4" cat="pp" end="9" id="8" rel="mod">
          <node begin="4" end="5" frame="preposition(van,[af,uit,vandaan,[af,aan]])" his="normal" his_1="normal" id="9" lcat="pp" lemma="van" pos="prep" postag="VZ(init)" pt="vz" rel="hd" root="van" sense="van" vztype="init" word="van"/>
          <node begin="5" cat="np" end="9" id="10" rel="obj1">
            <node begin="5" end="6" frame="determiner(het,nwh,nmod,pro,nparg,wkpro)" his="normal" his_1="normal" id="11" infl="het" lcat="detp" lemma="het" lwtype="bep" naamval="stan" npagr="evon" pos="det" postag="LID(bep,stan,evon)" pt="lid" rel="det" root="het" sense="het" wh="nwh" word="het"/>
            <node begin="6" end="7" frame="noun(het,count,sg)" gen="het" genus="onz" getal="ev" graad="basis" his="compound" his_1="hyphen" id="12" lcat="np" lemma="NSA_schandaal" naamval="stan" ntype="soort" num="sg" pos="noun" postag="N(soort,ev,basis,onz,stan)" pt="n" rel="hd" rnum="sg" root="NSA_schandaal" sense="NSA_schandaal" word="NSA-schandaal"/>
            <node begin="7" cat="mwu" end="9" his="name" his_1="not_begin" id="13" mwu_root="Edward Snowden" mwu_sense="Edward Snowden" rel="app">
              <node begin="7" end="8" frame="proper_name(both,'PER')" id="14" lcat="np" lemma="Edward" neclass="PER" num="both" pos="name" postag="SPEC(deeleigen)" pt="spec" rel="mwp" rnum="sg" root="Edward" sense="Edward" spectype="deeleigen" word="Edward"/>
              <node begin="8" end="9" frame="proper_name(both,'PER')" id="15" lcat="np" lemma="Snowden" neclass="PER" num="both" pos="name" postag="SPEC(deeleigen)" pt="spec" rel="mwp" rnum="sg" root="Snowden" sense="Snowden" spectype="deeleigen" word="Snowden"/>
            </node>
          </node>
        </node>
        <node begin="10" cat="rel" end="18" id="16" rel="mod">
          <node begin="10" case="no_obl" end="11" frame="rel_pronoun(de,no_obl)" gen="de" getal="getal" his="normal" his_1="normal" id="17" index="1" lcat="np" lemma="die" naamval="stan" pdtype="pron" persoon="persoon" pos="pron" postag="VNW(betr,pron,stan,vol,persoon,getal)" pt="vnw" rel="rhd" rnum="sg" root="die" sense="die" status="vol" vwtype="betr" wh="rel" word="die"/>
          <node begin="10" cat="ssub" end="18" id="18" rel="body">
            <node begin="10" end="11" id="19" index="1" rel="su"/>
            <node begin="11" cat="np" end="14" id="20" rel="mod">
              <node begin="11" end="12" frame="modal_adverb" his="normal" his_1="normal" id="21" lcat="advp" lemma="al" pos="adv" postag="BW()" pt="bw" rel="mod" root="al" sc="modal" sense="al" word="al"/>
              <node begin="12" end="13" frame="number(hoofd(pl_num))" his="normal" his_1="normal" id="22" infl="pl_num" lcat="detp" lemma="vijf" naamval="stan" numtype="hoofd" pos="num" positie="prenom" postag="TW(hoofd,prenom,stan)" pt="tw" rel="det" root="vijf" sense="vijf" special="hoofd" word="vijf"/>
              <node begin="13" end="14" frame="tmp_noun(het,count,bare_meas)" gen="het" genus="onz" getal="ev" graad="basis" his="normal" his_1="normal" id="23" lcat="np" lemma="jaar" naamval="stan" ntype="soort" num="bare_meas" pos="noun" postag="N(soort,ev,basis,onz,stan)" pt="n" rel="hd" rnum="pl" root="jaar" sense="jaar" special="tmp" word="jaar"/>
            </node>
            <node begin="14" cat="pp" end="17" id="24" rel="ld">
              <node begin="14" end="15" frame="preposition(in,[])" his="normal" his_1="normal" id="25" lcat="pp" lemma="in" pos="prep" postag="VZ(init)" pt="vz" rel="hd" root="in" sense="in" vztype="init" word="in"/>
              <node begin="15" cat="np" end="17" id="26" rel="obj1">
                <node begin="15" end="16" frame="determiner(het,nwh,nmod,pro,nparg,wkpro)" his="normal" his_1="normal" id="27" infl="het" lcat="detp" lemma="het" lwtype="bep" naamval="stan" npagr="evon" pos="det" postag="LID(bep,stan,evon)" pt="lid" rel="det" root="het" sense="het" wh="nwh" word="het"/>
                <node begin="16" end="17" frame="noun(het,count,sg)" gen="het" genus="onz" getal="ev" graad="basis" his="normal" his_1="normal" id="28" lcat="np" lemma="land" naamval="stan" ntype="soort" num="sg" pos="noun" postag="N(soort,ev,basis,onz,stan)" pt="n" rel="hd" rnum="sg" root="land" sense="land" word="land"/>
              </node>
            </node>
            <node begin="17" end="18" frame="verb('hebben/zijn',sg3,ld_pp)" his="normal" his_1="normal" id="29" infl="sg3" lcat="ssub" lemma="verblijven" pos="verb" postag="WW(pv,tgw,met-t)" pt="ww" pvagr="met-t" pvtijd="tgw" rel="hd" root="verblijf" sc="ld_pp" sense="verblijf" tense="present" word="verblijft" wvorm="pv"/>
          </node>
        </node>
      </node>
      <node begin="18" cat="oti" end="25" id="30" rel="mod">
        <node begin="18" end="19" frame="complementizer(om)" his="normal" his_1="normal" id="31" lcat="oti" lemma="om" pos="comp" postag="VZ(init)" pt="vz" rel="cmp" root="om" sc="om" sense="om" vztype="init" word="om"/>
        <node begin="19" cat="ti" end="25" id="32" rel="body">
          <node begin="19" end="20" frame="complementizer(te)" his="normal" his_1="normal" id="33" lcat="ti" lemma="te" pos="comp" postag="VZ(init)" pt="vz" rel="cmp" root="te" sc="te" sense="te" vztype="init" word="te"/>
          <node begin="20" cat="inf" end="25" id="34" rel="body">
            <node begin="20" buiging="zonder" end="21" frame="verb(zijn,inf,pc_pp(aan))" his="normal" his_1="normal" id="35" infl="inf" lcat="inf" lemma="ontkomen" pos="verb" positie="vrij" postag="WW(inf,vrij,zonder)" pt="ww" rel="hd" root="ontkom" sc="pc_pp(aan)" sense="ontkom-aan" word="ontkomen" wvorm="inf"/>
            <node begin="21" cat="pp" end="25" id="36" rel="pc">
              <node begin="21" end="22" frame="preposition(aan,[vooraf])" his="normal" his_1="normal" id="37" lcat="pp" lemma="aan" pos="prep" postag="VZ(init)" pt="vz" rel="hd" root="aan" sense="aan" vztype="init" word="aan"/>
              <node begin="22" cat="np" end="25" id="38" rel="obj1">
                <node begin="22" end="23" frame="determiner(de)" his="normal" his_1="normal" id="39" infl="de" lcat="detp" lemma="de" lwtype="bep" naamval="stan" npagr="rest" pos="det" postag="LID(bep,stan,rest)" pt="lid" rel="det" root="de" sense="de" word="de"/>
                <node aform="base" begin="23" buiging="met-e" end="24" frame="adjective(e)" graad="basis" his="normal" his_1="normal" id="40" infl="e" lcat="ap" lemma="Amerikaans" naamval="stan" pos="adj" positie="prenom" postag="ADJ(prenom,basis,met-e,stan)" pt="adj" rel="mod" root="Amerikaans" sense="Amerikaans" vform="adj" word="Amerikaanse"/>
                <node begin="24" end="25" frame="noun(de,count,pl)" gen="de" getal="mv" graad="basis" his="normal" his_1="normal" id="41" lcat="np" lemma="inlichting_dienst" ntype="soort" num="pl" pos="noun" postag="N(soort,mv,basis)" pt="n" rel="hd" rnum="pl" root="inlichting_dienst" sense="inlichting_dienst" word="inlichtingendiensten"/>
              </node>
            </node>
          </node>
        </node>
      </node>
    </node>
    <node begin="25" end="26" frame="punct(punt)" his="normal" his_1="normal" id="42" lcat="punct" lemma="." pos="punct" postag="LET()" pt="let" rel="--" root="." sense="." special="punt" word="."/>
  </node>
  <sentence sentid="3">Dat zegt de klokkenluider van het NSA-schandaal Edward Snowden , die al vijf jaar in het land verblijft om te ontkomen aan de Amerikaanse inlichtingendiensten .</sentence>
  <comments>
    <comment>Q#3|Dat zegt de klokkenluider van het NSA-schandaal Edward Snowden , die al vijf jaar in het land verblijft om te ontkomen aan de Amerikaanse inlichtingendiensten .|1|1|-8.800409407069994</comment>
  </comments>
</alpino_ds>
