<?xml version="1.0" encoding="UTF-8"?>
<alpino_ds version="1.6">
  <parser cats="1" skips="0" />
  <node begin="0" cat="top" end="10" id="0" rel="top">
    <node begin="0" cat="smain" end="9" id="1" rel="--">
      <node begin="0" cat="pp" end="3" id="2" rel="mod">
        <node begin="0" end="1" frame="preposition(door,[heen])" his="normal" his_1="decap" his_1_1="normal" id="3" lcat="pp" lemma="door" pos="prep" postag="VZ(init)" pt="vz" rel="hd" root="door" sense="door" vztype="init" word="Door"/>
        <node begin="1" cat="np" end="3" id="4" rel="obj1">
          <node begin="1" end="2" frame="determiner(de)" his="normal" his_1="normal" id="5" infl="de" lcat="detp" lemma="de" lwtype="bep" naamval="stan" npagr="rest" pos="det" postag="LID(bep,stan,rest)" pt="lid" rel="det" root="de" sense="de" word="de"/>
          <node begin="2" end="3" frame="noun(de,count,sg)" gen="de" genus="zijd" getal="ev" graad="basis" his="normal" his_1="normal" id="6" lcat="np" lemma="uitspraak" naamval="stan" ntype="soort" num="sg" pos="noun" postag="N(soort,ev,basis,zijd,stan)" pt="n" rel="hd" rnum="sg" root="uitspraak" sense="uitspraak" word="uitspraak"/>
        </node>
      </node>
      <node begin="3" end="4" frame="verb(hebben,sg3,pp_pred_np)" his="normal" his_1="normal" id="7" infl="sg3" lcat="smain" lemma="brengen" pos="verb" postag="WW(pv,tgw,met-t)" pt="ww" pvagr="met-t" pvtijd="tgw" rel="hd" root="breng" sc="pp_pred_np" sense="breng" stype="declarative" tense="present" word="brengt" wvorm="pv"/>
      <node begin="4" case="nom" def="def" end="5" frame="pronoun(nwh,thi,sg,de,nom,def)" gen="de" genus="masc" getal="ev" his="normal" his_1="normal" id="8" lcat="np" lemma="hij" naamval="nomin" num="sg" pdtype="pron" per="thi" persoon="3" pos="pron" postag="VNW(pers,pron,nomin,vol,3,ev,masc)" pt="vnw" rel="su" rnum="sg" root="hij" sense="hij" status="vol" vwtype="pers" wh="nwh" word="hij"/>
      <node begin="5" case="dat_acc" def="def" end="6" frame="pronoun(nwh,thi,both,de,dat_acc,def)" gen="de" getal="getal" his="normal" his_1="normal" id="9" lcat="np" lemma="zichzelf" naamval="obl" num="both" pdtype="pron" per="thi" persoon="3" pos="pron" postag="VNW(refl,pron,obl,nadr,3,getal)" pt="vnw" rel="obj1" rnum="sg" root="zichzelf" sense="zichzelf" status="nadr" vwtype="refl" wh="nwh" word="zichzelf"/>
      <node begin="6" cat="pp" end="9" id="10" rel="predc">
        <node begin="6" end="7" frame="preposition(in,[])" his="normal" his_1="normal" id="11" lcat="pp" lemma="in" pos="prep" postag="VZ(init)" pt="vz" rel="hd" root="in" sense="in" vztype="init" word="in"/>
        <node begin="7" cat="np" end="9" id="12" rel="obj1">
          <node begin="7" end="8" frame="determiner(de)" his="normal" his_1="normal" id="13" infl="de" lcat="detp" lemma="de" lwtype="bep" naamval="stan" npagr="rest" pos="det" postag="LID(bep,stan,rest)" pt="lid" rel="det" root="de" sense="de" word="de"/>
          <node begin="8" end="9" frame="noun(het,count,pl,pred_pp_pl(in))" gen="het" getal="mv" graad="basis" his="normal" his_1="normal" id="14" lcat="np" lemma="probleem" ntype="soort" num="pl" pos="noun" postag="N(soort,mv,basis)" pt="n" rel="hd" rnum="pl" root="probleem" sc="pred_pp_pl(in)" sense="probleem" word="problemen"/>
        </node>
      </node>
    </node>
    <node begin="9" end="10" frame="punct(punt)" his="normal" his_1="normal" id="15" lcat="punct" lemma="." pos="punct" postag="LET()" pt="let" rel="--" root="." sense="." special="punt" word="."/>
  </node>
  <sentence sentid="4">Door de uitspraak brengt hij zichzelf in de problemen .</sentence>
  <comments>
    <comment>Q#4|Door de uitspraak brengt hij zichzelf in de problemen .|1|1|-4.214353367080002</comment>
  </comments>
</alpino_ds>
