<?xml version="1.0" encoding="UTF-8"?>
<alpino_ds version="1.6">
  <parser cats="1" skips="0" />
  <node begin="0" cat="top" end="5" id="0" rel="top">
    <node begin="0" cat="du" end="5" id="1" rel="--">
      <node begin="0" cat="np" end="4" id="2" rel="dp">
        <node aform="base" begin="0" buiging="zonder" end="1" frame="adjective(both(nonadv))" graad="basis" his="normal" his_1="decap" his_1_1="normal" id="3" infl="both" lcat="ap" lemma="voormalig" pos="adj" positie="prenom" postag="ADJ(prenom,basis,zonder)" pt="adj" rel="mod" root="voormalig" sense="voormalig" vform="adj" word="Voormalig"/>
        <node begin="1" end="2" frame="noun(de,count,sg)" gen="de" genus="zijd" getal="ev" graad="basis" his="normal" his_1="normal" id="4" lcat="np" lemma="VN-secretaris-generaal" naamval="stan" ntype="soort" num="sg" pos="noun" postag="N(soort,ev,basis,zijd,stan)" pt="n" rel="hd" rnum="sg" root="VN-secretaris-generaal" sense="VN-secretaris-generaal" word="VN-secretaris-generaal"/>
        <node begin="2" cat="mwu" end="4" his="normal" his_1="names_dictionary" id="5" mwu_root="Kofi Annan" mwu_sense="Kofi Annan" rel="app">
          <node begin="2" end="3" frame="proper_name(sg,'PER')" id="6" lcat="np" lemma="Kofi" neclass="PER" num="sg" pos="name" postag="SPEC(deeleigen)" pt="spec" rel="mwp" rnum="sg" root="Kofi" sense="Kofi" spectype="deeleigen" word="Kofi"/>
          <node begin="3" end="4" frame="proper_name(sg,'PER')" id="7" lcat="np" lemma="Annan" neclass="PER" num="sg" pos="name" postag="SPEC(deeleigen)" pt="spec" rel="mwp" rnum="sg" root="Annan" sense="Annan" spectype="deeleigen" word="Annan"/>
        </node>
      </node>
      <node aform="base" begin="4" buiging="zonder" end="5" frame="adjective(ge_both(adv))" his="normal" his_1="normal" id="8" infl="both" lcat="ppart" lemma="overleden" pos="adj" positie="vrij" postag="WW(vd,vrij,zonder)" pt="ww" rel="dp" root="overleden" sense="overleden" vform="psp" word="overleden" wvorm="vd"/>
    </node>
  </node>
  <sentence sentid="1">Voormalig VN-secretaris-generaal Kofi Annan overleden</sentence>
  <comments>
    <comment>Q#1|Voormalig VN-secretaris-generaal Kofi Annan overleden|1|1|1.6942321846499993</comment>
  </comments>
</alpino_ds>
