<?xml version="1.0" encoding="UTF-8"?>
<alpino_ds version="1.6">
  <parser cats="1" skips="0" />
  <node begin="0" cat="top" end="26" id="0" rel="top">
    <node begin="20" end="21" frame="punct(komma)" his="normal" his_1="normal" id="1" lcat="punct" lemma="," pos="punct" postag="LET()" pt="let" rel="--" root="," sense="," special="komma" word=","/>
    <node begin="0" cat="smain" end="25" id="2" rel="--">
      <node begin="0" cat="np" end="9" id="3" rel="predc">
        <node begin="0" end="1" frame="determiner(de)" his="normal" his_1="decap" his_1_1="normal" id="4" infl="de" lcat="detp" lemma="de" lwtype="bep" naamval="stan" npagr="rest" pos="det" postag="LID(bep,stan,rest)" pt="lid" rel="det" root="de" sense="de" word="De"/>
        <node aform="base" begin="1" buiging="met-e" end="2" frame="adjective(e)" graad="basis" his="normal" his_1="normal" id="5" infl="e" lcat="ap" lemma="voormalig" naamval="stan" pos="adj" positie="prenom" postag="ADJ(prenom,basis,met-e,stan)" pt="adj" rel="mod" root="voormalig" sense="voormalig" vform="adj" word="voormalige"/>
        <node begin="2" end="3" frame="noun(de,count,sg)" gen="de" genus="zijd" getal="ev" graad="basis" his="normal" his_1="normal" id="6" lcat="np" lemma="secretaris-generaal" naamval="stan" ntype="soort" num="sg" pos="noun" postag="N(soort,ev,basis,zijd,stan)" pt="n" rel="hd" rnum="sg" root="secretaris-generaal" sense="secretaris-generaal" word="secretaris-generaal"/>
        <node begin="3" cat="pp" end="7" id="7" rel="mod">
          <node begin="3" end="4" frame="preposition(van,[af,uit,vandaan,[af,aan]])" his="normal" his_1="normal" id="8" lcat="pp" lemma="van" pos="prep" postag="VZ(init)" pt="vz" rel="hd" root="van" sense="van" vztype="init" word="van"/>
          <node begin="4" cat="np" end="7" id="9" rel="obj1">
            <node begin="4" end="5" frame="determiner(de)" his="normal" his_1="normal" id="10" infl="de" lcat="detp" lemma="de" lwtype="bep" naamval="stan" npagr="rest" pos="det" postag="LID(bep,stan,rest)" pt="lid" rel="det" root="de" sense="de" word="de"/>
            <node begin="5" cat="mwu" end="7" his="normal" his_1="names_dictionary" id="11" mwu_root="Verenigde Naties" mwu_sense="Verenigde Naties" rel="hd">
              <node begin="5" end="6" frame="proper_name(both,'ORG')" id="12" lcat="np" lemma="Verenigde" neclass="ORG" num="both" pos="name" postag="SPEC(deeleigen)" pt="spec" rel="mwp" rnum="sg" root="Verenigde" sense="Verenigde" spectype="deeleigen" word="Verenigde"/>
              <node begin="6" end="7" frame="proper_name(both,'ORG')" id="13" lcat="np" lemma="Naties" neclass="ORG" num="both" pos="name" postag="SPEC(deeleigen)" pt="spec" rel="mwp" rnum="sg" root="Naties" sense="Naties" spectype="deeleigen" word="Naties"/>
            </node>
          </node>
        </node>
        <node begin="7" cat="mwu" end="9" his="normal" his_1="names_dictionary" id="14" mwu_root="Kofi Annan" mwu_sense="Kofi Annan" rel="app">
          <node begin="7" end="8" frame="proper_name(sg,'PER')" id="15" lcat="np" lemma="Kofi" neclass="PER" num="sg" pos="name" postag="SPEC(deeleigen)" pt="spec" rel="mwp" rnum="sg" root="Kofi" sense="Kofi" spectype="deeleigen" word="Kofi"/>
          <node begin="8" end="9" frame="proper_name(sg,'PER')" id="16" lcat="np" lemma="Annan" neclass="PER" num="sg" pos="name" postag="SPEC(deeleigen)" pt="spec" rel="mwp" rnum="sg" root="Annan" sense="Annan" spectype="deeleigen" word="Annan"/>
        </node>
      </node>
      <node begin="9" end="10" frame="verb(unacc,sg_heeft,copula)" his="normal" his_1="normal" id="17" infl="sg_heeft" lcat="smain" lemma="zijn" pos="verb" postag="WW(pv,tgw,ev)" pt="ww" pvagr="ev" pvtijd="tgw" rel="hd" root="ben" sc="copula" sense="ben" stype="declarative" tense="present" word="is" wvorm="pv"/>
      <node begin="10" end="11" frame="tmp_noun(de,count,sg)" gen="de" genus="zijd" getal="ev" graad="basis" his="normal" his_1="normal" id="18" lcat="np" lemma="zaterdag" naamval="stan" ntype="eigen" num="sg" pos="noun" postag="N(eigen,ev,basis,zijd,stan)" pt="n" rel="su" rnum="sg" root="zaterdag" sense="zaterdag" special="tmp" word="zaterdag"/>
      <node begin="11" cat="pp" end="20" id="19" rel="mod">
        <node begin="11" end="12" frame="preposition(op,[af,na])" his="normal" his_1="normal" id="20" lcat="pp" lemma="op" pos="prep" postag="VZ(init)" pt="vz" rel="hd" root="op" sense="op" vztype="init" word="op"/>
        <node begin="12" cat="np" end="20" id="21" rel="obj1">
          <node aform="base" begin="12" buiging="met-e" end="13" frame="adjective(e)" graad="basis" his="normal" his_1="normal" id="22" infl="e" lcat="ap" lemma="80_jarig" naamval="stan" pos="adj" positie="prenom" postag="ADJ(prenom,basis,met-e,stan)" pt="adj" rel="mod" root="80_jarig" sense="80_jarig" vform="adj" word="80-jarige"/>
          <node begin="13" end="14" frame="noun(de,count,sg)" gen="de" genus="zijd" getal="ev" graad="basis" his="normal" his_1="normal" id="23" lcat="np" lemma="leeftijd" naamval="stan" ntype="soort" num="sg" pos="noun" postag="N(soort,ev,basis,zijd,stan)" pt="n" rel="hd" rnum="sg" root="leeftijd" sense="leeftijd" word="leeftijd"/>
          <node begin="14" cat="ppart" end="20" id="24" rel="mod">
            <node aform="base" begin="14" buiging="zonder" end="15" frame="adjective(ge_both(adv))" his="normal" his_1="normal" id="25" infl="both" lcat="ppart" lemma="overleden" pos="adj" positie="vrij" postag="WW(vd,vrij,zonder)" pt="ww" rel="hd" root="overleden" sense="overleden" vform="psp" word="overleden" wvorm="vd"/>
            <node begin="15" cat="pp" end="20" id="26" rel="mod">
              <node begin="15" end="16" frame="preposition(in,[])" his="normal" his_1="normal" id="27" lcat="pp" lemma="in" pos="prep" postag="VZ(init)" pt="vz" rel="hd" root="in" sense="in" vztype="init" word="in"/>
              <node begin="16" cat="np" end="20" id="28" rel="obj1">
                <node begin="16" buiging="zonder" end="17" frame="determiner(pron)" getal="ev" his="normal" his_1="normal" id="29" infl="pron" lcat="detp" lemma="zijn" naamval="stan" npagr="agr" pdtype="det" persoon="3" pos="det" positie="prenom" postag="VNW(bez,det,stan,vol,3,ev,prenom,zonder,agr)" pron="true" pt="vnw" rel="det" root="zijn" sense="zijn" status="vol" vwtype="bez" word="zijn"/>
                <node begin="17" end="18" frame="noun(de,count,sg)" gen="de" genus="zijd" getal="ev" graad="basis" his="normal" his_1="normal" id="30" lcat="np" lemma="woning" naamval="stan" ntype="soort" num="sg" pos="noun" postag="N(soort,ev,basis,zijd,stan)" pt="n" rel="hd" rnum="sg" root="woning" sense="woning" word="woning"/>
                <node begin="18" cat="pp" end="20" id="31" rel="mod">
                  <node begin="18" end="19" frame="preposition(in,[])" his="normal" his_1="normal" id="32" lcat="pp" lemma="in" pos="prep" postag="VZ(init)" pt="vz" rel="hd" root="in" sense="in" vztype="init" word="in"/>
                  <node begin="19" end="20" frame="proper_name(sg,'LOC')" genus="onz" getal="ev" graad="basis" his="normal" his_1="names_dictionary" id="33" lcat="np" lemma="Zwitserland" naamval="stan" neclass="LOC" ntype="eigen" num="sg" pos="name" postag="N(eigen,ev,basis,onz,stan)" pt="n" rel="obj1" rnum="sg" root="Zwitserland" sense="Zwitserland" word="Zwitserland"/>
                </node>
              </node>
            </node>
          </node>
        </node>
      </node>
      <node begin="21" cat="pp" end="25" id="34" rel="mod">
        <node begin="21" end="22" frame="preposition(na,[])" his="normal" his_1="normal" id="35" lcat="pp" lemma="na" pos="prep" postag="VZ(init)" pt="vz" rel="hd" root="na" sense="na" vztype="init" word="na"/>
        <node begin="22" cat="np" end="25" id="36" rel="obj1">
          <node begin="22" end="23" frame="determiner(een)" his="normal" his_1="normal" id="37" infl="een" lcat="detp" lemma="een" lwtype="onbep" naamval="stan" npagr="agr" pos="det" postag="LID(onbep,stan,agr)" pt="lid" rel="det" root="een" sense="een" word="een"/>
          <node aform="base" begin="23" buiging="zonder" end="24" frame="adjective(no_e(tmpadv))" graad="basis" his="normal" his_1="normal" id="38" infl="no_e" lcat="ap" lemma="kort" pos="adj" positie="prenom" postag="ADJ(prenom,basis,zonder)" pt="adj" rel="mod" root="kort" sense="kort" vform="adj" word="kort"/>
          <node begin="24" end="25" frame="noun(het,count,sg)" gen="het" genus="onz" getal="ev" graad="basis" his="normal" his_1="normal" id="39" lcat="np" lemma="ziek_bed" naamval="stan" ntype="soort" num="sg" pos="noun" postag="N(soort,ev,basis,onz,stan)" pt="n" rel="hd" rnum="sg" root="ziek_bed" sense="ziek_bed" word="ziekbed"/>
        </node>
      </node>
    </node>
    <node begin="25" end="26" frame="punct(punt)" his="normal" his_1="normal" id="40" lcat="punct" lemma="." pos="punct" postag="LET()" pt="let" rel="--" root="." sense="." special="punt" word="."/>
  </node>
  <sentence sentid="2">De voormalige secretaris-generaal van de Verenigde Naties Kofi Annan is zaterdag op 80-jarige leeftijd overleden in zijn woning in Zwitserland , na een kort ziekbed .</sentence>
  <comments>
    <comment>Q#2|De voormalige secretaris-generaal van de Verenigde Naties Kofi Annan is zaterdag op 80-jarige leeftijd overleden in zijn woning in Zwitserland , na een kort ziekbed .|1|1|-0.9614254358399713</comment>
  </comments>
</alpino_ds>
