<?xml version="1.0" encoding="UTF-8"?>
<alpino_ds version="1.6">
  <parser cats="1" skips="0" />
  <node begin="0" cat="top" end="11" id="0" rel="top">
    <node begin="0" cat="smain" end="10" id="1" rel="--">
      <node begin="1" end="2" frame="verb(hebben,pl,aux_psp_hebben)" his="normal" his_1="normal" id="2" infl="pl" lcat="smain" lemma="hebben" pos="verb" postag="WW(pv,tgw,mv)" pt="ww" pvagr="mv" pvtijd="tgw" rel="hd" root="heb" sc="aux_psp_hebben" sense="heb" stype="declarative" tense="present" word="hebben" wvorm="pv"/>
      <node begin="2" cat="conj" end="6" id="3" index="1" rel="su">
        <node begin="2" cat="np" end="4" id="4" rel="cnj">
          <node begin="2" buiging="zonder" end="3" frame="determiner(pron)" getal="ev" his="normal" his_1="normal" id="5" index="2" infl="pron" lcat="detp" lemma="zijn" naamval="stan" npagr="agr" pdtype="det" persoon="3" pos="det" positie="prenom" postag="VNW(bez,det,stan,vol,3,ev,prenom,zonder,agr)" pron="true" pt="vnw" rel="det" root="zijn" sense="zijn" status="vol" vwtype="bez" word="zijn"/>
          <node begin="3" end="4" frame="noun(de,count,sg)" gen="de" genus="zijd" getal="ev" graad="basis" his="normal" his_1="normal" id="6" lcat="np" lemma="familie" naamval="stan" ntype="soort" num="sg" pos="noun" postag="N(soort,ev,basis,zijd,stan)" pt="n" rel="hd" rnum="sg" root="familie" sense="familie" word="familie"/>
        </node>
        <node begin="4" conjtype="neven" end="5" frame="conj(en)" his="normal" his_1="normal" id="7" lcat="vg" lemma="en" pos="vg" postag="VG(neven)" pt="vg" rel="crd" root="en" sense="en" word="en"/>
        <node begin="2" cat="np" end="6" id="8" rel="cnj">
          <node begin="2" end="3" id="9" index="2" rel="det"/>
          <node begin="5" end="6" frame="noun(de,count,sg)" gen="de" genus="zijd" getal="ev" graad="basis" his="normal" his_1="normal" id="10" lcat="np" lemma="organisatie" naamval="stan" ntype="soort" num="sg" pos="noun" postag="N(soort,ev,basis,zijd,stan)" pt="n" rel="hd" rnum="sg" root="organisatie" sense="organisatie" word="organisatie"/>
        </node>
      </node>
      <node begin="0" cat="inf" end="10" id="11" rel="vc">
        <node begin="0" end="1" frame="determiner(het,nwh,nmod,pro,nparg)" getal="ev" his="normal" his_1="decap" his_1_1="normal" id="12" infl="het" lcat="np" lemma="dat" naamval="stan" pdtype="pron" persoon="3o" pos="det" postag="VNW(aanw,pron,stan,vol,3o,ev)" pt="vnw" rel="obj1" rnum="sg" root="dat" sense="dat" status="vol" vwtype="aanw" wh="nwh" word="Dat"/>
        <node begin="2" end="6" id="13" index="1" rel="su"/>
        <node begin="6" buiging="zonder" end="7" frame="verb(hebben,inf,fixed([vc(weet,inf,intransitive),acc],no_passive))" his="normal" his_1="normal" id="14" infl="inf" lcat="inf" lemma="laten" pos="verb" positie="vrij" postag="WW(inf,vrij,zonder)" pt="ww" rel="hd" root="laat" sc="fixed([vc(weet,inf,intransitive),acc],no_passive)" sense="laat-weet" word="laten" wvorm="inf"/>
        <node begin="7" buiging="zonder" end="8" frame="verb(hebben,inf,intransitive)" his="normal" his_1="normal" id="15" infl="inf" lcat="inf" lemma="weten" pos="verb" positie="vrij" postag="WW(inf,vrij,zonder)" pt="ww" rel="svp" root="weet" sc="intransitive" sense="weet" word="weten" wvorm="inf"/>
        <node begin="8" cat="pp" end="10" id="16" rel="mod">
          <node begin="8" end="9" frame="preposition(op,[af,na])" his="normal" his_1="normal" id="17" lcat="pp" lemma="op" pos="prep" postag="VZ(init)" pt="vz" rel="hd" root="op" sense="op" vztype="init" word="op"/>
          <node begin="9" end="10" frame="proper_name(sg)" genus="genus" getal="ev" graad="basis" his="normal" his_1="names_dictionary" id="18" lcat="np" lemma="Twitter" naamval="stan" neclass="MISC" ntype="eigen" num="sg" pos="name" postag="N(eigen,ev,basis,genus,stan)" pt="n" rel="obj1" rnum="sg" root="Twitter" sense="Twitter" word="Twitter"/>
        </node>
      </node>
    </node>
    <node begin="10" end="11" frame="punct(punt)" his="normal" his_1="normal" id="19" lcat="punct" lemma="." pos="punct" postag="LET()" pt="let" rel="--" root="." sense="." special="punt" word="."/>
  </node>
  <sentence sentid="3">Dat hebben zijn familie en organisatie laten weten op Twitter .</sentence>
  <comments>
    <comment>Q#3|Dat hebben zijn familie en organisatie laten weten op Twitter .|1|1|-7.365486094340001</comment>
  </comments>
</alpino_ds>
