<?xml version="1.0" encoding="UTF-8"?>
<alpino_ds version="1.6">
  <parser cats="1" skips="0" />
  <node begin="0" cat="top" end="14" id="0" rel="top">
    <node begin="6" end="7" frame="punct(dubb_punt)" his="normal" his_1="normal" id="1" lcat="punct" lemma=":" pos="punct" postag="LET()" pt="let" rel="--" root=":" sense=":" special="dubb_punt" word=":"/>
    <node begin="0" cat="du" end="14" id="2" rel="--">
      <node begin="0" cat="smain" end="6" id="3" rel="nucl">
        <node begin="0" cat="np" end="2" id="4" rel="su">
          <node aform="base" begin="0" buiging="met-e" end="1" frame="adjective(e)" graad="basis" his="normal" his_1="normal" id="5" infl="e" lcat="ap" lemma="Antwerps" naamval="stan" pos="adj" positie="prenom" postag="ADJ(prenom,basis,met-e,stan)" pt="adj" rel="mod" root="Antwerps" sense="Antwerps" vform="adj" word="Antwerpse"/>
          <node begin="1" end="2" frame="noun(de,count,sg)" gen="de" genus="zijd" getal="ev" graad="basis" his="compound" his_1="2" id="6" lcat="np" lemma="ex_dealer" naamval="stan" ntype="soort" num="sg" pos="noun" postag="N(soort,ev,basis,zijd,stan)" pt="n" rel="hd" rnum="sg" root="ex_dealer" sense="ex_dealer" word="ex-dealer"/>
        </node>
        <node begin="2" end="3" frame="verb(unacc,sg3,ld_pp)" his="normal" his_1="normal" id="7" infl="sg3" lcat="smain" lemma="klappen" pos="verb" postag="WW(pv,tgw,met-t)" pt="ww" pvagr="met-t" pvtijd="tgw" rel="hd" root="klap" sc="ld_pp" sense="klap" stype="declarative" tense="present" word="klapt" wvorm="pv"/>
        <node begin="3" cat="pp" end="6" id="8" rel="ld">
          <node begin="3" end="4" frame="preposition(uit,[vandaan])" his="normal" his_1="normal" id="9" lcat="pp" lemma="uit" pos="prep" postag="VZ(init)" pt="vz" rel="hd" root="uit" sense="uit" vztype="init" word="uit"/>
          <node begin="4" cat="np" end="6" id="10" rel="obj1">
            <node begin="4" end="5" frame="determiner(de)" his="normal" his_1="normal" id="11" infl="de" lcat="detp" lemma="de" lwtype="bep" naamval="stan" npagr="rest" pos="det" postag="LID(bep,stan,rest)" pt="lid" rel="det" root="de" sense="de" word="de"/>
            <node begin="5" end="6" frame="noun(de,count,sg)" gen="de" genus="zijd" getal="ev" graad="basis" his="normal" his_1="normal" id="12" lcat="np" lemma="biecht" naamval="stan" ntype="soort" num="sg" pos="noun" postag="N(soort,ev,basis,zijd,stan)" pt="n" rel="hd" rnum="sg" root="biecht" sense="biecht" word="biecht"/>
          </node>
        </node>
      </node>
      <node begin="7" cat="smain" end="14" id="13" rel="sat">
        <node begin="7" end="8" frame="determiner(het,nwh,nmod,pro,nparg)" getal="ev" his="normal" his_1="normal" id="14" infl="het" lcat="np" lemma="dit" naamval="stan" pdtype="pron" persoon="3o" pos="det" postag="VNW(aanw,pron,stan,vol,3o,ev)" pt="vnw" rel="obj1" rnum="sg" root="dit" sense="dit" status="vol" vwtype="aanw" wh="nwh" word="dit"/>
        <node begin="8" end="9" frame="verb(hebben,past(sg),np_pc_pp(met))" his="normal" his_1="normal" id="15" infl="sg" lcat="smain" lemma="verdienen" pos="verb" postag="WW(pv,verl,ev)" pt="ww" pvagr="ev" pvtijd="verl" rel="hd" root="verdien" sc="np_pc_pp(met)" sense="verdien-met" stype="declarative" tense="past" word="verdiende" wvorm="pv"/>
        <node begin="9" case="nom" def="def" end="10" frame="pronoun(nwh,thi,sg,de,nom,def)" gen="de" genus="masc" getal="ev" his="normal" his_1="normal" id="16" lcat="np" lemma="hij" naamval="nomin" num="sg" pdtype="pron" per="thi" persoon="3" pos="pron" postag="VNW(pers,pron,nomin,vol,3,ev,masc)" pt="vnw" rel="su" rnum="sg" root="hij" sense="hij" status="vol" vwtype="pers" wh="nwh" word="hij"/>
        <node begin="10" cat="pp" end="14" id="17" rel="pc">
          <node begin="10" end="11" frame="preposition(met,[mee,[en,al]])" his="normal" his_1="normal" id="18" lcat="pp" lemma="met" pos="prep" postag="VZ(init)" pt="vz" rel="hd" root="met" sense="met" vztype="init" word="met"/>
          <node begin="11" cat="np" end="14" id="19" rel="obj1">
            <node begin="11" end="12" frame="noun(de,count,sg)" gen="de" genus="zijd" getal="ev" graad="basis" his="normal" his_1="normal" id="20" lcat="np" lemma="verkoop" naamval="stan" ntype="soort" num="sg" pos="noun" postag="N(soort,ev,basis,zijd,stan)" pt="n" rel="hd" rnum="sg" root="verkoop" sense="verkoop" word="verkoop"/>
            <node begin="12" cat="pp" end="14" id="21" rel="mod">
              <node begin="12" end="13" frame="preposition(van,[af,uit,vandaan,[af,aan]])" his="normal" his_1="normal" id="22" lcat="pp" lemma="van" pos="prep" postag="VZ(init)" pt="vz" rel="hd" root="van" sense="van" vztype="init" word="van"/>
              <node begin="13" end="14" frame="noun(de,count,pl)" gen="de" getal="mv" graad="basis" his="normal" his_1="normal" id="23" lcat="np" lemma="drug" ntype="soort" num="pl" pos="noun" postag="N(soort,mv,basis)" pt="n" rel="obj1" rnum="pl" root="drug" sense="drug" word="drugs"/>
            </node>
          </node>
        </node>
      </node>
    </node>
  </node>
  <sentence sentid="1">Antwerpse ex-dealer klapt uit de biecht : dit verdiende hij met verkoop van drugs</sentence>
  <comments>
    <comment>Q#1|Antwerpse ex-dealer klapt uit de biecht : dit verdiende hij met verkoop van drugs|1|1|-3.4141136571100033</comment>
  </comments>
</alpino_ds>
