<?xml version="1.0" encoding="UTF-8"?>
<alpino_ds version="1.6">
  <parser cats="1" skips="0" />
  <node begin="0" cat="top" end="32" id="0" rel="top">
    <node begin="2" end="3" frame="punct(aanhaal_both)" his="normal" his_1="normal" id="1" lcat="punct" lemma="&apos;" pos="punct" postag="LET()" pt="let" rel="--" root="&apos;" sense="&apos;" special="aanhaal_both" word="&apos;"/>
    <node begin="4" end="5" frame="punct(aanhaal_both)" his="normal" his_1="normal" id="2" lcat="punct" lemma="&apos;" pos="punct" postag="LET()" pt="let" rel="--" root="&apos;" sense="&apos;" special="aanhaal_both" word="&apos;"/>
    <node begin="15" end="16" frame="punct(komma)" his="normal" his_1="normal" id="3" lcat="punct" lemma="," pos="punct" postag="LET()" pt="let" rel="--" root="," sense="," special="komma" word=","/>
    <node begin="0" cat="smain" end="31" id="4" rel="--">
      <node begin="0" cat="np" end="7" id="5" rel="su">
        <node begin="0" end="1" frame="determiner(het,nwh,nmod,pro,nparg,wkpro)" his="normal" his_1="decap" his_1_1="normal" id="6" infl="het" lcat="detp" lemma="het" lwtype="bep" naamval="stan" npagr="evon" pos="det" postag="LID(bep,stan,evon)" pt="lid" rel="det" root="het" sense="het" wh="nwh" word="Het"/>
        <node begin="1" end="2" frame="noun(het,count,sg)" gen="het" genus="onz" getal="ev" graad="basis" his="compound" his_1="2" id="7" lcat="np" lemma="duiding_programma" naamval="stan" ntype="soort" num="sg" pos="noun" postag="N(soort,ev,basis,onz,stan)" pt="n" rel="hd" rnum="sg" root="duiding_programma" sense="duiding_programma" word="duidingsprogramma"/>
        <node begin="3" end="4" frame="proper_name(both)" genus="genus" getal="ev" graad="basis" his="name" his_1="begin" id="8" lcat="np" lemma="Pano" naamval="stan" neclass="MISC" ntype="eigen" num="both" pos="name" postag="N(eigen,ev,basis,genus,stan)" pt="n" rel="app" root="Pano" sense="Pano" word="Pano"/>
        <node begin="5" cat="pp" end="7" id="9" rel="mod">
          <node begin="5" end="6" frame="preposition(op,[af,na])" his="normal" his_1="normal" id="10" lcat="pp" lemma="op" pos="prep" postag="VZ(init)" pt="vz" rel="hd" root="op" sense="op" vztype="init" word="op"/>
          <node begin="6" end="7" frame="number(hoofd(sg_num))" his="normal" his_1="variant" his_1_1="variant" his_1_1_1="één" his_1_1_2="Eén" his_1_2="normal" id="11" infl="sg_num" lcat="np" lemma="één" numtype="hoofd" pos="num" positie="vrij" postag="TW(hoofd,vrij)" pt="tw" rel="obj1" rnum="sg" root="één" sense="één" special="hoofd" word="Eén"/>
        </node>
      </node>
      <node begin="7" end="8" frame="verb(zijn,sg3,intransitive)" his="normal" his_1="normal" id="12" infl="sg3" lcat="smain" lemma="gaan" pos="verb" postag="WW(pv,tgw,met-t)" pt="ww" pvagr="met-t" pvtijd="tgw" rel="hd" root="ga" sc="intransitive" sense="ga" stype="declarative" tense="present" word="gaat" wvorm="pv"/>
      <node begin="8" cat="np" end="11" id="13" rel="mod">
        <node begin="8" end="9" frame="tmp_noun(de,count,sg)" gen="de" genus="zijd" getal="ev" graad="basis" his="normal" his_1="normal" id="14" lcat="np" lemma="woensdag" naamval="stan" ntype="eigen" num="sg" pos="noun" postag="N(eigen,ev,basis,zijd,stan)" pt="n" rel="hd" rnum="sg" root="woensdag" sense="woensdag" special="tmp" word="woensdag"/>
        <node begin="9" cat="pp" end="11" id="15" rel="mod">
          <node begin="9" end="10" frame="preposition(op,[af,na])" his="normal" his_1="normal" id="16" lcat="pp" lemma="op" pos="prep" postag="VZ(init)" pt="vz" rel="hd" root="op" sense="op" vztype="init" word="op"/>
          <node begin="10" end="11" frame="tmp_noun(het,count,sg)" gen="het" genus="onz" getal="ev" graad="basis" his="normal" his_1="normal" id="17" lcat="np" lemma="bezoek" naamval="stan" ntype="soort" num="sg" pos="noun" postag="N(soort,ev,basis,onz,stan)" pt="n" rel="obj1" rnum="sg" root="bezoek" sense="bezoek" special="tmp" word="bezoek"/>
        </node>
      </node>
      <node begin="11" cat="pp" end="13" id="18" rel="mod">
        <node begin="11" end="12" frame="preposition(in,[])" his="normal" his_1="normal" id="19" lcat="pp" lemma="in" pos="prep" postag="VZ(init)" pt="vz" rel="hd" root="in" sense="in" vztype="init" word="in"/>
        <node begin="12" end="13" frame="proper_name(sg,'LOC')" genus="onz" getal="ev" graad="basis" his="normal" his_1="names_dictionary" id="20" lcat="np" lemma="Antwerpen" naamval="stan" neclass="LOC" ntype="eigen" num="sg" pos="name" postag="N(eigen,ev,basis,onz,stan)" pt="n" rel="obj1" rnum="sg" root="Antwerpen" sense="Antwerpen" word="Antwerpen"/>
      </node>
      <node begin="13" cat="pp" end="31" id="21" rel="mod">
        <node begin="13" end="14" frame="preposition(bij,[vandaan])" his="normal" his_1="normal" id="22" lcat="pp" lemma="bij" pos="prep" postag="VZ(init)" pt="vz" rel="hd" root="bij" sense="bij" vztype="init" word="bij"/>
        <node begin="14" cat="conj" end="31" id="23" rel="obj1">
          <node begin="18" conjtype="neven" end="19" frame="conj(en)" his="normal" his_1="normal" id="24" lcat="vg" lemma="en" pos="vg" postag="VG(neven)" pt="vg" rel="crd" root="en" sense="en" word="en"/>
          <node begin="14" cat="np" end="31" id="25" rel="cnj">
            <node begin="14" end="15" frame="noun(de,count,pl)" gen="de" getal="mv" graad="basis" his="normal" his_1="normal" id="26" lcat="np" lemma="drugs_dealer" ntype="soort" num="pl" pos="noun" postag="N(soort,mv,basis)" pt="n" rel="hd" rnum="pl" root="drugs_dealer" sense="drugs_dealer" word="drugsdealers"/>
            <node begin="20" cat="rel" end="31" id="27" index="1" rel="mod">
              <node begin="20" case="no_obl" end="21" frame="rel_pronoun(de,no_obl)" gen="de" getal="getal" his="normal" his_1="normal" id="28" index="2" lcat="np" lemma="die" naamval="stan" pdtype="pron" persoon="persoon" pos="pron" postag="VNW(betr,pron,stan,vol,persoon,getal)" pt="vnw" rel="rhd" rnum="pl" root="die" sense="die" status="vol" vwtype="betr" wh="rel" word="die"/>
              <node begin="20" cat="ssub" end="31" id="29" rel="body">
                <node begin="20" end="21" id="30" index="2" rel="su"/>
                <node begin="21" cat="pp" end="26" id="31" rel="mod">
                  <node begin="21" end="22" frame="preposition(op,[af,na])" his="normal" his_1="normal" id="32" lcat="pp" lemma="op" pos="prep" postag="VZ(init)" pt="vz" rel="hd" root="op" sense="op" vztype="init" word="op"/>
                  <node begin="22" cat="np" end="26" id="33" rel="obj1">
                    <node begin="22" cat="mwu" end="25" his="normal" his_1="normal" id="34" mwu_root="een of ander" mwu_sense="een of ander" rel="mod">
                      <node aform="base" begin="22" end="23" frame="adjective(e)" id="35" infl="e" lcat="ap" lemma="een" naamval="stan" numtype="hoofd" pos="adj" positie="prenom" postag="TW(hoofd,prenom,stan)" pt="tw" rel="mwp" root="een" sense="een" vform="adj" word="een"/>
                      <node aform="base" begin="23" conjtype="neven" end="24" frame="adjective(e)" id="36" infl="e" lcat="ap" lemma="of" pos="adj" postag="VG(neven)" pt="vg" rel="mwp" root="of" sense="of" vform="adj" word="of"/>
                      <node aform="base" begin="24" buiging="met-e" end="25" frame="adjective(e)" graad="basis" id="37" infl="e" lcat="ap" lemma="ander" naamval="stan" pos="adj" positie="prenom" postag="ADJ(prenom,basis,met-e,stan)" pt="adj" rel="mwp" root="ander" sense="ander" vform="adj" word="andere"/>
                    </node>
                    <node begin="25" end="26" frame="noun(de,count,sg)" gen="de" genus="zijd" getal="ev" graad="basis" his="normal" his_1="normal" id="38" lcat="np" lemma="manier" naamval="stan" ntype="soort" num="sg" pos="noun" postag="N(soort,ev,basis,zijd,stan)" pt="n" rel="hd" rnum="sg" root="manier" sense="manier" word="manier"/>
                  </node>
                </node>
                <node begin="27" end="28" frame="verb(unacc,pl,copula)" his="normal" his_1="normal" id="39" infl="pl" lcat="ssub" lemma="zijn" pos="verb" postag="WW(pv,tgw,mv)" pt="ww" pvagr="mv" pvtijd="tgw" rel="hd" root="ben" sc="copula" sense="ben" tense="present" word="zijn" wvorm="pv"/>
                <node begin="26" cat="ppart" end="31" id="40" rel="predc">
                  <node aform="base" begin="26" buiging="zonder" end="27" frame="adjective(ge_both(adv),pp(bij))" his="normal" his_1="normal" id="41" infl="both" lcat="ppart" lemma="betrokken" pos="adj" positie="vrij" postag="WW(vd,vrij,zonder)" pt="ww" rel="hd" root="betrokken" sc="pp(bij)" sense="betrokken-bij" vform="psp" word="betrokken" wvorm="vd"/>
                  <node begin="28" cat="pp" end="31" id="42" rel="pc">
                    <node begin="28" end="29" frame="preposition(bij,[vandaan])" his="normal" his_1="normal" id="43" lcat="pp" lemma="bij" pos="prep" postag="VZ(init)" pt="vz" rel="hd" root="bij" sense="bij" vztype="init" word="bij"/>
                    <node begin="29" cat="np" end="31" id="44" rel="obj1">
                      <node begin="29" end="30" frame="determiner(de)" his="normal" his_1="normal" id="45" infl="de" lcat="detp" lemma="de" lwtype="bep" naamval="stan" npagr="rest" pos="det" postag="LID(bep,stan,rest)" pt="lid" rel="det" root="de" sense="de" word="de"/>
                      <node begin="30" end="31" frame="noun(de,count,sg)" gen="de" genus="zijd" getal="ev" graad="basis" his="compound" his_1="2" id="46" lcat="np" lemma="drug_maffia" naamval="stan" ntype="soort" num="sg" pos="noun" postag="N(soort,ev,basis,zijd,stan)" pt="n" rel="hd" rnum="sg" root="drug_maffia" sense="drug_maffia" word="drugsmaffia"/>
                    </node>
                  </node>
                </node>
              </node>
            </node>
          </node>
          <node begin="16" cat="np" end="31" id="47" rel="cnj">
            <node aform="base" begin="16" buiging="met-e" end="17" frame="adjective(e)" graad="basis" his="normal" his_1="normal" id="48" infl="e" lcat="ap" lemma="radeloos" naamval="stan" pos="adj" positie="prenom" postag="ADJ(prenom,basis,met-e,stan)" pt="adj" rel="mod" root="radeloos" sense="radeloos" vform="adj" word="radeloze"/>
            <node begin="17" end="18" frame="noun(de,count,pl)" gen="de" getal="mv" graad="basis" his="normal" his_1="normal" id="49" lcat="np" lemma="ouder" ntype="soort" num="pl" pos="noun" postag="N(soort,mv,basis)" pt="n" rel="hd" rnum="pl" root="ouder" sense="ouder" word="ouders"/>
            <node begin="20" end="31" id="50" index="1" rel="mod"/>
          </node>
          <node begin="19" cat="np" end="31" id="51" rel="cnj">
            <node begin="19" buiging="met-e" end="20" frame="noun(de,count,pl)" gen="de" getal-n="mv-n" graad="comp" his="normal" his_1="normal" id="52" lcat="np" lemma="jongere" num="pl" pos="noun" positie="nom" postag="ADJ(nom,comp,met-e,mv-n)" pt="adj" rel="hd" rnum="pl" root="jongere" sense="jongere" word="jongeren"/>
            <node begin="20" end="31" id="53" index="1" rel="mod"/>
          </node>
        </node>
      </node>
    </node>
    <node begin="31" end="32" frame="punct(punt)" his="normal" his_1="normal" id="54" lcat="punct" lemma="." pos="punct" postag="LET()" pt="let" rel="--" root="." sense="." special="punt" word="."/>
  </node>
  <sentence sentid="2">Het duidingsprogramma &apos; Pano &apos; op Eén gaat woensdag op bezoek in Antwerpen bij drugsdealers , radeloze ouders en jongeren die op een of andere manier betrokken zijn bij de drugsmaffia .</sentence>
  <comments>
    <comment>Q#2|Het duidingsprogramma &apos; Pano &apos; op Eén gaat woensdag op bezoek in Antwerpen bij drugsdealers , radeloze ouders en jongeren die op een of andere manier betrokken zijn bij de drugsmaffia .|1|1|1.1034876510000244</comment>
  </comments>
</alpino_ds>
