<?xml version="1.0" encoding="UTF-8"?>
<alpino_ds version="1.6">
  <parser cats="1" skips="0" />
  <node begin="0" cat="top" end="34" id="0" rel="top">
    <node begin="16" end="17" frame="punct(komma)" his="normal" his_1="normal" id="1" lcat="punct" lemma="," pos="punct" postag="LET()" pt="let" rel="--" root="," sense="," special="komma" word=","/>
    <node begin="0" cat="smain" end="33" id="2" rel="--">
      <node begin="0" cat="np" end="3" id="3" rel="su">
        <node begin="0" end="1" frame="noun(de,count,sg)" gen="de" genus="zijd" getal="ev" graad="basis" his="normal" his_1="decap" his_1_1="normal" id="4" lcat="np" lemma="reporter" naamval="stan" ntype="soort" num="sg" pos="noun" postag="N(soort,ev,basis,zijd,stan)" pt="n" rel="hd" rnum="sg" root="reporter" sense="reporter" word="Reporter"/>
        <node begin="1" cat="mwu" end="3" his="name" his_1="not_begin" id="5" mwu_root="Stef Meerbergen" mwu_sense="Stef Meerbergen" rel="app">
          <node begin="1" end="2" frame="proper_name(both,'PER')" id="6" lcat="np" lemma="Stef" neclass="PER" num="both" pos="name" postag="SPEC(deeleigen)" pt="spec" rel="mwp" rnum="sg" root="Stef" sense="Stef" spectype="deeleigen" word="Stef"/>
          <node begin="2" end="3" frame="proper_name(both,'PER')" id="7" lcat="np" lemma="Meerbergen" neclass="PER" num="both" pos="name" postag="SPEC(deeleigen)" pt="spec" rel="mwp" rnum="sg" root="Meerbergen" sense="Meerbergen" spectype="deeleigen" word="Meerbergen"/>
        </node>
      </node>
      <node begin="3" end="4" frame="verb(hebben,past(sg),np_ld_pp)" his="normal" his_1="normal" id="8" infl="sg" lcat="smain" lemma="zoeken" pos="verb" postag="WW(pv,verl,ev)" pt="ww" pvagr="ev" pvtijd="verl" rel="hd" root="zoek" sc="np_ld_pp" sense="zoek" stype="declarative" tense="past" word="zocht" wvorm="pv"/>
      <node begin="4" cat="pp" end="7" id="9" rel="mod">
        <node begin="4" end="5" frame="preposition(in,[])" his="normal" his_1="normal" id="10" lcat="pp" lemma="in" pos="prep" postag="VZ(init)" pt="vz" rel="hd" root="in" sense="in" vztype="init" word="in"/>
        <node begin="5" cat="np" end="7" id="11" rel="obj1">
          <node begin="5" end="6" frame="determiner(de)" his="normal" his_1="normal" id="12" infl="de" lcat="detp" lemma="de" lwtype="bep" naamval="stan" npagr="rest" pos="det" postag="LID(bep,stan,rest)" pt="lid" rel="det" root="de" sense="de" word="de"/>
          <node begin="6" end="7" frame="noun(both,count,sg)" gen="both" genus="zijd" getal="ev" graad="basis" his="normal" his_1="normal" id="13" lcat="np" lemma="stad" naamval="stan" ntype="soort" num="sg" pos="noun" postag="N(soort,ev,basis,zijd,stan)" pt="n" rel="hd" rnum="sg" root="stad" sense="stad" word="stad"/>
        </node>
      </node>
      <node begin="7" cat="np" end="13" id="14" rel="obj1">
        <node begin="7" buiging="met-e" end="8" frame="noun(de,count,pl)" gen="de" getal-n="mv-n" graad="comp" his="normal" his_1="normal" id="15" lcat="np" lemma="jongere" num="pl" pos="noun" positie="nom" postag="ADJ(nom,comp,met-e,mv-n)" pt="adj" rel="hd" rnum="pl" root="jongere" sense="jongere" word="jongeren"/>
        <node begin="8" cat="rel" end="13" id="16" rel="mod">
          <node begin="8" case="no_obl" end="9" frame="rel_pronoun(de,no_obl)" gen="de" getal="getal" his="normal" his_1="normal" id="17" index="1" lcat="np" lemma="die" naamval="stan" pdtype="pron" persoon="persoon" pos="pron" postag="VNW(betr,pron,stan,vol,persoon,getal)" pt="vnw" rel="rhd" rnum="pl" root="die" sense="die" status="vol" vwtype="betr" wh="rel" word="die"/>
          <node begin="8" cat="ssub" end="13" id="18" rel="body">
            <node begin="8" end="9" id="19" index="1" rel="su"/>
            <node begin="9" cat="np" end="12" id="20" rel="obj1">
              <node begin="9" end="10" frame="determiner(het,nwh,nmod,pro,nparg,wkpro)" his="normal" his_1="normal" id="21" infl="het" lcat="detp" lemma="het" lwtype="bep" naamval="stan" npagr="evon" pos="det" postag="LID(bep,stan,evon)" pt="lid" rel="det" root="het" sense="het" wh="nwh" word="het"/>
              <node aform="base" begin="10" buiging="met-e" end="11" frame="adjective(e)" graad="basis" his="normal" his_1="normal" id="22" infl="e" lcat="ap" lemma="groot" naamval="stan" pos="adj" positie="prenom" postag="ADJ(prenom,basis,met-e,stan)" pt="adj" rel="mod" root="groot" sense="groot" vform="adj" word="grote"/>
              <node begin="11" end="12" frame="noun(het,count,sg)" gen="het" genus="onz" getal="ev" graad="basis" his="normal" his_1="normal" id="23" lcat="np" lemma="geld" naamval="stan" ntype="soort" num="sg" pos="noun" postag="N(soort,ev,basis,onz,stan)" pt="n" rel="hd" rnum="sg" root="geld" sense="geld" word="geld"/>
            </node>
            <node begin="12" end="13" frame="verb(hebben,pl,transitive)" his="normal" his_1="normal" id="24" infl="pl" lcat="ssub" lemma="ruiken" pos="verb" postag="WW(pv,tgw,mv)" pt="ww" pvagr="mv" pvtijd="tgw" rel="hd" root="ruik" sc="transitive" sense="ruik" tense="present" word="ruiken" wvorm="pv"/>
          </node>
        </node>
      </node>
      <node begin="13" cat="pp" end="16" id="25" rel="ld">
        <node begin="13" end="14" frame="preposition(in,[])" his="normal" his_1="normal" id="26" lcat="pp" lemma="in" pos="prep" postag="VZ(init)" pt="vz" rel="hd" root="in" sense="in" vztype="init" word="in"/>
        <node begin="14" cat="np" end="16" id="27" rel="obj1">
          <node begin="14" end="15" frame="determiner(het,nwh,nmod,pro,nparg,wkpro)" his="normal" his_1="normal" id="28" infl="het" lcat="detp" lemma="het" lwtype="bep" naamval="stan" npagr="evon" pos="det" postag="LID(bep,stan,evon)" pt="lid" rel="det" root="het" sense="het" wh="nwh" word="het"/>
          <node begin="15" end="16" frame="noun(het,count,sg)" gen="het" genus="onz" getal="ev" graad="basis" his="compound" his_1="2" id="29" lcat="np" lemma="drug_milieu" naamval="stan" ntype="soort" num="sg" pos="noun" postag="N(soort,ev,basis,onz,stan)" pt="n" rel="hd" rnum="sg" root="drug_milieu" sense="drug_milieu" word="drugsmilieu"/>
        </node>
      </node>
      <node begin="17" cat="oti" end="25" id="30" rel="mod">
        <node begin="17" end="18" frame="complementizer(om)" his="normal" his_1="normal" id="31" lcat="oti" lemma="om" pos="comp" postag="VZ(init)" pt="vz" rel="cmp" root="om" sc="om" sense="om" vztype="init" word="om"/>
        <node begin="18" cat="ti" end="25" id="32" rel="body">
          <node begin="19" end="20" frame="complementizer(te)" his="normal" his_1="normal" id="33" lcat="ti" lemma="te" pos="comp" postag="VZ(init)" pt="vz" rel="cmp" root="te" sc="te" sense="te" vztype="init" word="te"/>
          <node begin="18" cat="inf" end="25" id="34" rel="body">
            <node begin="18" end="19" frame="tmp_adverb" his="normal" his_1="normal" id="35" lcat="advp" lemma="dan" pos="adv" postag="BW()" pt="bw" rel="mod" root="dan" sense="dan" special="tmp" word="dan"/>
            <node begin="20" buiging="zonder" end="21" frame="verb(hebben,inf,sbar)" his="normal" his_1="normal" id="36" infl="inf" lcat="inf" lemma="beseffen" pos="verb" positie="vrij" postag="WW(inf,vrij,zonder)" pt="ww" rel="hd" root="besef" sc="sbar" sense="besef" word="beseffen" wvorm="inf"/>
            <node begin="21" cat="cp" end="25" id="37" rel="vc">
              <node begin="21" conjtype="onder" end="22" frame="complementizer(dat)" his="normal" his_1="normal" id="38" lcat="cp" lemma="dat" pos="comp" postag="VG(onder)" pt="vg" rel="cmp" root="dat" sc="dat" sense="dat" word="dat"/>
              <node begin="22" cat="ssub" end="25" id="39" rel="body">
                <node begin="22" end="23" frame="determiner(het,nwh,nmod,pro,nparg,wkpro)" genus="onz" getal="ev" his="normal" his_1="normal" id="40" infl="het" lcat="np" lemma="het" naamval="stan" pdtype="pron" persoon="3" pos="det" postag="VNW(pers,pron,stan,red,3,ev,onz)" pt="vnw" rel="su" rnum="sg" root="het" sense="het" status="red" vwtype="pers" wh="nwh" word="het"/>
                <node aform="base" begin="23" buiging="zonder" end="24" frame="adjective(no_e(adv))" graad="basis" his="form_of_suffix" his_1="lijk" id="41" infl="no_e" lcat="ap" lemma="aartsmoeilijk" pos="adj" positie="vrij" postag="ADJ(vrij,basis,zonder)" pt="adj" rel="predc" root="aartsmoeilijk" sense="aartsmoeilijk" vform="adj" word="aartsmoeilijk"/>
                <node begin="24" end="25" frame="verb(unacc,sg_heeft,copula)" his="normal" his_1="normal" id="42" infl="sg_heeft" lcat="ssub" lemma="zijn" pos="verb" postag="WW(pv,tgw,ev)" pt="ww" pvagr="ev" pvtijd="tgw" rel="hd" root="ben" sc="copula" sense="ben" tense="present" word="is" wvorm="pv"/>
              </node>
            </node>
          </node>
        </node>
      </node>
      <node begin="25" cat="oti" end="33" id="43" rel="mod">
        <node begin="25" end="26" frame="complementizer(om)" his="normal" his_1="normal" id="44" lcat="oti" lemma="om" pos="comp" postag="VZ(init)" pt="vz" rel="cmp" root="om" sc="om" sense="om" vztype="init" word="om"/>
        <node begin="26" cat="ti" end="33" id="45" rel="body">
          <node begin="31" end="32" frame="complementizer(te)" his="normal" his_1="normal" id="46" lcat="ti" lemma="te" pos="comp" postag="VZ(init)" pt="vz" rel="cmp" root="te" sc="te" sense="te" vztype="init" word="te"/>
          <node begin="26" cat="inf" end="33" id="47" rel="body">
            <node begin="26" end="27" frame="adverb" his="normal" his_1="normal" id="48" lcat="advp" lemma="nog" pos="adv" postag="BW()" pt="bw" rel="mod" root="nog" sense="nog" word="nog"/>
            <node begin="27" cat="pp" end="31" id="49" rel="ld">
              <node begin="27" end="28" frame="preposition(uit,[vandaan])" his="normal" his_1="normal" id="50" lcat="pp" lemma="uit" pos="prep" postag="VZ(init)" pt="vz" rel="hd" root="uit" sense="uit" vztype="init" word="uit"/>
              <node begin="28" cat="np" end="31" id="51" rel="obj1">
                <node begin="28" end="29" frame="determiner(het,nwh,nmod,pro,nparg,wkpro)" his="normal" his_1="normal" id="52" infl="het" lcat="detp" lemma="het" lwtype="bep" naamval="stan" npagr="evon" pos="det" postag="LID(bep,stan,evon)" pt="lid" rel="det" root="het" sense="het" wh="nwh" word="het"/>
                <node aform="base" begin="29" buiging="met-e" end="30" frame="adjective(e)" graad="basis" his="normal" his_1="normal" id="53" infl="e" lcat="ap" lemma="crimineel" naamval="stan" pos="adj" positie="prenom" postag="ADJ(prenom,basis,met-e,stan)" pt="adj" rel="mod" root="crimineel" sense="crimineel" vform="adj" word="criminele"/>
                <node begin="30" end="31" frame="noun(het,count,sg)" gen="het" genus="onz" getal="ev" graad="basis" his="normal" his_1="normal" id="54" lcat="np" lemma="web" naamval="stan" ntype="soort" num="sg" pos="noun" postag="N(soort,ev,basis,onz,stan)" pt="n" rel="hd" rnum="sg" root="web" sense="web" word="web"/>
              </node>
            </node>
            <node begin="32" buiging="zonder" end="33" frame="verb(zijn,inf,ld_pp)" his="normal" his_1="normal" id="55" infl="inf" lcat="inf" lemma="ontsnappen" pos="verb" positie="vrij" postag="WW(inf,vrij,zonder)" pt="ww" rel="hd" root="ontsnap" sc="ld_pp" sense="ontsnap" word="ontsnappen" wvorm="inf"/>
          </node>
        </node>
      </node>
    </node>
    <node begin="33" end="34" frame="punct(punt)" his="normal" his_1="normal" id="56" lcat="punct" lemma="." pos="punct" postag="LET()" pt="let" rel="--" root="." sense="." special="punt" word="."/>
  </node>
  <sentence sentid="3">Reporter Stef Meerbergen zocht in de stad jongeren die het grote geld ruiken in het drugsmilieu , om dan te beseffen dat het aartsmoeilijk is om nog uit het criminele web te ontsnappen .</sentence>
  <comments>
    <comment>Q#3|Reporter Stef Meerbergen zocht in de stad jongeren die het grote geld ruiken in het drugsmilieu , om dan te beseffen dat het aartsmoeilijk is om nog uit het criminele web te ontsnappen .|1|1|-10.914558769329973</comment>
  </comments>
</alpino_ds>
