<?xml version="1.0" encoding="UTF-8"?>
<alpino_ds version="1.6">
  <parser cats="1" skips="0" />
  <node begin="0" cat="top" end="8" id="0" rel="top">
    <node begin="0" cat="smain" end="7" id="1" rel="--">
      <node begin="0" case="both" def="def" end="1" frame="pronoun(nwh,u,sg,de,both,def)" gen="de" getal="getal" his="normal" his_1="decap" his_1_1="normal" id="2" index="1" lcat="np" lemma="ge" naamval="nomin" num="sg" pdtype="pron" per="u" persoon="2b" pos="pron" postag="VNW(pers,pron,nomin,vol,2b,getal)" pt="vnw" rel="su" rnum="sg" root="ge" sense="ge" status="vol" vwtype="pers" wh="nwh" word="Ge"/>
      <node begin="1" end="2" frame="verb(hebben,sg_hebt,modifier(aux(inf)))" his="normal" his_1="normal" id="3" infl="sg_hebt" lcat="smain" lemma="willen" pos="verb" postag="WW(pv,tgw,met-t)" pt="ww" pvagr="met-t" pvtijd="tgw" rel="hd" root="wil" sc="modifier(aux(inf))" sense="wil" stype="declarative" tense="present" word="wilt" wvorm="pv"/>
      <node begin="0" cat="inf" end="7" id="4" rel="vc">
        <node begin="0" end="1" id="5" index="1" rel="su"/>
        <node begin="2" buiging="zonder" end="3" frame="verb(hebben,inf,transitive_ndev)" his="normal" his_1="normal" id="6" infl="inf" lcat="inf" lemma="hebben" pos="verb" positie="vrij" postag="WW(inf,vrij,zonder)" pt="ww" rel="hd" root="heb" sc="transitive_ndev" sense="heb" word="hebben" wvorm="inf"/>
        <node begin="3" cat="whrel" end="7" id="7" rel="obj1">
          <node begin="3" case="both" def="indef" end="4" frame="pronoun(ywh,thi,sg,het,both,indef,nparg)" gen="het" getal="ev" his="normal" his_1="normal" id="8" index="2" lcat="np" lemma="wat" naamval="stan" num="sg" pdtype="pron" per="thi" persoon="3o" pos="pron" postag="VNW(vb,pron,stan,vol,3o,ev)" pt="vnw" rel="rhd" rnum="sg" root="wat" sense="wat" special="nparg" status="vol" vwtype="vb" wh="ywh" word="wat"/>
          <node begin="3" cat="ssub" end="7" id="9" rel="body">
            <node begin="3" end="4" id="10" index="2" rel="obj1"/>
            <node begin="4" cat="np" end="6" id="11" rel="su">
              <node aform="compar" begin="4" buiging="met-e" end="5" frame="adjective(ere)" graad="basis" his="normal" his_1="normal" id="12" infl="e" lcat="ap" lemma="ander" naamval="stan" pos="adj" positie="prenom" postag="ADJ(prenom,basis,met-e,stan)" pt="adj" rel="mod" root="ander" sense="ander" vform="adj" word="andere"/>
              <node begin="5" end="6" frame="noun(both,count,pl)" gen="both" getal="mv" graad="basis" his="normal" his_1="normal" id="13" lcat="np" lemma="mens" ntype="soort" num="pl" pos="noun" postag="N(soort,mv,basis)" pt="n" rel="hd" rnum="pl" root="mens" sense="mens" word="mensen"/>
            </node>
            <node begin="6" end="7" frame="verb(hebben,pl,transitive_ndev)" his="normal" his_1="normal" id="14" infl="pl" lcat="ssub" lemma="hebben" pos="verb" postag="WW(pv,tgw,mv)" pt="ww" pvagr="mv" pvtijd="tgw" rel="hd" root="heb" sc="transitive_ndev" sense="heb" tense="present" word="hebben" wvorm="pv"/>
          </node>
        </node>
      </node>
    </node>
    <node begin="7" end="8" frame="punct(punt)" his="normal" his_1="normal" id="15" lcat="punct" lemma="." pos="punct" postag="LET()" pt="let" rel="--" root="." sense="." special="punt" word="."/>
  </node>
  <sentence sentid="4">Ge wilt hebben wat andere mensen hebben .</sentence>
  <comments>
    <comment>Q#4|Ge wilt hebben wat andere mensen hebben .|1|1|-2.8681672200300006</comment>
  </comments>
</alpino_ds>
