<?xml version="1.0" encoding="UTF-8"?>
<alpino_ds version="1.6">
  <parser cats="1" skips="0" />
  <node begin="0" cat="top" end="12" id="0" rel="top">
    <node begin="3" end="4" frame="punct(dubb_punt)" his="normal" his_1="normal" id="1" lcat="punct" lemma=":" pos="punct" postag="LET()" pt="let" rel="--" root=":" sense=":" special="dubb_punt" word=":"/>
    <node begin="4" end="5" frame="punct(aanhaal_both)" his="normal" his_1="normal" id="2" lcat="punct" lemma="&apos;" pos="punct" postag="LET()" pt="let" rel="--" root="&apos;" sense="&apos;" special="aanhaal_both" word="&apos;"/>
    <node begin="0" cat="du" end="10" id="3" rel="--">
      <node begin="0" cat="smain" end="3" id="4" rel="tag">
        <node begin="0" end="1" frame="tmp_adverb" his="normal" his_1="decap" his_1_1="normal" id="5" lcat="advp" lemma="dan" pos="adv" postag="BW()" pt="bw" rel="mod" root="dan" sense="dan" special="tmp" word="Dan"/>
        <node begin="1" end="2" frame="verb(hebben,sg1,tr_sbar)" his="normal" his_1="normal" id="6" infl="sg1" lcat="smain" lemma="denken" pos="verb" postag="WW(pv,tgw,ev)" pt="ww" pvagr="ev" pvtijd="tgw" rel="hd" root="denk" sc="tr_sbar" sense="denk" stype="declarative" tense="present" word="denk" wvorm="pv"/>
        <node begin="2" case="both" def="def" end="3" frame="pronoun(nwh,je,sg,de,both,def,wkpro)" gen="de" getal="ev" his="normal" his_1="normal" id="7" lcat="np" lemma="je" naamval="nomin" num="sg" pdtype="pron" per="je" persoon="2v" pos="pron" postag="VNW(pers,pron,nomin,red,2v,ev)" pt="vnw" rel="su" rnum="sg" root="je" sense="je" special="wkpro" status="red" vwtype="pers" wh="nwh" word="je"/>
      </node>
      <node begin="5" cat="smain" end="10" id="8" rel="nucl">
        <node begin="5" case="nom" def="def" end="6" frame="pronoun(nwh,fir,sg,de,nom,def)" gen="de" getal="ev" his="normal" his_1="decap" his_1_1="normal" id="9" lcat="np" lemma="ik" naamval="nomin" num="sg" pdtype="pron" per="fir" persoon="1" pos="pron" postag="VNW(pers,pron,nomin,vol,1,ev)" pt="vnw" rel="su" rnum="sg" root="ik" sense="ik" status="vol" vwtype="pers" wh="nwh" word="Ik"/>
        <node begin="6" end="7" frame="verb(hebben,modal_not_u,transitive_ndev_ndev)" his="normal" his_1="normal" id="10" infl="modal_not_u" lcat="smain" lemma="willen" pos="verb" postag="WW(pv,tgw,ev)" pt="ww" pvagr="ev" pvtijd="tgw" rel="hd" root="wil" sc="transitive_ndev_ndev" sense="wil" stype="declarative" tense="present" word="wil" wvorm="pv"/>
        <node begin="7" end="8" frame="sentence_adverb" his="normal" his_1="normal" id="11" lcat="advp" lemma="ook" pos="adv" postag="BW()" pt="bw" rel="mod" root="ook" sense="ook" special="sentence" word="ook"/>
        <node begin="8" cat="np" end="10" id="12" rel="obj1">
          <node begin="8" buiging="zonder" end="9" frame="determiner(een)" his="normal" his_1="normal" id="13" infl="een" lcat="detp" lemma="zo&apos;n" naamval="stan" npagr="agr" pdtype="det" pos="det" positie="prenom" postag="VNW(aanw,det,stan,prenom,zonder,agr)" pt="vnw" rel="det" root="zo&apos;n" sense="zo&apos;n" vwtype="aanw" word="zo&apos;n"/>
          <node begin="9" end="10" frame="noun(het,count,sg)" gen="het" genus="onz" getal="ev" graad="basis" his="normal" his_1="normal" id="14" lcat="np" lemma="huis" naamval="stan" ntype="soort" num="sg" pos="noun" postag="N(soort,ev,basis,onz,stan)" pt="n" rel="hd" rnum="sg" root="huis" sense="huis" word="huis"/>
        </node>
      </node>
    </node>
    <node begin="10" end="11" frame="punct(aanhaal_both)" his="normal" his_1="normal" id="15" lcat="punct" lemma="&apos;" pos="punct" postag="LET()" pt="let" rel="--" root="&apos;" sense="&apos;" special="aanhaal_both" word="&apos;"/>
    <node begin="11" end="12" frame="punct(punt)" his="normal" his_1="normal" id="16" lcat="punct" lemma="." pos="punct" postag="LET()" pt="let" rel="--" root="." sense="." special="punt" word="."/>
  </node>
  <sentence sentid="5">Dan denk je : &apos; Ik wil ook zo&apos;n huis &apos; .</sentence>
  <comments>
    <comment>Q#5|Dan denk je : &apos; Ik wil ook zo&apos;n huis &apos; .|1|1|-6.0028350399000034</comment>
  </comments>
</alpino_ds>
