<?xml version="1.0" encoding="UTF-8"?>
<alpino_ds version="1.6">
  <parser cats="1" skips="0" />
  <node begin="0" cat="top" end="14" id="0" rel="top">
    <node begin="4" end="5" frame="punct(dubb_punt)" his="normal" his_1="normal" id="1" lcat="punct" lemma=":" pos="punct" postag="LET()" pt="let" rel="--" root=":" sense=":" special="dubb_punt" word=":"/>
    <node begin="0" cat="du" end="14" id="2" rel="--">
      <node begin="0" cat="pp" end="4" id="3" rel="nucl">
        <node begin="0" end="1" frame="preposition(na,[])" his="normal" his_1="decap" his_1_1="normal" id="4" lcat="pp" lemma="na" pos="prep" postag="VZ(init)" pt="vz" rel="hd" root="na" sense="na" vztype="init" word="Na"/>
        <node begin="1" cat="np" end="4" id="5" rel="obj1">
          <node begin="1" end="2" frame="noun(het,count,pl)" gen="het" getal="mv" graad="basis" his="normal" his_1="normal" id="6" lcat="np" lemma="bericht" ntype="soort" num="pl" pos="noun" postag="N(soort,mv,basis)" pt="n" rel="hd" rnum="pl" root="bericht" sense="bericht" word="berichten"/>
          <node begin="2" cat="pp" end="4" id="7" rel="mod">
            <node begin="2" end="3" frame="preposition(over,[heen])" his="normal" his_1="normal" id="8" lcat="pp" lemma="over" pos="prep" postag="VZ(init)" pt="vz" rel="hd" root="over" sense="over" vztype="init" word="over"/>
            <node begin="3" end="4" frame="noun(de,count,sg)" gen="de" genus="zijd" getal="ev" graad="basis" his="normal" his_1="normal" id="9" lcat="np" lemma="slaaf_handel" naamval="stan" ntype="soort" num="sg" pos="noun" postag="N(soort,ev,basis,zijd,stan)" pt="n" rel="obj1" rnum="sg" root="slaaf_handel" sense="slaaf_handel" word="slavenhandel"/>
          </node>
        </node>
      </node>
      <node begin="5" cat="smain" end="14" id="10" rel="sat">
        <node begin="5" cat="np" end="7" id="11" rel="su">
          <node aform="base" begin="5" buiging="met-e" end="6" frame="adjective(e)" graad="basis" his="normal" his_1="normal" id="12" infl="e" lcat="ap" lemma="Libisch" naamval="stan" pos="adj" positie="prenom" postag="ADJ(prenom,basis,met-e,stan)" pt="adj" rel="mod" root="Libisch" sense="Libisch" vform="adj" word="Libische"/>
          <node begin="6" end="7" frame="noun(de,count,sg)" gen="de" genus="zijd" getal="ev" graad="basis" his="normal" his_1="normal" id="13" lcat="np" lemma="leider" naamval="stan" ntype="soort" num="sg" pos="noun" postag="N(soort,ev,basis,zijd,stan)" pt="n" rel="hd" rnum="sg" root="leider" sense="leider" word="leider"/>
        </node>
        <node begin="7" end="8" frame="verb(hebben,sg3,transitive)" his="normal" his_1="normal" id="14" infl="sg3" lcat="smain" lemma="aanvaarden" pos="verb" postag="WW(pv,tgw,met-t)" pt="ww" pvagr="met-t" pvtijd="tgw" rel="hd" root="aanvaard" sc="transitive" sense="aanvaard" stype="declarative" tense="present" word="aanvaardt" wvorm="pv"/>
        <node begin="8" cat="np" end="14" id="15" rel="obj1">
          <node begin="8" end="9" frame="noun(het,count,sg,vp)" gen="het" genus="onz" getal="ev" graad="basis" his="normal" his_1="normal" id="16" lcat="np" lemma="plan" naamval="stan" ntype="soort" num="sg" pos="noun" postag="N(soort,ev,basis,onz,stan)" pt="n" rel="hd" rnum="sg" root="plan" sc="vp" sense="plan" word="plan"/>
          <node begin="9" cat="oti" end="14" id="17" rel="vc">
            <node begin="9" end="10" frame="complementizer(om)" his="normal" his_1="normal" id="18" lcat="oti" lemma="om" pos="comp" postag="VZ(init)" pt="vz" rel="cmp" root="om" sc="om" sense="om" vztype="init" word="om"/>
            <node begin="10" cat="ti" end="14" id="19" rel="body">
              <node begin="12" end="13" frame="complementizer(te)" his="normal" his_1="normal" id="20" lcat="ti" lemma="te" pos="comp" postag="VZ(init)" pt="vz" rel="cmp" root="te" sc="te" sense="te" vztype="init" word="te"/>
              <node begin="10" cat="inf" end="14" id="21" rel="body">
                <node begin="10" end="11" frame="noun(de,count,pl)" gen="de" getal="mv" graad="basis" his="normal" his_1="normal" id="22" lcat="np" lemma="migrant" ntype="soort" num="pl" pos="noun" postag="N(soort,mv,basis)" pt="n" rel="obj1" rnum="pl" root="migrant" sense="migrant" word="migranten"/>
                <node begin="11" end="12" frame="particle(weg)" his="normal" his_1="normal" id="23" lcat="part" lemma="weg" pos="part" postag="BW()" pt="bw" rel="svp" root="weg" sense="weg" word="weg"/>
                <node begin="13" buiging="zonder" end="14" frame="verb(hebben,inf,part_transitive(weg))" his="normal" his_1="normal" id="24" infl="inf" lcat="inf" lemma="weg_halen" pos="verb" positie="vrij" postag="WW(inf,vrij,zonder)" pt="ww" rel="hd" root="haal_weg" sc="part_transitive(weg)" sense="haal_weg" word="halen" wvorm="inf"/>
              </node>
            </node>
          </node>
        </node>
      </node>
    </node>
  </node>
  <sentence sentid="1">Na berichten over slavenhandel : Libische leider aanvaardt plan om migranten weg te halen</sentence>
  <comments>
    <comment>Q#1|Na berichten over slavenhandel : Libische leider aanvaardt plan om migranten weg te halen|1|1|-3.6178481483299927</comment>
  </comments>
</alpino_ds>
