<?xml version="1.0" encoding="UTF-8"?>
<alpino_ds version="1.6">
  <parser cats="1" skips="0" />
  <node begin="0" cat="top" end="26" id="0" rel="top">
    <node begin="0" cat="smain" end="25" id="1" rel="--">
      <node begin="10" end="11" frame="verb(hebben,pl,aux_psp_hebben)" his="normal" his_1="normal" id="2" infl="pl" lcat="smain" lemma="hebben" pos="verb" postag="WW(pv,tgw,mv)" pt="ww" pvagr="mv" pvtijd="tgw" rel="hd" root="heb" sc="aux_psp_hebben" sense="heb" stype="declarative" tense="present" word="hebben" wvorm="pv"/>
      <node begin="11" cat="np" end="19" id="3" index="1" rel="su">
        <node begin="11" end="12" frame="determiner(de)" his="normal" his_1="normal" id="4" infl="de" lcat="detp" lemma="de" lwtype="bep" naamval="stan" npagr="rest" pos="det" postag="LID(bep,stan,rest)" pt="lid" rel="det" root="de" sense="de" word="de"/>
        <node begin="12" end="13" frame="noun(de,count,pl)" gen="de" getal="mv" graad="basis" his="normal" his_1="normal" id="5" lcat="np" lemma="deelnemer" ntype="soort" num="pl" pos="noun" postag="N(soort,mv,basis)" pt="n" rel="hd" rnum="pl" root="deelnemer" sense="deelnemer" word="deelnemers"/>
        <node begin="13" cat="pp" end="19" id="6" rel="mod">
          <node begin="13" end="14" frame="preposition(van,[af,uit,vandaan,[af,aan]])" his="normal" his_1="normal" id="7" lcat="pp" lemma="van" pos="prep" postag="VZ(init)" pt="vz" rel="hd" root="van" sense="van" vztype="init" word="van"/>
          <node begin="14" cat="np" end="19" id="8" rel="obj1">
            <node begin="14" end="15" frame="determiner(de)" his="normal" his_1="normal" id="9" infl="de" lcat="detp" lemma="de" lwtype="bep" naamval="stan" npagr="rest" pos="det" postag="LID(bep,stan,rest)" pt="lid" rel="det" root="de" sense="de" word="de"/>
            <node aform="base" begin="15" buiging="met-e" end="16" frame="adjective(e)" graad="basis" his="compound" his_1="hyphen" id="10" infl="e" lcat="ap" lemma="Europees_Afrikaans" naamval="stan" pos="adj" positie="prenom" postag="ADJ(prenom,basis,met-e,stan)" pt="adj" rel="mod" root="Europees_Afrikaans" sense="Europees_Afrikaans" vform="adj" word="Europees-Afrikaanse"/>
            <node begin="16" end="17" frame="noun(de,count,sg)" gen="de" genus="zijd" getal="ev" graad="basis" his="normal" his_1="normal" id="11" lcat="np" lemma="top" naamval="stan" ntype="soort" num="sg" pos="noun" postag="N(soort,ev,basis,zijd,stan)" pt="n" rel="hd" rnum="sg" root="top" sense="top" word="top"/>
            <node begin="17" cat="pp" end="19" id="12" rel="mod">
              <node begin="17" end="18" frame="preposition(in,[])" his="normal" his_1="normal" id="13" lcat="pp" lemma="in" pos="prep" postag="VZ(init)" pt="vz" rel="hd" root="in" sense="in" vztype="init" word="in"/>
              <node begin="18" end="19" frame="proper_name(sg,'LOC')" genus="onz" getal="ev" graad="basis" his="normal" his_1="names_dictionary" id="14" lcat="np" lemma="Abidjan" naamval="stan" neclass="LOC" ntype="eigen" num="sg" pos="name" postag="N(eigen,ev,basis,onz,stan)" pt="n" rel="obj1" rnum="sg" root="Abidjan" sense="Abidjan" word="Abidjan"/>
            </node>
          </node>
        </node>
      </node>
      <node begin="0" cat="ppart" end="25" id="15" rel="vc">
        <node begin="0" cat="pp" end="10" id="16" rel="mod">
          <node begin="0" end="1" frame="preposition(vanwege,[])" his="normal" his_1="decap" his_1_1="normal" id="17" lcat="pp" lemma="vanwege" pos="prep" postag="VZ(init)" pt="vz" rel="hd" root="vanwege" sense="vanwege" vztype="init" word="Vanwege"/>
          <node begin="1" cat="np" end="10" id="18" rel="obj1">
            <node begin="1" end="2" frame="determiner(de)" his="normal" his_1="normal" id="19" infl="de" lcat="detp" lemma="de" lwtype="bep" naamval="stan" npagr="rest" pos="det" postag="LID(bep,stan,rest)" pt="lid" rel="det" root="de" sense="de" word="de"/>
            <node aform="base" begin="2" buiging="met-e" end="3" frame="adjective(e)" graad="basis" his="normal" his_1="normal" id="20" infl="e" lcat="ap" lemma="dramatisch" naamval="stan" pos="adj" positie="prenom" postag="ADJ(prenom,basis,met-e,stan)" pt="adj" rel="mod" root="dramatisch" sense="dramatisch" vform="adj" word="dramatische"/>
            <node begin="3" end="4" frame="noun(de,count,sg)" gen="de" genus="zijd" getal="ev" graad="basis" his="normal" his_1="normal" id="21" lcat="np" lemma="mens_recht_situatie" naamval="stan" ntype="soort" num="sg" pos="noun" postag="N(soort,ev,basis,zijd,stan)" pt="n" rel="hd" rnum="sg" root="mens_recht_situatie" sense="mens_recht_situatie" word="mensenrechtensituatie"/>
            <node begin="4" cat="pp" end="10" id="22" rel="mod">
              <node begin="4" end="5" frame="preposition(in,[])" his="normal" his_1="normal" id="23" lcat="pp" lemma="in" pos="prep" postag="VZ(init)" pt="vz" rel="hd" root="in" sense="in" vztype="init" word="in"/>
              <node begin="5" cat="conj" end="10" id="24" rel="obj1">
                <node begin="5" end="6" frame="proper_name(sg,'LOC')" genus="onz" getal="ev" graad="basis" his="normal" his_1="names_dictionary" id="25" lcat="np" lemma="Libië" naamval="stan" neclass="LOC" ntype="eigen" num="sg" pos="name" postag="N(eigen,ev,basis,onz,stan)" pt="n" rel="cnj" rnum="sg" root="Libië" sense="Libië" word="Libië"/>
                <node begin="6" conjtype="neven" end="7" frame="conj(en)" his="normal" his_1="normal" id="26" lcat="vg" lemma="en" pos="vg" postag="VG(neven)" pt="vg" rel="crd" root="en" sense="en" word="en"/>
                <node begin="7" cat="np" end="10" id="27" rel="cnj">
                  <node begin="7" end="8" frame="noun(het,count,pl)" gen="het" getal="mv" graad="basis" his="normal" his_1="normal" id="28" lcat="np" lemma="bericht" ntype="soort" num="pl" pos="noun" postag="N(soort,mv,basis)" pt="n" rel="hd" rnum="pl" root="bericht" sense="bericht" word="berichten"/>
                  <node begin="8" cat="pp" end="10" id="29" rel="mod">
                    <node begin="8" end="9" frame="preposition(over,[heen])" his="normal" his_1="normal" id="30" lcat="pp" lemma="over" pos="prep" postag="VZ(init)" pt="vz" rel="hd" root="over" sense="over" vztype="init" word="over"/>
                    <node begin="9" end="10" frame="noun(de,count,sg)" gen="de" genus="zijd" getal="ev" graad="basis" his="normal" his_1="normal" id="31" lcat="np" lemma="slaaf_handel" naamval="stan" ntype="soort" num="sg" pos="noun" postag="N(soort,ev,basis,zijd,stan)" pt="n" rel="obj1" rnum="sg" root="slaaf_handel" sense="slaaf_handel" word="slavenhandel"/>
                  </node>
                </node>
              </node>
            </node>
          </node>
        </node>
        <node begin="11" end="19" id="32" index="1" rel="su"/>
        <node begin="19" cat="np" end="21" id="33" rel="obj1">
          <node begin="19" end="20" frame="determiner(een)" his="normal" his_1="normal" id="34" infl="een" lcat="detp" lemma="een" lwtype="onbep" naamval="stan" npagr="agr" pos="det" postag="LID(onbep,stan,agr)" pt="lid" rel="det" root="een" sense="een" word="een"/>
          <node begin="20" end="21" frame="noun(de,count,sg)" gen="de" genus="zijd" getal="ev" graad="basis" his="normal" his_1="normal" id="35" lcat="np" lemma="overeenkomst" naamval="stan" ntype="soort" num="sg" pos="noun" postag="N(soort,ev,basis,zijd,stan)" pt="n" rel="hd" rnum="sg" root="overeenkomst" sense="overeenkomst" word="overeenkomst"/>
        </node>
        <node begin="21" buiging="zonder" end="22" frame="verb(hebben,psp,transitive)" his="normal" his_1="normal" id="36" infl="psp" lcat="ppart" lemma="bereiken" pos="verb" positie="vrij" postag="WW(vd,vrij,zonder)" pt="ww" rel="hd" root="bereik" sc="transitive" sense="bereik" word="bereikt" wvorm="vd"/>
        <node begin="22" cat="pp" end="25" id="37" rel="mod">
          <node begin="22" end="23" frame="preposition(over,[heen])" his="normal" his_1="normal" id="38" lcat="pp" lemma="over" pos="prep" postag="VZ(init)" pt="vz" rel="hd" root="over" sense="over" vztype="init" word="over"/>
          <node begin="23" cat="np" end="25" id="39" rel="obj1">
            <node begin="23" end="24" frame="determiner(een)" his="normal" his_1="normal" id="40" infl="een" lcat="detp" lemma="een" lwtype="onbep" naamval="stan" npagr="agr" pos="det" postag="LID(onbep,stan,agr)" pt="lid" rel="det" root="een" sense="een" word="een"/>
            <node begin="24" end="25" frame="noun(het,count,sg)" gen="het" genus="onz" getal="ev" graad="basis" his="compound" his_1="2" id="41" lcat="np" lemma="evacuatie_plan" naamval="stan" ntype="soort" num="sg" pos="noun" postag="N(soort,ev,basis,onz,stan)" pt="n" rel="hd" rnum="sg" root="evacuatie_plan" sense="evacuatie_plan" word="evacuatieplan"/>
          </node>
        </node>
      </node>
    </node>
    <node begin="25" end="26" frame="punct(punt)" his="normal" his_1="normal" id="42" lcat="punct" lemma="." pos="punct" postag="LET()" pt="let" rel="--" root="." sense="." special="punt" word="."/>
  </node>
  <sentence sentid="2">Vanwege de dramatische mensenrechtensituatie in Libië en berichten over slavenhandel hebben de deelnemers van de Europees-Afrikaanse top in Abidjan een overeenkomst bereikt over een evacuatieplan .</sentence>
  <comments>
    <comment>Q#2|Vanwege de dramatische mensenrechtensituatie in Libië en berichten over slavenhandel hebben de deelnemers van de Europees-Afrikaanse top in Abidjan een overeenkomst bereikt over een evacuatieplan .|1|1|-8.185202626749994</comment>
  </comments>
</alpino_ds>
