{"meta": {"id": "MH-DMF20180603_03542622-Merkel_presenteert_plan_voor_hervorming.tsv", "author": "eventdna_anno_1"}, "doc": {"token_string": "Merkel presenteert plan voor hervorming eurozone De Duitse bondskanselier Angela Merkel heeft zondag in haar kaarten laten kijken over de hervorming van de eurozone . In een interview met de ' Frankfurter Allgemeinen Sonntagszeitung ' dient ze de Franse president Emmanuel Macron , die eerder pleitte voor een sterke eurozone , van antwoord . Merkel stelde een investeringsbudget voor dat in de lage tweecijferige ( minstens 10 , red. ) miljarden loopt . Zo'n budget zou geleidelijk moeten worden ingevoerd en ge\u00ebvalueerd , klonk het . Merkel liet in het midden of dit budget deel moet uitmaken van de Europese begroting , of , zoals Macron voorstelt , aan de Europese ministers van Financi\u00ebn wordt toevertrouwd . Ze is ook voorstander om de economische verschillen in de eurozone met dergelijk budget te compenseren .", "token_ids": [0, 1, 2, 3, 4, 5, 6, 7, 8, 9, 10, 11, 12, 13, 14, 15, 16, 17, 18, 19, 20, 21, 22, 23, 24, 25, 26, 27, 28, 29, 30, 31, 32, 33, 34, 35, 36, 37, 38, 39, 40, 41, 42, 43, 44, 45, 46, 47, 48, 49, 50, 51, 52, 53, 54, 55, 56, 57, 58, 59, 60, 61, 62, 63, 64, 65, 66, 67, 68, 69, 70, 71, 72, 73, 74, 75, 76, 77, 78, 79, 80, 81, 82, 83, 84, 85, 86, 87, 88, 89, 90, 91, 92, 93, 94, 95, 96, 97, 98, 99, 100, 101, 102, 103, 104, 105, 106, 107, 108, 109, 110, 111, 112, 113, 114, 115, 116, 117, 118, 119, 120, 121, 122, 123, 124, 125, 126, 127, 128, 129, 130, 131, 132, 133], "sentences": {"sentence_1": {"token_ids": [0, 1, 2, 3, 4, 5]}, "sentence_2": {"token_ids": [6, 7, 8, 9, 10, 11, 12, 13, 14, 15, 16, 17, 18, 19, 20, 21, 22, 23, 24]}, "sentence_3": {"token_ids": [25, 26, 27, 28, 29, 30, 31, 32, 33, 34, 35, 36, 37, 38, 39, 40, 41, 42, 43, 44, 45, 46, 47, 48, 49, 50, 51, 52, 53]}, "sentence_4": {"token_ids": [54, 55, 56, 57, 58, 59, 60, 61, 62, 63, 64, 65, 66, 67, 68, 69, 70, 71, 72]}, "sentence_5": {"token_ids": [73, 74, 75, 76, 77, 78, 79, 80, 81, 82, 83, 84, 85]}, "sentence_6": {"token_ids": [86, 87, 88, 89, 90, 91, 92, 93, 94, 95, 96, 97, 98, 99, 100, 101, 102, 103, 104, 105, 106, 107, 108, 109, 110, 111, 112, 113, 114, 115, 116]}, "sentence_7": {"token_ids": [117, 118, 119, 120, 121, 122, 123, 124, 125, 126, 127, 128, 129, 130, 131, 132, 133]}}, "annotations": {"entities": {"entity_1": {"type": "entity", "string": "Merkel", "features": {"type": "PER", "span": [0], "individuality": "INDIV", "mention_level_type": "NAM", "head": {"type": "entityHead", "string": "Merkel", "features": {"span": [0]}}}, "home_sentence": "sentence_1"}, "entity_2": {"type": "entity", "string": "eurozone", "features": {"type": "ORG", "span": [5], "individuality": "INDIV", "mention_level_type": "NOM", "head": {"type": "entityHead", "string": "eurozone", "features": {"span": [5]}}}, "home_sentence": "sentence_1"}, "entity_3": {"type": "entity", "string": "Duitse", "features": {"type": "LOC", "span": [7], "individuality": "INDIV", "mention_level_type": "NAM", "head": {"type": "entityHead", "string": "Duitse", "features": {"span": [7]}}}, "home_sentence": "sentence_2"}, "entity_4": {"type": "entity", "string": "Angela Merkel", "features": {"type": "PER", "span": [9, 10], "individuality": "INDIV", "mention_level_type": "NAM", "head": {"type": "entityHead", "string": "Angela Merkel", "features": {"span": [9, 10]}}}, "home_sentence": "sentence_2"}, "entity_5": {"type": "entity", "string": "haar", "features": {"type": "PER", "span": [14], "individuality": "INDIV", "mention_level_type": "PRON", "head": {"type": "entityHead", "string": "haar", "features": {"span": [14]}}}, "home_sentence": "sentence_2"}, "entity_6": {"type": "entity", "string": "de eurozone", "features": {"type": "ORG", "span": [22, 23], "individuality": "INDIV", "mention_level_type": "NOM", "head": {"type": "entityHead", "string": "eurozone", "features": {"span": [23]}}}, "home_sentence": "sentence_2"}, "entity_7": {"type": "entity", "string": "Frankfurter Allgemeinen Sonntagszeitung", "features": {"type": "ORG", "span": [31, 32, 33], "individuality": "INDIV", "mention_level_type": "NAM", "head": {"type": "entityHead", "string": "Frankfurter Allgemeinen Sonntagszeitung", "features": {"span": [31, 32, 33]}}}, "home_sentence": "sentence_3"}, "entity_8": {"type": "entity", "string": "ze", "features": {"type": "PER", "span": [36], "individuality": "INDIV", "mention_level_type": "PRON", "head": {"type": "entityHead", "string": "ze", "features": {"span": [36]}}}, "home_sentence": "sentence_3"}, "entity_9": {"type": "entity", "string": "Franse", "features": {"type": "LOC", "span": [38], "individuality": "INDIV", "mention_level_type": "NAM", "head": {"type": "entityHead", "string": "Franse", "features": {"span": [38]}}}, "home_sentence": "sentence_3"}, "entity_10": {"type": "entity", "string": "Emmanuel Macron", "features": {"type": "PER", "span": [40, 41], "individuality": "INDIV", "mention_level_type": "NAM", "head": {"type": "entityHead", "string": "Emmanuel Macron", "features": {"span": [40, 41]}}}, "home_sentence": "sentence_3"}, "entity_11": {"type": "entity", "string": "een sterke eurozone", "features": {"type": "ORG", "span": [47, 48, 49], "individuality": "INDIV", "mention_level_type": "NOM", "head": {"type": "entityHead", "string": "eurozone", "features": {"span": [49]}}}, "home_sentence": "sentence_3"}, "entity_12": {"type": "entity", "string": "Merkel", "features": {"type": "PER", "span": [54], "individuality": "INDIV", "mention_level_type": "NAM", "head": {"type": "entityHead", "string": "Merkel", "features": {"span": [54]}}}, "home_sentence": "sentence_4"}, "entity_13": {"type": "entity", "string": "Merkel", "features": {"type": "PER", "span": [86], "individuality": "INDIV", "mention_level_type": "NAM", "head": {"type": "entityHead", "string": "Merkel", "features": {"span": [86]}}}, "home_sentence": "sentence_6"}, "entity_14": {"type": "entity", "string": "Europese", "features": {"type": "LOC", "span": [99], "individuality": "INDIV", "mention_level_type": "NAM", "head": {"type": "entityHead", "string": "Europese", "features": {"span": [99]}}}, "home_sentence": "sentence_6"}, "entity_15": {"type": "entity", "string": "Macron", "features": {"type": "PER", "span": [105], "individuality": "INDIV", "mention_level_type": "NAM", "head": {"type": "entityHead", "string": "Macron", "features": {"span": [105]}}}, "home_sentence": "sentence_6"}, "entity_16": {"type": "entity", "string": "de Europese ministers van Financi\u00ebn", "features": {"type": "PER", "span": [109, 110, 111, 112, 113], "individuality": "GROUP", "mention_level_type": "NOM", "head": {"type": "entityHead", "string": "ministers", "features": {"span": [111]}}}, "home_sentence": "sentence_6"}, "entity_17": {"type": "entity", "string": "Europese", "features": {"type": "LOC", "span": [110], "individuality": "INDIV", "mention_level_type": "NAM", "head": {"type": "entityHead", "string": "Europese", "features": {"span": [110]}}}, "home_sentence": "sentence_6"}, "entity_18": {"type": "entity", "string": "Ze", "features": {"type": "PER", "span": [117], "individuality": "INDIV", "mention_level_type": "PRON", "head": {"type": "entityHead", "string": "Ze", "features": {"span": [117]}}}, "home_sentence": "sentence_7"}, "entity_19": {"type": "entity", "string": "de eurozone", "features": {"type": "ORG", "span": [126, 127], "individuality": "INDIV", "mention_level_type": "NOM", "head": {"type": "entityHead", "string": "eurozone", "features": {"span": [127]}}}, "home_sentence": "sentence_7"}}, "events": {"event_1": {"annotation_type": "event", "string": "Merkel presenteert plan voor hervorming eurozone", "features": {"span": [0, 1, 2, 3, 4, 5], "arguments": [{"string": "Merkel", "features": {"span": [0], "argument_entity_type": "PER", "argument_role": "Entity"}}], "type": "Contact", "subtype": "Contact", "modality": "Asserted", "pos_neg": "Positive", "prominence": "Main", "tense": "Present"}, "home_sentence": "sentence_1"}, "event_2": {"annotation_type": "event", "string": "hervorming eurozone", "features": {"span": [4, 5], "arguments": [{"string": "eurozone", "features": {"span": [5], "argument_entity_type": "ORG", "argument_role": "Participant"}}], "type": "Unknown", "subtype": "Unknown", "modality": "Asserted", "pos_neg": "Positive", "prominence": "Background", "tense": "Unspecified"}, "home_sentence": "sentence_1"}, "event_3": {"annotation_type": "event", "string": "De Duitse bondskanselier Angela Merkel heeft zondag in haar kaarten laten kijken over de hervorming van de eurozone", "features": {"span": [6, 7, 8, 9, 10, 11, 12, 13, 14, 15, 16, 17, 18, 19, 20, 21, 22, 23], "arguments": [{"string": "Angela Merkel", "features": {"span": [9, 10], "argument_entity_type": "PER", "argument_role": "Entity"}}, {"string": "zondag", "features": {"span": [12], "argument_entity_type": "time", "argument_role": "Time"}}], "type": "Contact", "subtype": "Contact", "modality": "Asserted", "pos_neg": "Positive", "prominence": "Main", "tense": "Past"}, "home_sentence": "sentence_2"}, "event_4": {"annotation_type": "event", "string": "de hervorming van de eurozone", "features": {"span": [19, 20, 21, 22, 23], "arguments": [{"string": "de eurozone", "features": {"span": [22, 23], "argument_entity_type": "ORG", "argument_role": "Participant"}}], "type": "Unknown", "subtype": "Unknown", "modality": "Asserted", "pos_neg": "Positive", "prominence": "Background", "tense": "Unspecified"}, "home_sentence": "sentence_2"}, "event_5": {"annotation_type": "event", "string": "In een interview met de ' Frankfurter Allgemeinen Sonntagszeitung ' dient ze de Franse president Emmanuel Macron , die eerder pleitte voor een sterke eurozone , van antwoord", "features": {"span": [25, 26, 27, 28, 29, 30, 31, 32, 33, 34, 35, 36, 37, 38, 39, 40, 41, 42, 43, 44, 45, 46, 47, 48, 49, 50, 51, 52], "arguments": [{"string": "ze", "features": {"span": [36], "argument_entity_type": "PER", "argument_role": "Entity"}}], "type": "Contact", "subtype": "Contact", "modality": "Asserted", "pos_neg": "Positive", "prominence": "Main", "tense": "Present"}, "home_sentence": "sentence_3"}, "event_6": {"annotation_type": "event", "string": "de Franse president Emmanuel Macron , die eerder pleitte voor een sterke eurozone", "features": {"span": [37, 38, 39, 40, 41, 42, 43, 44, 45, 46, 47, 48, 49], "arguments": [{"string": "Emmanuel Macron", "features": {"span": [40, 41], "argument_entity_type": "PER", "argument_role": "Entity"}}], "type": "Contact", "subtype": "Contact", "modality": "Asserted", "pos_neg": "Positive", "prominence": "Background", "tense": "Past"}, "home_sentence": "sentence_3"}, "event_7": {"annotation_type": "event", "string": "Merkel stelde een investeringsbudget voor dat in de lage tweecijferige ( minstens 10 , red. ) miljarden loopt", "features": {"span": [54, 55, 56, 57, 58, 59, 60, 61, 62, 63, 64, 65, 66, 67, 68, 69, 70, 71], "arguments": [{"string": "Merkel", "features": {"span": [54], "argument_entity_type": "PER", "argument_role": "Entity"}}], "type": "Contact", "subtype": "Contact", "modality": "Asserted", "pos_neg": "Positive", "prominence": "Main", "tense": "Past"}, "home_sentence": "sentence_4"}}, "coreference": {"entities": {"coref_bucket_1": ["entity_5", "entity_4", "entity_1"], "coref_bucket_2": ["entity_11", "entity_6", "entity_2"], "coref_bucket_3": ["entity_8", "entity_5", "entity_4", "entity_1"], "coref_bucket_4": ["entity_8", "entity_5", "entity_12", "entity_4"], "coref_bucket_5": ["entity_11", "entity_6", "entity_19", "entity_2"], "coref_bucket_6": ["entity_8", "entity_5", "entity_12", "entity_13"], "coref_bucket_7": ["entity_15", "entity_10"], "coref_bucket_8": ["entity_11", "entity_6", "entity_19"], "coref_bucket_9": ["entity_8", "entity_12", "entity_18", "entity_13"], "coref_bucket_10": ["entity_12", "entity_18", "entity_13"], "coref_bucket_11": ["entity_14", "entity_17"]}, "events": {"coref_bucket_12": ["event_1", "event_5", "event_3"], "coref_bucket_13": ["event_2", "event_4"], "coref_bucket_14": ["event_1", "event_5", "event_7", "event_3"], "coref_bucket_15": ["event_5", "event_7", "event_3"]}}, "iptc_codes": {"certain": [[["medtop:20000644", "international organisation"], ["medtop:20000638", "international relations"], ["medtop:11000000", "politics"]], [["medtop:20000348", "budgets and budgeting"], ["medtop:20000346", "macro economics"], ["medtop:20000344", "economy"], ["medtop:04000000", "economy, business and finance"]]], "uncertain": []}}}}