{"meta": {"id": "MH-DMF20180513_03511181-Dader_zou_met_IS_heulen.tsv", "author": "eventdna_anno_1"}, "doc": {"token_string": "Dader zou met IS heulen De Tsjetsjeense Fransman die zaterdagavond een man doodstak in Parijs , stond al langer op de radar van de Franse inlichtingendiensten .", "token_ids": [0, 1, 2, 3, 4, 5, 6, 7, 8, 9, 10, 11, 12, 13, 14, 15, 16, 17, 18, 19, 20, 21, 22, 23, 24, 25, 26], "sentences": {"sentence_1": {"token_ids": [0, 1, 2, 3, 4]}, "sentence_2": {"token_ids": [5, 6, 7, 8, 9, 10, 11, 12, 13, 14, 15, 16, 17, 18, 19, 20, 21, 22, 23, 24, 25, 26]}}, "annotations": {"entities": {"entity_1": {"type": "entity", "string": "Dader", "features": {"type": "PER", "span": [0], "individuality": "INDIV", "mention_level_type": "NOM", "head": {"type": "entityHead", "string": "Dader", "features": {"span": [0]}}}, "home_sentence": "sentence_1"}, "entity_2": {"type": "entity", "string": "IS", "features": {"type": "ORG", "span": [3], "individuality": "INDIV", "mention_level_type": "NAM", "head": {"type": "entityHead", "string": "IS", "features": {"span": [3]}}}, "home_sentence": "sentence_1"}, "entity_3": {"type": "entity", "string": "De Tsjetsjeense Fransman die zaterdagavond een man doodstak in Parijs", "features": {"type": "PER", "span": [5, 6, 7, 8, 9, 10, 11, 12, 13, 14], "individuality": "INDIV", "mention_level_type": "NOM", "head": {"type": "entityHead", "string": "Fransman", "features": {"span": [7]}}}, "home_sentence": "sentence_2"}, "entity_4": {"type": "entity", "string": "Tsjetsjeense", "features": {"type": "LOC", "span": [6], "individuality": "INDIV", "mention_level_type": "NAM", "head": {"type": "entityHead", "string": "Tsjetsjeense", "features": {"span": [6]}}}, "home_sentence": "sentence_2"}, "entity_5": {"type": "entity", "string": "een man", "features": {"type": "PER", "span": [10, 11], "individuality": "INDIV", "mention_level_type": "NOM", "head": {"type": "entityHead", "string": "man", "features": {"span": [11]}}}, "home_sentence": "sentence_2"}, "entity_6": {"type": "entity", "string": "Parijs", "features": {"type": "LOC", "span": [14], "individuality": "INDIV", "mention_level_type": "NAM", "head": {"type": "entityHead", "string": "Parijs", "features": {"span": [14]}}}, "home_sentence": "sentence_2"}, "entity_7": {"type": "entity", "string": "de Franse inlichtingendiensten", "features": {"type": "ORG", "span": [23, 24, 25], "individuality": "GROUP", "mention_level_type": "NOM", "head": {"type": "entityHead", "string": "inlichtingendiensten", "features": {"span": [25]}}}, "home_sentence": "sentence_2"}, "entity_8": {"type": "entity", "string": "Franse", "features": {"type": "LOC", "span": [24], "individuality": "INDIV", "mention_level_type": "NAM", "head": {"type": "entityHead", "string": "Franse", "features": {"span": [24]}}}, "home_sentence": "sentence_2"}}, "events": {"event_1": {"annotation_type": "event", "string": "Dader zou met IS heulen", "features": {"span": [0, 1, 2, 3, 4], "arguments": [{"string": "Dader", "features": {"span": [0], "argument_entity_type": "PER", "argument_role": "Entity"}}, {"string": "IS", "features": {"span": [3], "argument_entity_type": "ORG", "argument_role": "Entity"}}], "type": "Contact", "subtype": "Contact", "modality": "Other", "pos_neg": "Positive", "prominence": "Main", "tense": "Present"}, "home_sentence": "sentence_1"}, "event_2": {"annotation_type": "event", "string": "De Tsjetsjeense Fransman die zaterdagavond een man doodstak in Parijs , stond al langer op de radar van de Franse inlichtingendiensten", "features": {"span": [5, 6, 7, 8, 9, 10, 11, 12, 13, 14, 15, 16, 17, 18, 19, 20, 21, 22, 23, 24, 25], "arguments": [{"string": "de Franse inlichtingendiensten", "features": {"span": [23, 24, 25], "argument_entity_type": "ORG", "argument_role": "Investigator"}}, {"string": "De Tsjetsjeense Fransman die zaterdagavond een man doodstak in Parijs", "features": {"span": [5, 6, 7, 8, 9, 10, 11, 12, 13, 14], "argument_entity_type": "PER", "argument_role": "InvestigationTarget"}}], "type": "Justice", "subtype": "Investigation", "modality": "Asserted", "pos_neg": "Positive", "prominence": "Main", "tense": "Past"}, "home_sentence": "sentence_2"}, "event_3": {"annotation_type": "event", "string": "De Tsjetsjeense Fransman die zaterdagavond een man doodstak in Parijs", "features": {"span": [5, 6, 7, 8, 9, 10, 11, 12, 13, 14], "arguments": [{"string": "zaterdagavond", "features": {"span": [9], "argument_entity_type": "time", "argument_role": "Time"}}, {"string": "De Tsjetsjeense Fransman", "features": {"span": [5, 6, 7], "argument_entity_type": "PER", "argument_role": "Agent"}}, {"string": "Parijs", "features": {"span": [14], "argument_entity_type": "LOC", "argument_role": "Place"}}, {"string": "een man", "features": {"span": [10, 11], "argument_entity_type": "PER", "argument_role": "Victim"}}], "type": "Life", "subtype": "Die", "modality": "Asserted", "pos_neg": "Positive", "prominence": "Background", "tense": "Past"}, "home_sentence": "sentence_2"}}, "coreference": {"entities": {"coref_bucket_1": ["entity_3", "entity_1"]}, "events": {}}, "iptc_codes": {"certain": [[["medtop:20000131", "investigation (criminal)"], ["medtop:20000129", "law enforcement"], ["medtop:02000000", "crime, law and justice"]]], "uncertain": [[["medtop:20000099", "homicide"], ["medtop:20000082", "crime"], ["medtop:02000000", "crime, law and justice"]]]}}}}