{"meta": {"id": "MH-DMF20180817_03669378-Ongeval_met_vijf_voertuigen_op.tsv", "author": "eventdna_anno_2"}, "doc": {"token_string": "Ongeval met vijf voertuigen op A12 stuurt ochtendspits stevig in de war Een ongeval met vijf voertuigen net voor de Rupeltunnel stuurde de ochtendspits richting Brussel danig in de war . Het verkeer op de A12 stond muurvast en moest via de af- en oprit van Boom terug naar Antwerpen geleid worden , om vervolgens de E19 richting Brussel te nemen . Normaal zou het verkeer er kunnen omrijden via de Rupelbrug , maar die was afgesloten door wegenwerken . Om 8u30 waren de voertuigen getakeld en werd de rijweg vrijgegeven .", "token_ids": [0, 1, 2, 3, 4, 5, 6, 7, 8, 9, 10, 11, 12, 13, 14, 15, 16, 17, 18, 19, 20, 21, 22, 23, 24, 25, 26, 27, 28, 29, 30, 31, 32, 33, 34, 35, 36, 37, 38, 39, 40, 41, 42, 43, 44, 45, 46, 47, 48, 49, 50, 51, 52, 53, 54, 55, 56, 57, 58, 59, 60, 61, 62, 63, 64, 65, 66, 67, 68, 69, 70, 71, 72, 73, 74, 75, 76, 77, 78, 79, 80, 81, 82, 83, 84, 85, 86, 87, 88, 89, 90, 91], "sentences": {"sentence_1": {"token_ids": [0, 1, 2, 3, 4, 5, 6, 7, 8, 9, 10, 11]}, "sentence_2": {"token_ids": [12, 13, 14, 15, 16, 17, 18, 19, 20, 21, 22, 23, 24, 25, 26, 27, 28, 29, 30]}, "sentence_3": {"token_ids": [31, 32, 33, 34, 35, 36, 37, 38, 39, 40, 41, 42, 43, 44, 45, 46, 47, 48, 49, 50, 51, 52, 53, 54, 55, 56, 57, 58, 59, 60, 61]}, "sentence_4": {"token_ids": [62, 63, 64, 65, 66, 67, 68, 69, 70, 71, 72, 73, 74, 75, 76, 77, 78, 79]}, "sentence_5": {"token_ids": [80, 81, 82, 83, 84, 85, 86, 87, 88, 89, 90, 91]}}, "annotations": {"entities": {"entity_1": {"type": "entity", "string": "A12", "features": {"type": "LOC", "span": [5], "individuality": "INDIV", "mention_level_type": "NAM", "head": {"type": "entityHead", "string": "A12", "features": {"span": [5]}}}, "home_sentence": "sentence_1"}, "entity_2": {"type": "entity", "string": "net voor de Rupeltunnel", "features": {"type": "LOC", "span": [17, 18, 19, 20], "individuality": "INDIV", "mention_level_type": "NOM", "head": {"type": "entityHead", "string": "voor", "features": {"span": [18]}}}, "home_sentence": "sentence_2"}, "entity_3": {"type": "entity", "string": "Rupeltunnel", "features": {"type": "LOC", "span": [20], "individuality": "INDIV", "mention_level_type": "NAM", "head": {"type": "entityHead", "string": "Rupeltunnel", "features": {"span": [20]}}}, "home_sentence": "sentence_2"}, "entity_4": {"type": "entity", "string": "Brussel", "features": {"type": "LOC", "span": [25], "individuality": "INDIV", "mention_level_type": "NAM", "head": {"type": "entityHead", "string": "Brussel", "features": {"span": [25]}}}, "home_sentence": "sentence_2"}, "entity_5": {"type": "entity", "string": "A12", "features": {"type": "LOC", "span": [35], "individuality": "INDIV", "mention_level_type": "NAM", "head": {"type": "entityHead", "string": "A12", "features": {"span": [35]}}}, "home_sentence": "sentence_3"}, "entity_6": {"type": "entity", "string": "de af- en oprit van Boom", "features": {"type": "LOC", "span": [41, 42, 43, 44, 45, 46], "individuality": "INDIV", "mention_level_type": "NOM", "head": {"type": "entityHead", "string": "af- en oprit", "features": {"span": [42, 43, 44]}}}, "home_sentence": "sentence_3"}, "entity_7": {"type": "entity", "string": "Boom", "features": {"type": "LOC", "span": [46], "individuality": "INDIV", "mention_level_type": "NAM", "head": {"type": "entityHead", "string": "Boom", "features": {"span": [46]}}}, "home_sentence": "sentence_3"}, "entity_8": {"type": "entity", "string": "Antwerpen", "features": {"type": "LOC", "span": [49], "individuality": "INDIV", "mention_level_type": "NAM", "head": {"type": "entityHead", "string": "Antwerpen", "features": {"span": [49]}}}, "home_sentence": "sentence_3"}, "entity_9": {"type": "entity", "string": "E19", "features": {"type": "LOC", "span": [56], "individuality": "INDIV", "mention_level_type": "NAM", "head": {"type": "entityHead", "string": "E19", "features": {"span": [56]}}}, "home_sentence": "sentence_3"}, "entity_10": {"type": "entity", "string": "Brussel", "features": {"type": "LOC", "span": [58], "individuality": "INDIV", "mention_level_type": "NAM", "head": {"type": "entityHead", "string": "Brussel", "features": {"span": [58]}}}, "home_sentence": "sentence_3"}, "entity_11": {"type": "entity", "string": "Rupelbrug", "features": {"type": "LOC", "span": [71], "individuality": "INDIV", "mention_level_type": "NAM", "head": {"type": "entityHead", "string": "Rupelbrug", "features": {"span": [71]}}}, "home_sentence": "sentence_4"}}, "events": {"event_1": {"annotation_type": "event", "string": "Ongeval met vijf voertuigen op A12 stuurt ochtendspits stevig in de war", "features": {"span": [0, 1, 2, 3, 4, 5, 6, 7, 8, 9, 10, 11], "arguments": [], "type": "Unknown", "subtype": "Unknown", "modality": "Asserted", "pos_neg": "Positive", "prominence": "Main", "tense": "Present"}, "home_sentence": "sentence_1"}, "event_2": {"annotation_type": "event", "string": "Ongeval met vijf voertuigen op A12", "features": {"span": [0, 1, 2, 3, 4, 5], "arguments": [{"string": "vijf voertuigen", "features": {"span": [2, 3], "argument_entity_type": "vehicle", "argument_role": "Participant"}}, {"string": "op A12", "features": {"span": [4, 5], "argument_entity_type": "LOC", "argument_role": "Place"}}], "type": "Unknown", "subtype": "Unknown", "modality": "Asserted", "pos_neg": "Positive", "prominence": "Main", "tense": "Unspecified"}, "home_sentence": "sentence_1"}, "event_3": {"annotation_type": "event", "string": "ochtendspits", "features": {"span": [7], "arguments": [], "type": "Unknown", "subtype": "Unknown", "modality": "Asserted", "pos_neg": "Positive", "prominence": "Background", "tense": "Unspecified"}, "home_sentence": "sentence_1"}, "event_4": {"annotation_type": "event", "string": "Een ongeval met vijf voertuigen net voor de Rupeltunnel stuurde de ochtendspits richting Brussel danig in de war .", "features": {"span": [12, 13, 14, 15, 16, 17, 18, 19, 20, 21, 22, 23, 24, 25, 26, 27, 28, 29, 30], "arguments": [], "type": "Unknown", "subtype": "Unknown", "modality": "Asserted", "pos_neg": "Positive", "prominence": "Main", "tense": "Past"}, "home_sentence": "sentence_2"}, "event_5": {"annotation_type": "event", "string": "Een ongeval met vijf voertuigen net voor de Rupeltunnel", "features": {"span": [12, 13, 14, 15, 16, 17, 18, 19, 20], "arguments": [{"string": "net voor de Rupeltunnel", "features": {"span": [17, 18, 19, 20], "argument_entity_type": "LOC", "argument_role": "Place"}}, {"string": "vijf voertuigen", "features": {"span": [15, 16], "argument_entity_type": "vehicle", "argument_role": "Participant"}}], "type": "Unknown", "subtype": "Unknown", "modality": "Asserted", "pos_neg": "Positive", "prominence": "Main", "tense": "Unspecified"}, "home_sentence": "sentence_2"}, "event_6": {"annotation_type": "event", "string": "de ochtendspits richting Brussel", "features": {"span": [22, 23, 24, 25], "arguments": [], "type": "Unknown", "subtype": "Unknown", "modality": "Asserted", "pos_neg": "Positive", "prominence": "Background", "tense": "Unspecified"}, "home_sentence": "sentence_2"}, "event_7": {"annotation_type": "event", "string": "wegenwerken", "features": {"span": [78], "arguments": [], "type": "Unknown", "subtype": "Unknown", "modality": "Asserted", "pos_neg": "Positive", "prominence": "Background", "tense": "Unspecified"}, "home_sentence": "sentence_4"}, "event_8": {"annotation_type": "event", "string": "Om 8u30 waren de voertuigen getakeld", "features": {"span": [80, 81, 82, 83, 84, 85], "arguments": [{"string": "Om 8u30", "features": {"span": [80, 81], "argument_entity_type": "time", "argument_role": "Time"}}, {"string": "de voertuigen", "features": {"span": [83, 84], "argument_entity_type": "vehicle", "argument_role": "Artifact"}}], "type": "Movement", "subtype": "TransportArtifact", "modality": "Asserted", "pos_neg": "Positive", "prominence": "Background", "tense": "Past"}, "home_sentence": "sentence_5"}, "event_9": {"annotation_type": "event", "string": "werd de rijweg vrijgegeven", "features": {"span": [87, 88, 89, 90], "arguments": [], "type": "Unknown", "subtype": "Unknown", "modality": "Asserted", "pos_neg": "Positive", "prominence": "Background", "tense": "Past"}, "home_sentence": "sentence_5"}}, "coreference": {"entities": {"coref_bucket_1": ["entity_1", "entity_5"], "coref_bucket_2": ["entity_4", "entity_10"]}, "events": {"coref_bucket_3": ["event_2", "event_5"], "coref_bucket_4": ["event_1", "event_4"], "coref_bucket_5": ["event_3", "event_6"]}}, "iptc_codes": {"certain": [[["medtop:20000166", "road incident"], ["medtop:20000162", "transport incident"], ["medtop:20000160", "emergency incident"], ["medtop:03000000", "disaster, accident and emergency incident"]], [["medtop:20000342", "traffic"], ["medtop:20000337", "transport"], ["medtop:20000209", "economic sector"], ["medtop:04000000", "economy, business and finance"]]], "uncertain": []}}}}