{"meta": {"id": "MH-DMF20180817_03669378-Ongeval_met_vijf_voertuigen_op.tsv", "author": "eventdna_anno_4"}, "doc": {"token_string": "Ongeval met vijf voertuigen op A12 stuurt ochtendspits stevig in de war Een ongeval met vijf voertuigen net voor de Rupeltunnel stuurde de ochtendspits richting Brussel danig in de war . Het verkeer op de A12 stond muurvast en moest via de af- en oprit van Boom terug naar Antwerpen geleid worden , om vervolgens de E19 richting Brussel te nemen . Normaal zou het verkeer er kunnen omrijden via de Rupelbrug , maar die was afgesloten door wegenwerken . Om 8u30 waren de voertuigen getakeld en werd de rijweg vrijgegeven .", "token_ids": [0, 1, 2, 3, 4, 5, 6, 7, 8, 9, 10, 11, 12, 13, 14, 15, 16, 17, 18, 19, 20, 21, 22, 23, 24, 25, 26, 27, 28, 29, 30, 31, 32, 33, 34, 35, 36, 37, 38, 39, 40, 41, 42, 43, 44, 45, 46, 47, 48, 49, 50, 51, 52, 53, 54, 55, 56, 57, 58, 59, 60, 61, 62, 63, 64, 65, 66, 67, 68, 69, 70, 71, 72, 73, 74, 75, 76, 77, 78, 79, 80, 81, 82, 83, 84, 85, 86, 87, 88, 89, 90, 91], "sentences": {"sentence_1": {"token_ids": [0, 1, 2, 3, 4, 5, 6, 7, 8, 9, 10, 11]}, "sentence_2": {"token_ids": [12, 13, 14, 15, 16, 17, 18, 19, 20, 21, 22, 23, 24, 25, 26, 27, 28, 29, 30]}, "sentence_3": {"token_ids": [31, 32, 33, 34, 35, 36, 37, 38, 39, 40, 41, 42, 43, 44, 45, 46, 47, 48, 49, 50, 51, 52, 53, 54, 55, 56, 57, 58, 59, 60, 61]}, "sentence_4": {"token_ids": [62, 63, 64, 65, 66, 67, 68, 69, 70, 71, 72, 73, 74, 75, 76, 77, 78, 79]}, "sentence_5": {"token_ids": [80, 81, 82, 83, 84, 85, 86, 87, 88, 89, 90, 91]}}, "annotations": {"entities": {"entity_1": {"type": "entity", "string": "A12", "features": {"type": "LOC", "span": [5], "individuality": "INDIV", "mention_level_type": "NAM", "head": {"type": "entityHead", "string": "A12", "features": {"span": [5]}}}, "home_sentence": "sentence_1"}, "entity_2": {"type": "entity", "string": "de Rupeltunnel", "features": {"type": "LOC", "span": [19, 20], "individuality": "INDIV", "mention_level_type": "NAM", "head": {"type": "entityHead", "string": "de Rupeltunnel", "features": {"span": [19, 20]}}}, "home_sentence": "sentence_2"}, "entity_3": {"type": "entity", "string": "Brussel", "features": {"type": "LOC", "span": [25], "individuality": "INDIV", "mention_level_type": "NAM", "head": {"type": "entityHead", "string": "Brussel", "features": {"span": [25]}}}, "home_sentence": "sentence_2"}, "entity_4": {"type": "entity", "string": "de A12", "features": {"type": "LOC", "span": [34, 35], "individuality": "INDIV", "mention_level_type": "NAM", "head": {"type": "entityHead", "string": "de A12", "features": {"span": [34, 35]}}}, "home_sentence": "sentence_3"}, "entity_5": {"type": "entity", "string": "Boom", "features": {"type": "LOC", "span": [46], "individuality": "INDIV", "mention_level_type": "NAM", "head": {"type": "entityHead", "string": "Boom", "features": {"span": [46]}}}, "home_sentence": "sentence_3"}, "entity_6": {"type": "entity", "string": "Antwerpen", "features": {"type": "LOC", "span": [49], "individuality": "INDIV", "mention_level_type": "NAM", "head": {"type": "entityHead", "string": "Antwerpen", "features": {"span": [49]}}}, "home_sentence": "sentence_3"}, "entity_7": {"type": "entity", "string": "de E19", "features": {"type": "LOC", "span": [55, 56], "individuality": "INDIV", "mention_level_type": "NAM", "head": {"type": "entityHead", "string": "de E19", "features": {"span": [55, 56]}}}, "home_sentence": "sentence_3"}, "entity_8": {"type": "entity", "string": "Brussel", "features": {"type": "LOC", "span": [58], "individuality": "INDIV", "mention_level_type": "NAM", "head": {"type": "entityHead", "string": "Brussel", "features": {"span": [58]}}}, "home_sentence": "sentence_3"}, "entity_9": {"type": "entity", "string": "de Rupelbrug", "features": {"type": "LOC", "span": [70, 71], "individuality": "INDIV", "mention_level_type": "NAM", "head": {"type": "entityHead", "string": "de Rupelbrug", "features": {"span": [70, 71]}}}, "home_sentence": "sentence_4"}}, "events": {"event_1": {"annotation_type": "event", "string": "Ongeval met vijf voertuigen op A12 stuurt ochtendspits stevig in de war", "features": {"span": [0, 1, 2, 3, 4, 5, 6, 7, 8, 9, 10, 11], "arguments": [{"string": "A12", "features": {"span": [5], "argument_entity_type": "LOC", "argument_role": "Place"}}], "type": "Unknown", "subtype": "Unknown", "modality": "Asserted", "pos_neg": "Positive", "prominence": "Main", "tense": "Present"}, "home_sentence": "sentence_1"}, "event_2": {"annotation_type": "event", "string": "Een ongeval met vijf voertuigen net voor de Rupeltunnel stuurde de ochtendspits richting Brussel danig in de war", "features": {"span": [12, 13, 14, 15, 16, 17, 18, 19, 20, 21, 22, 23, 24, 25, 26, 27, 28, 29], "arguments": [{"string": "de Rupeltunnel", "features": {"span": [19, 20], "argument_entity_type": "LOC", "argument_role": "Place"}}], "type": "Unknown", "subtype": "Unknown", "modality": "Asserted", "pos_neg": "Positive", "prominence": "Main", "tense": "Past"}, "home_sentence": "sentence_2"}, "event_3": {"annotation_type": "event", "string": "Het verkeer op de A12 stond muurvast", "features": {"span": [31, 32, 33, 34, 35, 36, 37], "arguments": [{"string": "de A12", "features": {"span": [34, 35], "argument_entity_type": "LOC", "argument_role": "Place"}}], "type": "Unknown", "subtype": "Unknown", "modality": "Asserted", "pos_neg": "Positive", "prominence": "Background", "tense": "Past"}, "home_sentence": "sentence_3"}, "event_4": {"annotation_type": "event", "string": "Om 8u30 waren de voertuigen getakeld", "features": {"span": [80, 81, 82, 83, 84, 85], "arguments": [{"string": "Om 8u30", "features": {"span": [80, 81], "argument_entity_type": "time", "argument_role": "Time"}}], "type": "Unknown", "subtype": "Unknown", "modality": "Asserted", "pos_neg": "Positive", "prominence": "Background", "tense": "Past"}, "home_sentence": "sentence_5"}, "event_5": {"annotation_type": "event", "string": "werd de rijweg vrijgegeven", "features": {"span": [87, 88, 89, 90], "arguments": [], "type": "Unknown", "subtype": "Unknown", "modality": "Asserted", "pos_neg": "Positive", "prominence": "Background", "tense": "Past"}, "home_sentence": "sentence_5"}}, "coreference": {"entities": {"coref_bucket_1": ["entity_1", "entity_4"], "coref_bucket_2": ["entity_8", "entity_3"]}, "events": {"coref_bucket_3": ["event_2", "event_1"]}}, "iptc_codes": {"certain": [[["medtop:20000139", "accident and emergency incident"], ["medtop:03000000", "disaster, accident and emergency incident"]], [["medtop:20000143", "transport accident and incident"], ["medtop:20000139", "accident and emergency incident"], ["medtop:03000000", "disaster, accident and emergency incident"]], [["medtop:20000147", "road accident and incident"], ["medtop:20000143", "transport accident and incident"], ["medtop:20000139", "accident and emergency incident"], ["medtop:03000000", "disaster, accident and emergency incident"]]], "uncertain": []}}}}