{"meta": {"id": "MH-DMF20171222_03257411-Separatisten_zullen_nooit_praten_in.tsv", "author": "eventdna_anno_3"}, "doc": {"token_string": "' Separatisten zullen nooit praten in naam van heel Cataloni\u00eb ' In\u00e8s Arrimadas , de kopvrouw van Ciudadanos , de partij die tegen een afscheiding is , heeft er donderdagavond op gewezen dat de Catalanen die een stem hebben uitgebracht tegen separatisme , talrijker zijn dan zij die voor stemden . De separatisten ' zullen nooit kunnen praten in naam van heel Cataloni\u00eb ' .", "token_ids": [0, 1, 2, 3, 4, 5, 6, 7, 8, 9, 10, 11, 12, 13, 14, 15, 16, 17, 18, 19, 20, 21, 22, 23, 24, 25, 26, 27, 28, 29, 30, 31, 32, 33, 34, 35, 36, 37, 38, 39, 40, 41, 42, 43, 44, 45, 46, 47, 48, 49, 50, 51, 52, 53, 54, 55, 56, 57, 58, 59, 60, 61, 62, 63, 64], "sentences": {"sentence_1": {"token_ids": [0, 1, 2, 3, 4, 5, 6, 7, 8, 9, 10]}, "sentence_2": {"token_ids": [11, 12, 13, 14, 15, 16, 17, 18, 19, 20, 21, 22, 23, 24, 25, 26, 27, 28, 29, 30, 31, 32, 33, 34, 35, 36, 37, 38, 39, 40, 41, 42, 43, 44, 45, 46, 47, 48, 49, 50]}, "sentence_3": {"token_ids": [51, 52, 53, 54, 55, 56, 57, 58, 59, 60, 61, 62, 63, 64]}}, "annotations": {"entities": {"entity_1": {"type": "entity", "string": "Separatisten", "features": {"type": "PER", "span": [1], "individuality": "GROUP", "mention_level_type": "NOM", "head": {"type": "entityHead", "string": "Separatisten", "features": {"span": [1]}}}, "home_sentence": "sentence_1"}, "entity_2": {"type": "entity", "string": "Cataloni\u00eb", "features": {"type": "LOC", "span": [9], "individuality": "INDIV", "mention_level_type": "NAM", "head": {"type": "entityHead", "string": "Cataloni\u00eb", "features": {"span": [9]}}}, "home_sentence": "sentence_1"}, "entity_3": {"type": "entity", "string": "In\u00e8s Arrimadas", "features": {"type": "PER", "span": [11, 12], "individuality": "INDIV", "mention_level_type": "NAM", "head": {"type": "entityHead", "string": "In\u00e8s Arrimadas", "features": {"span": [11, 12]}}}, "home_sentence": "sentence_2"}, "entity_4": {"type": "entity", "string": "Ciudadanos", "features": {"type": "ORG", "span": [17], "individuality": "INDIV", "mention_level_type": "NAM", "head": {"type": "entityHead", "string": "Ciudadanos", "features": {"span": [17]}}}, "home_sentence": "sentence_2"}, "entity_5": {"type": "entity", "string": "de Catalanen die een stem hebben uitgebracht tegen separatisme", "features": {"type": "PER", "span": [33, 34, 35, 36, 37, 38, 39, 40, 41], "individuality": "GROUP", "mention_level_type": "NOM", "head": {"type": "entityHead", "string": "Catalanen", "features": {"span": [34]}}}, "home_sentence": "sentence_2"}, "entity_6": {"type": "entity", "string": "Catalanen", "features": {"type": "LOC", "span": [34], "individuality": "INDIV", "mention_level_type": "NAM", "head": {"type": "entityHead", "string": "Catalanen", "features": {"span": [34]}}}, "home_sentence": "sentence_2"}, "entity_7": {"type": "entity", "string": "De separatisten", "features": {"type": "PER", "span": [51, 52], "individuality": "GROUP", "mention_level_type": "NOM", "head": {"type": "entityHead", "string": "separatisten", "features": {"span": [52]}}}, "home_sentence": "sentence_3"}, "entity_8": {"type": "entity", "string": "Cataloni\u00eb", "features": {"type": "LOC", "span": [62], "individuality": "INDIV", "mention_level_type": "NAM", "head": {"type": "entityHead", "string": "Cataloni\u00eb", "features": {"span": [62]}}}, "home_sentence": "sentence_3"}}, "events": {"event_1": {"annotation_type": "event", "string": "In\u00e8s Arrimadas , de kopvrouw van Ciudadanos , de partij die tegen een afscheiding is , heeft er donderdagavond op gewezen dat de Catalanen die een stem hebben uitgebracht tegen separatisme , talrijker zijn dan zij die voor stemden", "features": {"span": [11, 12, 13, 14, 15, 16, 17, 18, 19, 20, 21, 22, 23, 24, 25, 26, 27, 28, 29, 30, 31, 32, 33, 34, 35, 36, 37, 38, 39, 40, 41, 42, 43, 44, 45, 46, 47, 48, 49], "arguments": [{"string": "In\u00e8s Arrimadas", "features": {"span": [11, 12], "argument_entity_type": "PER", "argument_role": "Entity"}}, {"string": "donderdagavond", "features": {"span": [29], "argument_entity_type": "time", "argument_role": "Time"}}], "type": "Contact", "subtype": "Contact", "modality": "Asserted", "pos_neg": "Positive", "prominence": "Main", "tense": "Past"}, "home_sentence": "sentence_2"}}, "coreference": {"entities": {"coref_bucket_1": ["entity_2", "entity_6", "entity_8"], "coref_bucket_2": ["entity_7", "entity_1"]}, "events": {}}, "iptc_codes": {"certain": [[["medtop:20000586", "voting"], ["medtop:20000574", "election"], ["medtop:11000000", "politics"]]], "uncertain": []}}}}