{"meta": {"id": "MH-DMF20180110_03291094-Homans_drijft_strijd_tegen_extremistische.tsv", "author": "eventdna_anno_3"}, "doc": {"token_string": "Homans drijft strijd tegen extremistische propaganda op Vlaams minister van Binnenlands Bestuur Liesbeth Homans ( N-VA ) maakt 438.000 euro vrij om de strijd aan te gaan tegen extremistische propaganda die wordt verspreid door IS of soortgelijke groeperingen of individuen . Het is de bedoeling om informatie en argumenten aan te reiken ' om het extremistisch discours te weerleggen ' , zegt Homans woensdag .", "token_ids": [0, 1, 2, 3, 4, 5, 6, 7, 8, 9, 10, 11, 12, 13, 14, 15, 16, 17, 18, 19, 20, 21, 22, 23, 24, 25, 26, 27, 28, 29, 30, 31, 32, 33, 34, 35, 36, 37, 38, 39, 40, 41, 42, 43, 44, 45, 46, 47, 48, 49, 50, 51, 52, 53, 54, 55, 56, 57, 58, 59, 60, 61, 62, 63, 64], "sentences": {"sentence_1": {"token_ids": [0, 1, 2, 3, 4, 5, 6]}, "sentence_2": {"token_ids": [7, 8, 9, 10, 11, 12, 13, 14, 15, 16, 17, 18, 19, 20, 21, 22, 23, 24, 25, 26, 27, 28, 29, 30, 31, 32, 33, 34, 35, 36, 37, 38, 39, 40]}, "sentence_3": {"token_ids": [41, 42, 43, 44, 45, 46, 47, 48, 49, 50, 51, 52, 53, 54, 55, 56, 57, 58, 59, 60, 61, 62, 63, 64]}}, "annotations": {"entities": {"entity_1": {"type": "entity", "string": "Homans", "features": {"type": "PER", "span": [0], "individuality": "INDIV", "mention_level_type": "NAM", "head": {"type": "entityHead", "string": "Homans", "features": {"span": [0]}}}, "home_sentence": "sentence_1"}, "entity_2": {"type": "entity", "string": "Vlaams", "features": {"type": "LOC", "span": [7], "individuality": "INDIV", "mention_level_type": "NAM", "head": {"type": "entityHead", "string": "Vlaams", "features": {"span": [7]}}}, "home_sentence": "sentence_2"}, "entity_3": {"type": "entity", "string": "Liesbeth Homans", "features": {"type": "PER", "span": [12, 13], "individuality": "INDIV", "mention_level_type": "NAM", "head": {"type": "entityHead", "string": "Liesbeth Homans", "features": {"span": [12, 13]}}}, "home_sentence": "sentence_2"}, "entity_4": {"type": "entity", "string": "N-VA", "features": {"type": "ORG", "span": [15], "individuality": "INDIV", "mention_level_type": "NAM", "head": {"type": "entityHead", "string": "N-VA", "features": {"span": [15]}}}, "home_sentence": "sentence_2"}, "entity_5": {"type": "entity", "string": "IS", "features": {"type": "ORG", "span": [34], "individuality": "INDIV", "mention_level_type": "NAM", "head": {"type": "entityHead", "string": "IS", "features": {"span": [34]}}}, "home_sentence": "sentence_2"}, "entity_6": {"type": "entity", "string": "Homans", "features": {"type": "PER", "span": [62], "individuality": "INDIV", "mention_level_type": "NAM", "head": {"type": "entityHead", "string": "Homans", "features": {"span": [62]}}}, "home_sentence": "sentence_3"}}, "events": {"event_1": {"annotation_type": "event", "string": "Homans drijft strijd tegen extremistische propaganda op", "features": {"span": [0, 1, 2, 3, 4, 5, 6], "arguments": [{"string": "Homans", "features": {"span": [0], "argument_entity_type": "PER", "argument_role": "Entity"}}], "type": "Conflict", "subtype": "Conflict", "modality": "Asserted", "pos_neg": "Positive", "prominence": "Main", "tense": "Present"}, "home_sentence": "sentence_1"}, "event_2": {"annotation_type": "event", "string": "Vlaams minister van Binnenlands Bestuur Liesbeth Homans ( N-VA ) maakt 438.000 euro vrij om de strijd aan te gaan tegen extremistische propaganda die wordt verspreid door IS of soortgelijke groeperingen of individuen", "features": {"span": [7, 8, 9, 10, 11, 12, 13, 14, 15, 16, 17, 18, 19, 20, 21, 22, 23, 24, 25, 26, 27, 28, 29, 30, 31, 32, 33, 34, 35, 36, 37, 38, 39], "arguments": [{"string": "438.000 euro", "features": {"span": [18, 19], "argument_entity_type": "money", "argument_role": "Money"}}], "type": "Transaction", "subtype": "TransferMoney", "modality": "Other", "pos_neg": "Positive", "prominence": "Main", "tense": "Present"}, "home_sentence": "sentence_2"}, "event_3": {"annotation_type": "event", "string": "de strijd aan te gaan tegen extremistische propaganda die wordt verspreid door IS of soortgelijke groeperingen of individuen", "features": {"span": [22, 23, 24, 25, 26, 27, 28, 29, 30, 31, 32, 33, 34, 35, 36, 37, 38, 39], "arguments": [{"string": "IS", "features": {"span": [34], "argument_entity_type": "ORG", "argument_role": "Entity"}}], "type": "Conflict", "subtype": "Conflict", "modality": "Other", "pos_neg": "Positive", "prominence": "Main", "tense": "Future"}, "home_sentence": "sentence_2"}}, "coreference": {"entities": {"coref_bucket_1": ["entity_3", "entity_6", "entity_1"]}, "events": {"coref_bucket_2": ["event_1", "event_3"]}}, "iptc_codes": {"certain": [[["medtop:20000103", "terrorism"], ["medtop:20000082", "crime"], ["medtop:02000000", "crime, law and justice"]], [["medtop:20000058", "international military intervention"], ["medtop:20000056", "armed conflict"], ["medtop:16000000", "conflict, war and peace"]]], "uncertain": []}}}}