{"meta": {"id": "MH-DMF20180606_03547921-Fraude_en_gesjoemel_peetvader_van.tsv", "author": "eventdna_anno_3"}, "doc": {"token_string": "Fraude en gesjoemel : peetvader van Kroatisch voetbal vliegt achter de tralies , ook Real-speler riskeert straf De machtigste man in het Kroatische voetbal , Zdravko Mamic , is woensdag door een rechter in Osijek veroordeeld tot 6,5 jaar cel . Bij gesjoemel met transfers , onder meer van Luka Modric , heeft hij voor bijna 20 miljoen dollar gefraudeerd .", "token_ids": [0, 1, 2, 3, 4, 5, 6, 7, 8, 9, 10, 11, 12, 13, 14, 15, 16, 17, 18, 19, 20, 21, 22, 23, 24, 25, 26, 27, 28, 29, 30, 31, 32, 33, 34, 35, 36, 37, 38, 39, 40, 41, 42, 43, 44, 45, 46, 47, 48, 49, 50, 51, 52, 53, 54, 55, 56, 57, 58, 59, 60], "sentences": {"sentence_1": {"token_ids": [0, 1, 2, 3, 4, 5, 6, 7, 8, 9, 10, 11, 12, 13, 14, 15, 16]}, "sentence_2": {"token_ids": [17, 18, 19, 20, 21, 22, 23, 24, 25, 26, 27, 28, 29, 30, 31, 32, 33, 34, 35, 36, 37, 38, 39, 40]}, "sentence_3": {"token_ids": [41, 42, 43, 44, 45, 46, 47, 48, 49, 50, 51, 52, 53, 54, 55, 56, 57, 58, 59, 60]}}, "annotations": {"entities": {"entity_1": {"type": "entity", "string": "peetvader van Kroatisch voetbal", "features": {"type": "PER", "span": [4, 5, 6, 7], "individuality": "INDIV", "mention_level_type": "NOM", "head": {"type": "entityHead", "string": "peetvader", "features": {"span": [4]}}}, "home_sentence": "sentence_1"}, "entity_2": {"type": "entity", "string": "Kroatisch", "features": {"type": "LOC", "span": [6], "individuality": "INDIV", "mention_level_type": "NAM", "head": {"type": "entityHead", "string": "Kroatisch", "features": {"span": [6]}}}, "home_sentence": "sentence_1"}, "entity_3": {"type": "entity", "string": "Real-speler", "features": {"type": "PER", "span": [14], "individuality": "INDIV", "mention_level_type": "NOM", "head": {"type": "entityHead", "string": "Real-speler", "features": {"span": [14]}}}, "home_sentence": "sentence_1"}, "entity_4": {"type": "entity", "string": "Kroatische", "features": {"type": "LOC", "span": [22], "individuality": "INDIV", "mention_level_type": "NAM", "head": {"type": "entityHead", "string": "Kroatische", "features": {"span": [22]}}}, "home_sentence": "sentence_2"}, "entity_5": {"type": "entity", "string": "Zdravko Mamic", "features": {"type": "PER", "span": [25, 26], "individuality": "INDIV", "mention_level_type": "NAM", "head": {"type": "entityHead", "string": "Zdravko Mamic", "features": {"span": [25, 26]}}}, "home_sentence": "sentence_2"}, "entity_6": {"type": "entity", "string": "Osijek", "features": {"type": "LOC", "span": [34], "individuality": "INDIV", "mention_level_type": "NAM", "head": {"type": "entityHead", "string": "Osijek", "features": {"span": [34]}}}, "home_sentence": "sentence_2"}, "entity_7": {"type": "entity", "string": "Luka Modric", "features": {"type": "PER", "span": [49, 50], "individuality": "INDIV", "mention_level_type": "NAM", "head": {"type": "entityHead", "string": "Luka Modric", "features": {"span": [49, 50]}}}, "home_sentence": "sentence_3"}, "entity_8": {"type": "entity", "string": "hij", "features": {"type": "PER", "span": [53], "individuality": "INDIV", "mention_level_type": "PRON", "head": {"type": "entityHead", "string": "hij", "features": {"span": [53]}}}, "home_sentence": "sentence_3"}}, "events": {"event_1": {"annotation_type": "event", "string": "peetvader van Kroatisch voetbal vliegt achter de tralies", "features": {"span": [4, 5, 6, 7, 8, 9, 10, 11], "arguments": [{"string": "peetvader van Kroatisch voetbal", "features": {"span": [4, 5, 6, 7], "argument_entity_type": "PER", "argument_role": "Person"}}], "type": "Justice", "subtype": "ArrestJail", "modality": "Asserted", "pos_neg": "Positive", "prominence": "Main", "tense": "Present"}, "home_sentence": "sentence_1"}, "event_2": {"annotation_type": "event", "string": "Real-speler riskeert straf", "features": {"span": [14, 15, 16], "arguments": [{"string": "Real-speler", "features": {"span": [14], "argument_entity_type": "PER", "argument_role": "Person"}}], "type": "Justice", "subtype": "ArrestJail", "modality": "Other", "pos_neg": "Positive", "prominence": "Background", "tense": "Present"}, "home_sentence": "sentence_1"}, "event_3": {"annotation_type": "event", "string": "De machtigste man in het Kroatische voetbal , Zdravko Mamic , is woensdag door een rechter in Osijek veroordeeld tot 6,5 jaar cel", "features": {"span": [17, 18, 19, 20, 21, 22, 23, 24, 25, 26, 27, 28, 29, 30, 31, 32, 33, 34, 35, 36, 37, 38, 39], "arguments": [{"string": "woensdag", "features": {"span": [29], "argument_entity_type": "time", "argument_role": "Time"}}, {"string": "Osijek", "features": {"span": [34], "argument_entity_type": "LOC", "argument_role": "Place"}}, {"string": "Zdravko Mamic", "features": {"span": [25, 26], "argument_entity_type": "PER", "argument_role": "Person"}}], "type": "Justice", "subtype": "ArrestJail", "modality": "Asserted", "pos_neg": "Positive", "prominence": "Main", "tense": "Present"}, "home_sentence": "sentence_2"}, "event_4": {"annotation_type": "event", "string": "heeft hij voor bijna 20 miljoen dollar gefraudeerd", "features": {"span": [52, 53, 54, 55, 56, 57, 58, 59], "arguments": [{"string": "hij", "features": {"span": [53], "argument_entity_type": "PER", "argument_role": "Participant"}}], "type": "Unknown", "subtype": "Unknown", "modality": "Asserted", "pos_neg": "Positive", "prominence": "Background", "tense": "Present"}, "home_sentence": "sentence_3"}}, "coreference": {"entities": {"coref_bucket_1": ["entity_8", "entity_1", "entity_5"], "coref_bucket_2": ["entity_3", "entity_7"]}, "events": {"coref_bucket_3": ["event_1", "event_3"]}}, "iptc_codes": {"certain": [[["medtop:20000097", "fraud"], ["medtop:20000082", "crime"], ["medtop:02000000", "crime, law and justice"]], [["medtop:20000107", "court"], ["medtop:20000106", "judiciary"], ["medtop:02000000", "crime, law and justice"]], [["medtop:20000137", "prison"], ["medtop:20000134", "punishment (criminal)"], ["medtop:20000129", "law enforcement"], ["medtop:02000000", "crime, law and justice"]], [["medtop:20001065", "soccer"], ["medtop:20000822", "competition discipline"], ["medtop:15000000", "sport"]]], "uncertain": []}}}}