{"meta": {"id": "MH-DMF20180818_03671432-Voormalig_VNsecretarisgeneraal_Kofi_Annan_overleden.tsv", "author": "eventdna_anno_1"}, "doc": {"token_string": "Voormalig VN-secretaris-generaal Kofi Annan overleden De voormalige secretaris-generaal van de Verenigde Naties Kofi Annan is zaterdag op 80-jarige leeftijd overleden in zijn woning in Zwitserland , na een kort ziekbed . Dat hebben zijn familie en organisatie laten weten op Twitter .", "token_ids": [0, 1, 2, 3, 4, 5, 6, 7, 8, 9, 10, 11, 12, 13, 14, 15, 16, 17, 18, 19, 20, 21, 22, 23, 24, 25, 26, 27, 28, 29, 30, 31, 32, 33, 34, 35, 36, 37, 38, 39, 40, 41], "sentences": {"sentence_1": {"token_ids": [0, 1, 2, 3, 4]}, "sentence_2": {"token_ids": [5, 6, 7, 8, 9, 10, 11, 12, 13, 14, 15, 16, 17, 18, 19, 20, 21, 22, 23, 24, 25, 26, 27, 28, 29, 30]}, "sentence_3": {"token_ids": [31, 32, 33, 34, 35, 36, 37, 38, 39, 40, 41]}}, "annotations": {"entities": {"entity_1": {"type": "entity", "string": "Kofi Annan", "features": {"type": "PER", "span": [2, 3], "individuality": "INDIV", "mention_level_type": "NAM", "head": {"type": "entityHead", "string": "Kofi Annan", "features": {"span": [2, 3]}}}, "home_sentence": "sentence_1"}, "entity_2": {"type": "entity", "string": "Verenigde Naties", "features": {"type": "ORG", "span": [10, 11], "individuality": "INDIV", "mention_level_type": "NAM", "head": {"type": "entityHead", "string": "Verenigde Naties", "features": {"span": [10, 11]}}}, "home_sentence": "sentence_2"}, "entity_3": {"type": "entity", "string": "Kofi Annan", "features": {"type": "PER", "span": [12, 13], "individuality": "INDIV", "mention_level_type": "NAM", "head": {"type": "entityHead", "string": "Kofi Annan", "features": {"span": [12, 13]}}}, "home_sentence": "sentence_2"}, "entity_4": {"type": "entity", "string": "zijn", "features": {"type": "PER", "span": [21], "individuality": "INDIV", "mention_level_type": "PRON", "head": {"type": "entityHead", "string": "zijn", "features": {"span": [21]}}}, "home_sentence": "sentence_2"}, "entity_5": {"type": "entity", "string": "Zwitserland", "features": {"type": "LOC", "span": [24], "individuality": "INDIV", "mention_level_type": "NAM", "head": {"type": "entityHead", "string": "Zwitserland", "features": {"span": [24]}}}, "home_sentence": "sentence_2"}, "entity_6": {"type": "entity", "string": "zijn familie", "features": {"type": "PER", "span": [33, 34], "individuality": "GROUP", "mention_level_type": "NOM", "head": {"type": "entityHead", "string": "familie", "features": {"span": [34]}}}, "home_sentence": "sentence_3"}, "entity_7": {"type": "entity", "string": "zijn", "features": {"type": "PER", "span": [33], "individuality": "INDIV", "mention_level_type": "PRON", "head": {"type": "entityHead", "string": "zijn", "features": {"span": [33]}}}, "home_sentence": "sentence_3"}, "entity_8": {"type": "entity", "string": "organisatie", "features": {"type": "ORG", "span": [36], "individuality": "INDIV", "mention_level_type": "NOM", "head": {"type": "entityHead", "string": "organisatie", "features": {"span": [36]}}}, "home_sentence": "sentence_3"}, "entity_9": {"type": "entity", "string": "Twitter", "features": {"type": "MISC", "span": [40], "individuality": "INDIV", "mention_level_type": "NAM", "head": {"type": "entityHead", "string": "Twitter", "features": {"span": [40]}}}, "home_sentence": "sentence_3"}}, "events": {"event_1": {"annotation_type": "event", "string": "Voormalig VN-secretaris-generaal Kofi Annan overleden", "features": {"span": [0, 1, 2, 3, 4], "arguments": [{"string": "Kofi Annan", "features": {"span": [2, 3], "argument_entity_type": "PER", "argument_role": "Victim"}}], "type": "Life", "subtype": "Die", "modality": "Asserted", "pos_neg": "Positive", "prominence": "Main", "tense": "Past"}, "home_sentence": "sentence_1"}, "event_2": {"annotation_type": "event", "string": "De voormalige secretaris-generaal van de Verenigde Naties Kofi Annan is zaterdag op 80-jarige leeftijd overleden in zijn woning in Zwitserland", "features": {"span": [5, 6, 7, 8, 9, 10, 11, 12, 13, 14, 15, 16, 17, 18, 19, 20, 21, 22, 23, 24], "arguments": [{"string": "Kofi Annan", "features": {"span": [12, 13], "argument_entity_type": "PER", "argument_role": "Victim"}}, {"string": "zaterdag", "features": {"span": [15], "argument_entity_type": "time", "argument_role": "Time"}}, {"string": "zijn woning in Zwitserland", "features": {"span": [21, 22, 23, 24], "argument_entity_type": "LOC", "argument_role": "Place"}}], "type": "Life", "subtype": "Die", "modality": "Asserted", "pos_neg": "Positive", "prominence": "Main", "tense": "Past"}, "home_sentence": "sentence_2"}, "event_3": {"annotation_type": "event", "string": "Dat hebben zijn familie en organisatie laten weten op Twitter", "features": {"span": [31, 32, 33, 34, 35, 36, 37, 38, 39, 40], "arguments": [{"string": "zijn familie en organisatie", "features": {"span": [33, 34, 35, 36], "argument_entity_type": "PER", "argument_role": "Sender"}}], "type": "Contact", "subtype": "Broadcast", "modality": "Asserted", "pos_neg": "Positive", "prominence": "Background", "tense": "Past"}, "home_sentence": "sentence_3"}}, "coreference": {"entities": {"coref_bucket_1": ["entity_3", "entity_1", "entity_4"], "coref_bucket_2": ["entity_3", "entity_7", "entity_1", "entity_4"], "coref_bucket_3": ["entity_3", "entity_7", "entity_4"]}, "events": {"coref_bucket_4": ["event_2", "event_1"]}}, "iptc_codes": {"certain": [[["medtop:20000502", "people"], ["medtop:08000000", "human interest"]], [["medtop:20000810", "death and dying"], ["medtop:20000808", "values"], ["medtop:14000000", "society"]]], "uncertain": []}}}}