{"meta": {"id": "MH-DMF20180528_03534503-Politie_gaat_extra_toezicht_houden.tsv", "author": "eventdna_anno_1"}, "doc": {"token_string": "Politie gaat extra toezicht houden na steekpartij in stationsbuurt Achttienjarige neergestoken , daders gaan ervandoor Een achttienjarige jongen uit Holsbeek is zondagnacht neergestoken in de Leuvense stationsbuurt . Van de daders ontbreekt elk spoor . De politie kondigt extra politietoezicht aan .", "token_ids": [0, 1, 2, 3, 4, 5, 6, 7, 8, 9, 10, 11, 12, 13, 14, 15, 16, 17, 18, 19, 20, 21, 22, 23, 24, 25, 26, 27, 28, 29, 30, 31, 32, 33, 34, 35, 36, 37, 38, 39, 40, 41], "sentences": {"sentence_1": {"token_ids": [0, 1, 2, 3, 4, 5, 6, 7, 8]}, "sentence_2": {"token_ids": [9, 10, 11, 12, 13, 14]}, "sentence_3": {"token_ids": [15, 16, 17, 18, 19, 20, 21, 22, 23, 24, 25, 26, 27]}, "sentence_4": {"token_ids": [28, 29, 30, 31, 32, 33, 34]}, "sentence_5": {"token_ids": [35, 36, 37, 38, 39, 40, 41]}}, "annotations": {"entities": {"entity_1": {"type": "entity", "string": "Politie", "features": {"type": "ORG", "span": [0], "individuality": "INDIV", "mention_level_type": "NOM", "head": {"type": "entityHead", "string": "Politie", "features": {"span": [0]}}}, "home_sentence": "sentence_1"}, "entity_2": {"type": "entity", "string": "stationsbuurt", "features": {"type": "LOC", "span": [8], "individuality": "INDIV", "mention_level_type": "NOM", "head": {"type": "entityHead", "string": "stationsbuurt", "features": {"span": [8]}}}, "home_sentence": "sentence_1"}, "entity_3": {"type": "entity", "string": "Achttienjarige", "features": {"type": "PER", "span": [9], "individuality": "INDIV", "mention_level_type": "NOM", "head": {"type": "entityHead", "string": "Achttienjarige", "features": {"span": [9]}}}, "home_sentence": "sentence_2"}, "entity_4": {"type": "entity", "string": "daders", "features": {"type": "PER", "span": [12], "individuality": "GROUP", "mention_level_type": "NOM", "head": {"type": "entityHead", "string": "daders", "features": {"span": [12]}}}, "home_sentence": "sentence_2"}, "entity_5": {"type": "entity", "string": "Een achttienjarige jongen uit Holsbeek", "features": {"type": "PER", "span": [15, 16, 17, 18, 19], "individuality": "INDIV", "mention_level_type": "NOM", "head": {"type": "entityHead", "string": "jongen", "features": {"span": [17]}}}, "home_sentence": "sentence_3"}, "entity_6": {"type": "entity", "string": "de Leuvense stationsbuurt", "features": {"type": "LOC", "span": [24, 25, 26], "individuality": "INDIV", "mention_level_type": "NOM", "head": {"type": "entityHead", "string": "stationsbuurt", "features": {"span": [26]}}}, "home_sentence": "sentence_3"}, "entity_7": {"type": "entity", "string": "Leuvense", "features": {"type": "LOC", "span": [25], "individuality": "INDIV", "mention_level_type": "NAM", "head": {"type": "entityHead", "string": "Leuvense", "features": {"span": [25]}}}, "home_sentence": "sentence_3"}, "entity_8": {"type": "entity", "string": "de daders", "features": {"type": "PER", "span": [29, 30], "individuality": "GROUP", "mention_level_type": "NOM", "head": {"type": "entityHead", "string": "daders", "features": {"span": [30]}}}, "home_sentence": "sentence_4"}, "entity_9": {"type": "entity", "string": "De politie", "features": {"type": "ORG", "span": [35, 36], "individuality": "INDIV", "mention_level_type": "NOM", "head": {"type": "entityHead", "string": "politie", "features": {"span": [36]}}}, "home_sentence": "sentence_5"}}, "events": {"event_1": {"annotation_type": "event", "string": "Politie gaat extra toezicht houden na steekpartij in stationsbuurt", "features": {"span": [0, 1, 2, 3, 4, 5, 6, 7, 8], "arguments": [{"string": "Politie", "features": {"span": [0], "argument_entity_type": "ORG", "argument_role": "Participant"}}], "type": "Unknown", "subtype": "Unknown", "modality": "Asserted", "pos_neg": "Positive", "prominence": "Main", "tense": "Future"}, "home_sentence": "sentence_1"}, "event_2": {"annotation_type": "event", "string": "steekpartij in stationsbuurt", "features": {"span": [6, 7, 8], "arguments": [{"string": "stationsbuurt", "features": {"span": [8], "argument_entity_type": "LOC", "argument_role": "Place"}}], "type": "Conflict", "subtype": "Attack", "modality": "Asserted", "pos_neg": "Positive", "prominence": "Main", "tense": "Unspecified"}, "home_sentence": "sentence_1"}, "event_3": {"annotation_type": "event", "string": "Achttienjarige neergestoken", "features": {"span": [9, 10], "arguments": [{"string": "Achttienjarige", "features": {"span": [9], "argument_entity_type": "PER", "argument_role": "Target"}}], "type": "Conflict", "subtype": "Attack", "modality": "Asserted", "pos_neg": "Positive", "prominence": "Main", "tense": "Past"}, "home_sentence": "sentence_2"}, "event_4": {"annotation_type": "event", "string": "daders gaan ervandoor", "features": {"span": [12, 13, 14], "arguments": [{"string": "daders", "features": {"span": [12], "argument_entity_type": "PER", "argument_role": "Person"}}], "type": "Movement", "subtype": "TransportPerson", "modality": "Asserted", "pos_neg": "Positive", "prominence": "Main", "tense": "Present"}, "home_sentence": "sentence_2"}, "event_5": {"annotation_type": "event", "string": "Een achttienjarige jongen uit Holsbeek is zondagnacht neergestoken in de Leuvense stationsbuurt", "features": {"span": [15, 16, 17, 18, 19, 20, 21, 22, 23, 24, 25, 26], "arguments": [{"string": "zondagnacht", "features": {"span": [21], "argument_entity_type": "time", "argument_role": "Time"}}, {"string": "Een achttienjarige jongen uit Holsbeek", "features": {"span": [15, 16, 17, 18, 19], "argument_entity_type": "PER", "argument_role": "Target"}}, {"string": "de Leuvense stationsbuurt", "features": {"span": [24, 25, 26], "argument_entity_type": "LOC", "argument_role": "Place"}}], "type": "Conflict", "subtype": "Attack", "modality": "Asserted", "pos_neg": "Positive", "prominence": "Main", "tense": "Past"}, "home_sentence": "sentence_3"}, "event_6": {"annotation_type": "event", "string": "De politie kondigt extra politietoezicht aan", "features": {"span": [35, 36, 37, 38, 39, 40], "arguments": [{"string": "De politie", "features": {"span": [35, 36], "argument_entity_type": "ORG", "argument_role": "Participant"}}], "type": "Unknown", "subtype": "Unknown", "modality": "Asserted", "pos_neg": "Positive", "prominence": "Main", "tense": "Future"}, "home_sentence": "sentence_5"}}, "coreference": {"entities": {"coref_bucket_1": ["entity_9", "entity_1"], "coref_bucket_2": ["entity_6", "entity_2"], "coref_bucket_3": ["entity_5", "entity_3"], "coref_bucket_4": ["entity_4", "entity_8"]}, "events": {"coref_bucket_5": ["event_6", "event_1"], "coref_bucket_6": ["event_3", "event_2", "event_5"]}}, "iptc_codes": {"certain": [[["medtop:20000099", "homicide"], ["medtop:20000082", "crime"], ["medtop:02000000", "crime, law and justice"]], [["medtop:20000133", "police"], ["medtop:20000129", "law enforcement"], ["medtop:02000000", "crime, law and justice"]]], "uncertain": []}}}}