{"meta": {"id": "MH-DMF20180329_03437480-VNbaas_Guterres_waarschuwt_voor_nieuwe.tsv", "author": "eventdna_anno_3"}, "doc": {"token_string": "VN-baas Guterres waarschuwt voor nieuwe Koude Oorlog VN-secretaris-generaal Ant\u00f3nio Guterres waarschuwt voor een ' soort nieuwe Koude Oorlog ' nu de relaties tussen het Westen en Rusland om de affaire-Skripal onder het vriespunt zijn gezakt .", "token_ids": [0, 1, 2, 3, 4, 5, 6, 7, 8, 9, 10, 11, 12, 13, 14, 15, 16, 17, 18, 19, 20, 21, 22, 23, 24, 25, 26, 27, 28, 29, 30, 31, 32, 33, 34, 35], "sentences": {"sentence_1": {"token_ids": [0, 1, 2, 3, 4, 5, 6]}, "sentence_2": {"token_ids": [7, 8, 9, 10, 11, 12, 13, 14, 15, 16, 17, 18, 19, 20, 21, 22, 23, 24, 25, 26, 27, 28, 29, 30, 31, 32, 33, 34, 35]}}, "annotations": {"entities": {"entity_1": {"type": "entity", "string": "Guterres", "features": {"type": "PER", "span": [1], "individuality": "INDIV", "mention_level_type": "NAM", "head": {"type": "entityHead", "string": "Guterres", "features": {"span": [1]}}}, "home_sentence": "sentence_1"}, "entity_2": {"type": "entity", "string": "Ant\u00f3nio Guterres", "features": {"type": "PER", "span": [8, 9], "individuality": "INDIV", "mention_level_type": "NAM", "head": {"type": "entityHead", "string": "Ant\u00f3nio Guterres", "features": {"span": [8, 9]}}}, "home_sentence": "sentence_2"}, "entity_3": {"type": "entity", "string": "het Westen", "features": {"type": "ORG", "span": [23, 24], "individuality": "INDIV", "mention_level_type": "NOM", "head": {"type": "entityHead", "string": "Westen", "features": {"span": [24]}}}, "home_sentence": "sentence_2"}, "entity_4": {"type": "entity", "string": "Rusland", "features": {"type": "ORG", "span": [26], "individuality": "INDIV", "mention_level_type": "NAM", "head": {"type": "entityHead", "string": "Rusland", "features": {"span": [26]}}}, "home_sentence": "sentence_2"}}, "events": {"event_1": {"annotation_type": "event", "string": "VN-baas Guterres waarschuwt voor nieuwe Koude Oorlog", "features": {"span": [0, 1, 2, 3, 4, 5, 6], "arguments": [{"string": "Guterres", "features": {"span": [1], "argument_entity_type": "PER", "argument_role": "Entity"}}], "type": "Contact", "subtype": "Contact", "modality": "Asserted", "pos_neg": "Positive", "prominence": "Main", "tense": "Present"}, "home_sentence": "sentence_1"}, "event_2": {"annotation_type": "event", "string": "nieuwe Koude Oorlog", "features": {"span": [4, 5, 6], "arguments": [], "type": "Conflict", "subtype": "Conflict", "modality": "Other", "pos_neg": "Positive", "prominence": "Main", "tense": "Unspecified"}, "home_sentence": "sentence_1"}, "event_3": {"annotation_type": "event", "string": "VN-secretaris-generaal Ant\u00f3nio Guterres waarschuwt voor een ' soort nieuwe Koude Oorlog", "features": {"span": [7, 8, 9, 10, 11, 12, 13, 14, 15, 16, 17], "arguments": [{"string": "Ant\u00f3nio Guterres", "features": {"span": [8, 9], "argument_entity_type": "PER", "argument_role": "Entity"}}], "type": "Contact", "subtype": "Contact", "modality": "Asserted", "pos_neg": "Positive", "prominence": "Main", "tense": "Present"}, "home_sentence": "sentence_2"}, "event_4": {"annotation_type": "event", "string": "soort nieuwe Koude Oorlog", "features": {"span": [14, 15, 16, 17], "arguments": [], "type": "Conflict", "subtype": "Conflict", "modality": "Other", "pos_neg": "Positive", "prominence": "Main", "tense": "Unspecified"}, "home_sentence": "sentence_2"}, "event_5": {"annotation_type": "event", "string": "de affaire-Skripal", "features": {"span": [28, 29], "arguments": [], "type": "Conflict", "subtype": "Attack", "modality": "Asserted", "pos_neg": "Positive", "prominence": "Background", "tense": "Unspecified"}, "home_sentence": "sentence_2"}}, "coreference": {"entities": {"coref_bucket_1": ["entity_2", "entity_1"]}, "events": {"coref_bucket_2": ["event_3", "event_1"], "coref_bucket_3": ["event_2", "event_4"]}}, "iptc_codes": {"certain": [[["medtop:20000056", "armed conflict"], ["medtop:16000000", "conflict, war and peace"]], [["medtop:20000638", "international relations"], ["medtop:11000000", "politics"]], [["medtop:20000082", "crime"], ["medtop:02000000", "crime, law and justice"]]], "uncertain": []}}}}