{"meta": {"id": "MH-DMF20180411_03457330-Isral_valt_doelwitten_Hamas_aan.tsv", "author": "eventdna_anno_1"}, "doc": {"token_string": "Isra\u00ebl valt doelwitten Hamas aan na explosie Het Isra\u00eblisch leger heeft woensdag naar eigen zeggen militaire doelwitten van Hamas aangevallen in Gaza . De acties zijn een vergelding na een bomexplosie nabij de grens tussen de Palestijnse enclave en Isra\u00ebl . Er zijn geen gewonden gemeld .", "token_ids": [0, 1, 2, 3, 4, 5, 6, 7, 8, 9, 10, 11, 12, 13, 14, 15, 16, 17, 18, 19, 20, 21, 22, 23, 24, 25, 26, 27, 28, 29, 30, 31, 32, 33, 34, 35, 36, 37, 38, 39, 40, 41, 42, 43, 44, 45, 46], "sentences": {"sentence_1": {"token_ids": [0, 1, 2, 3, 4, 5, 6]}, "sentence_2": {"token_ids": [7, 8, 9, 10, 11, 12, 13, 14, 15, 16, 17, 18, 19, 20, 21, 22]}, "sentence_3": {"token_ids": [23, 24, 25, 26, 27, 28, 29, 30, 31, 32, 33, 34, 35, 36, 37, 38, 39, 40]}, "sentence_4": {"token_ids": [41, 42, 43, 44, 45, 46]}}, "annotations": {"entities": {"entity_1": {"type": "entity", "string": "Isra\u00ebl", "features": {"type": "ORG", "span": [0], "individuality": "INDIV", "mention_level_type": "NAM", "head": {"type": "entityHead", "string": "Isra\u00ebl", "features": {"span": [0]}}}, "home_sentence": "sentence_1"}, "entity_2": {"type": "entity", "string": "Hamas", "features": {"type": "ORG", "span": [3], "individuality": "INDIV", "mention_level_type": "NAM", "head": {"type": "entityHead", "string": "Hamas", "features": {"span": [3]}}}, "home_sentence": "sentence_1"}, "entity_3": {"type": "entity", "string": "Het Isra\u00eblisch leger", "features": {"type": "ORG", "span": [7, 8, 9], "individuality": "INDIV", "mention_level_type": "NOM", "head": {"type": "entityHead", "string": "leger", "features": {"span": [9]}}}, "home_sentence": "sentence_2"}, "entity_4": {"type": "entity", "string": "Isra\u00eblisch", "features": {"type": "LOC", "span": [8], "individuality": "INDIV", "mention_level_type": "NAM", "head": {"type": "entityHead", "string": "Isra\u00eblisch", "features": {"span": [8]}}}, "home_sentence": "sentence_2"}, "entity_5": {"type": "entity", "string": "Hamas", "features": {"type": "ORG", "span": [18], "individuality": "INDIV", "mention_level_type": "NAM", "head": {"type": "entityHead", "string": "Hamas", "features": {"span": [18]}}}, "home_sentence": "sentence_2"}, "entity_6": {"type": "entity", "string": "Gaza", "features": {"type": "LOC", "span": [21], "individuality": "INDIV", "mention_level_type": "NAM", "head": {"type": "entityHead", "string": "Gaza", "features": {"span": [21]}}}, "home_sentence": "sentence_2"}, "entity_7": {"type": "entity", "string": "de grens tussen de Palestijnse enclave en Isra\u00ebl", "features": {"type": "LOC", "span": [32, 33, 34, 35, 36, 37, 38, 39], "individuality": "INDIV", "mention_level_type": "NOM", "head": {"type": "entityHead", "string": "grens", "features": {"span": [33]}}}, "home_sentence": "sentence_3"}, "entity_8": {"type": "entity", "string": "de Palestijnse enclave", "features": {"type": "LOC", "span": [35, 36, 37], "individuality": "INDIV", "mention_level_type": "NOM", "head": {"type": "entityHead", "string": "enclave", "features": {"span": [37]}}}, "home_sentence": "sentence_3"}, "entity_9": {"type": "entity", "string": "Palestijnse", "features": {"type": "LOC", "span": [36], "individuality": "INDIV", "mention_level_type": "NAM", "head": {"type": "entityHead", "string": "Palestijnse", "features": {"span": [36]}}}, "home_sentence": "sentence_3"}, "entity_10": {"type": "entity", "string": "Isra\u00ebl", "features": {"type": "LOC", "span": [39], "individuality": "INDIV", "mention_level_type": "NAM", "head": {"type": "entityHead", "string": "Isra\u00ebl", "features": {"span": [39]}}}, "home_sentence": "sentence_3"}}, "events": {"event_1": {"annotation_type": "event", "string": "Isra\u00ebl valt doelwitten Hamas aan", "features": {"span": [0, 1, 2, 3, 4], "arguments": [{"string": "Isra\u00ebl", "features": {"span": [0], "argument_entity_type": "ORG", "argument_role": "Attacker"}}, {"string": "doelwitten Hamas", "features": {"span": [2, 3], "argument_entity_type": "target", "argument_role": "Target"}}], "type": "Conflict", "subtype": "Attack", "modality": "Asserted", "pos_neg": "Positive", "prominence": "Main", "tense": "Present"}, "home_sentence": "sentence_1"}, "event_2": {"annotation_type": "event", "string": "explosie", "features": {"span": [6], "arguments": [], "type": "Conflict", "subtype": "Attack", "modality": "Asserted", "pos_neg": "Positive", "prominence": "Background", "tense": "Unspecified"}, "home_sentence": "sentence_1"}, "event_3": {"annotation_type": "event", "string": "Het Isra\u00eblisch leger heeft woensdag naar eigen zeggen militaire doelwitten van Hamas aangevallen in Gaza", "features": {"span": [7, 8, 9, 10, 11, 12, 13, 14, 15, 16, 17, 18, 19, 20, 21], "arguments": [{"string": "Het Isra\u00eblisch leger", "features": {"span": [7, 8, 9], "argument_entity_type": "ORG", "argument_role": "Attacker"}}, {"string": "militaire doelwitten van Hamas", "features": {"span": [15, 16, 17, 18], "argument_entity_type": "target", "argument_role": "Target"}}, {"string": "Gaza", "features": {"span": [21], "argument_entity_type": "LOC", "argument_role": "Place"}}, {"string": "woensdag", "features": {"span": [11], "argument_entity_type": "time", "argument_role": "Time"}}], "type": "Conflict", "subtype": "Attack", "modality": "Asserted", "pos_neg": "Positive", "prominence": "Main", "tense": "Past"}, "home_sentence": "sentence_2"}, "event_4": {"annotation_type": "event", "string": "een bomexplosie nabij de grens tussen de Palestijnse enclave en Isra\u00ebl", "features": {"span": [29, 30, 31, 32, 33, 34, 35, 36, 37, 38, 39], "arguments": [{"string": "de grens tussen de Palestijnse enclave en Isra\u00ebl", "features": {"span": [32, 33, 34, 35, 36, 37, 38, 39], "argument_entity_type": "LOC", "argument_role": "Place"}}, {"string": "bomexplosie", "features": {"span": [30], "argument_entity_type": "weapon", "argument_role": "Instrument"}}], "type": "Conflict", "subtype": "Attack", "modality": "Asserted", "pos_neg": "Positive", "prominence": "Background", "tense": "Unspecified"}, "home_sentence": "sentence_3"}}, "coreference": {"entities": {"coref_bucket_1": ["entity_1", "entity_3"], "coref_bucket_2": ["entity_2", "entity_5"], "coref_bucket_3": ["entity_10", "entity_4"], "coref_bucket_4": ["entity_6", "entity_8"]}, "events": {"coref_bucket_5": ["event_3", "event_1"], "coref_bucket_6": ["event_4", "event_2"]}}, "iptc_codes": {"certain": [[["medtop:20000638", "international relations"], ["medtop:11000000", "politics"]], [["medtop:20000056", "armed conflict"], ["medtop:16000000", "conflict, war and peace"]]], "uncertain": []}}}}