<?xml version="1.0" encoding="UTF-8"?>
<alpino_ds version="1.6">
  <parser cats="1" skips="0" />
  <node begin="0" cat="top" end="9" id="0" rel="top">
    <node begin="0" cat="smain" end="9" id="1" rel="--">
      <node begin="0" end="1" frame="noun(de,mass,sg)" gen="de" genus="zijd" getal="ev" graad="basis" his="normal" his_1="decap" his_1_1="normal" id="2" index="1" lcat="np" lemma="politie" naamval="stan" ntype="soort" num="sg" pos="noun" postag="N(soort,ev,basis,zijd,stan)" pt="n" rel="su" rnum="sg" root="politie" sense="politie" word="Politie"/>
      <node begin="1" end="2" frame="verb(zijn,sg3,aux(inf))" his="normal" his_1="normal" id="3" infl="sg3" lcat="smain" lemma="gaan" pos="verb" postag="WW(pv,tgw,met-t)" pt="ww" pvagr="met-t" pvtijd="tgw" rel="hd" root="ga" sc="aux(inf)" sense="ga" stype="declarative" tense="present" word="gaat" wvorm="pv"/>
      <node begin="0" cat="inf" end="9" id="4" rel="vc">
        <node begin="0" end="1" id="5" index="1" rel="su"/>
        <node begin="2" cat="np" end="4" id="6" rel="obj1">
          <node aform="base" begin="2" buiging="zonder" end="3" frame="adjective(postn_both(adv))" graad="basis" his="normal" his_1="normal" id="7" infl="both" lcat="ap" lemma="extra" pos="adj" positie="prenom" postag="ADJ(prenom,basis,zonder)" pt="adj" rel="mod" root="extra" sense="extra" vform="adj" word="extra"/>
          <node begin="3" end="4" frame="noun(both,mass,sg)" gen="both" genus="zijd" getal="ev" graad="basis" his="normal" his_1="normal" id="8" lcat="np" lemma="toezicht" naamval="stan" ntype="soort" num="sg" pos="noun" postag="N(soort,ev,basis,zijd,stan)" pt="n" rel="hd" rnum="sg" root="toezicht" sense="toezicht" word="toezicht"/>
        </node>
        <node begin="4" buiging="zonder" end="5" frame="verb(hebben,inf,transitive)" his="normal" his_1="normal" id="9" infl="inf" lcat="inf" lemma="houden" pos="verb" positie="vrij" postag="WW(inf,vrij,zonder)" pt="ww" rel="hd" root="houd" sc="transitive" sense="houd" word="houden" wvorm="inf"/>
        <node begin="5" cat="pp" end="9" id="10" rel="mod">
          <node begin="5" end="6" frame="preposition(na,[])" his="normal" his_1="normal" id="11" lcat="pp" lemma="na" pos="prep" postag="VZ(init)" pt="vz" rel="hd" root="na" sense="na" vztype="init" word="na"/>
          <node begin="6" cat="np" end="9" id="12" rel="obj1">
            <node begin="6" end="7" frame="noun(de,count,sg)" gen="de" genus="zijd" getal="ev" graad="basis" his="normal" his_1="normal" id="13" lcat="np" lemma="steek_partij" naamval="stan" ntype="soort" num="sg" pos="noun" postag="N(soort,ev,basis,zijd,stan)" pt="n" rel="hd" rnum="sg" root="steek_partij" sense="steek_partij" word="steekpartij"/>
            <node begin="7" cat="pp" end="9" id="14" rel="mod">
              <node begin="7" end="8" frame="preposition(in,[])" his="normal" his_1="normal" id="15" lcat="pp" lemma="in" pos="prep" postag="VZ(init)" pt="vz" rel="hd" root="in" sense="in" vztype="init" word="in"/>
              <node begin="8" end="9" frame="proper_name(sg,'LOC')" genus="onz" getal="ev" graad="basis" his="cap" id="16" lcat="np" lemma="Stationsbuurt" naamval="stan" neclass="LOC" ntype="eigen" num="sg" pos="name" postag="N(eigen,ev,basis,onz,stan)" pt="n" rel="obj1" rnum="sg" root="Stationsbuurt" sense="Stationsbuurt" word="stationsbuurt"/>
            </node>
          </node>
        </node>
      </node>
    </node>
  </node>
  <sentence sentid="1">Politie gaat extra toezicht houden na steekpartij in stationsbuurt</sentence>
  <comments>
    <comment>Q#1|Politie gaat extra toezicht houden na steekpartij in stationsbuurt|1|1|-2.2105370312499986</comment>
  </comments>
</alpino_ds>
