<?xml version="1.0" encoding="UTF-8"?>
<alpino_ds version="1.6">
  <parser cats="1" skips="0" />
  <node begin="0" cat="top" end="13" id="0" rel="top">
    <node begin="0" cat="smain" end="12" id="1" rel="--">
      <node begin="0" cat="np" end="5" id="2" index="1" rel="su">
        <node begin="0" end="1" frame="determiner(een)" his="normal" his_1="decap" his_1_1="normal" id="3" infl="een" lcat="detp" lemma="een" lwtype="onbep" naamval="stan" npagr="agr" pos="det" postag="LID(onbep,stan,agr)" pt="lid" rel="det" root="een" sense="een" word="Een"/>
        <node aform="base" begin="1" buiging="met-e" end="2" frame="adjective(e)" graad="basis" his="normal" his_1="normal" id="4" infl="e" lcat="ap" lemma="achttien_jarig" naamval="stan" pos="adj" positie="prenom" postag="ADJ(prenom,basis,met-e,stan)" pt="adj" rel="mod" root="achttien_jarig" sense="achttien_jarig" vform="adj" word="achttienjarige"/>
        <node begin="2" end="3" frame="noun(de,count,sg)" gen="de" genus="zijd" getal="ev" graad="basis" his="normal" his_1="normal" id="5" lcat="np" lemma="jongen" naamval="stan" ntype="soort" num="sg" pos="noun" postag="N(soort,ev,basis,zijd,stan)" pt="n" rel="hd" rnum="sg" root="jongen" sense="jongen" word="jongen"/>
        <node begin="3" cat="pp" end="5" id="6" rel="mod">
          <node begin="3" end="4" frame="preposition(uit,[vandaan])" his="normal" his_1="normal" id="7" lcat="pp" lemma="uit" pos="prep" postag="VZ(init)" pt="vz" rel="hd" root="uit" sense="uit" vztype="init" word="uit"/>
          <node begin="4" end="5" frame="proper_name(sg,'LOC')" genus="onz" getal="ev" graad="basis" his="normal" his_1="names_dictionary" id="8" lcat="np" lemma="Holsbeek" naamval="stan" neclass="LOC" ntype="eigen" num="sg" pos="name" postag="N(eigen,ev,basis,onz,stan)" pt="n" rel="obj1" rnum="sg" root="Holsbeek" sense="Holsbeek" word="Holsbeek"/>
        </node>
      </node>
      <node begin="5" end="6" frame="verb(unacc,sg_heeft,passive)" his="normal" his_1="normal" id="9" infl="sg_heeft" lcat="smain" lemma="zijn" pos="verb" postag="WW(pv,tgw,ev)" pt="ww" pvagr="ev" pvtijd="tgw" rel="hd" root="ben" sc="passive" sense="ben" stype="declarative" tense="present" word="is" wvorm="pv"/>
      <node begin="0" cat="ppart" end="12" id="10" rel="vc">
        <node begin="0" end="5" id="11" index="1" rel="obj1"/>
        <node begin="6" end="7" frame="tmp_noun(de,count,sg)" gen="de" genus="zijd" getal="ev" graad="basis" his="normal" his_1="normal" id="12" lcat="np" lemma="zondag_nacht" naamval="stan" ntype="soort" num="sg" pos="noun" postag="N(soort,ev,basis,zijd,stan)" pt="n" rel="mod" rnum="sg" root="zondag_nacht" sense="zondag_nacht" special="tmp" word="zondagnacht"/>
        <node begin="7" buiging="zonder" end="8" frame="verb(hebben,psp,ninv(transitive,part_transitive(neer)))" his="normal" his_1="part-V" id="13" infl="psp" lcat="ppart" lemma="neer_steken" pos="verb" positie="vrij" postag="WW(vd,vrij,zonder)" pt="ww" rel="hd" root="steek_neer" sc="part_transitive(neer)" sense="steek_neer" word="neergestoken" wvorm="vd"/>
        <node begin="8" cat="pp" end="12" id="14" rel="mod">
          <node begin="8" end="9" frame="preposition(in,[])" his="normal" his_1="normal" id="15" lcat="pp" lemma="in" pos="prep" postag="VZ(init)" pt="vz" rel="hd" root="in" sense="in" vztype="init" word="in"/>
          <node begin="9" cat="np" end="12" id="16" rel="obj1">
            <node begin="9" end="10" frame="determiner(de)" his="normal" his_1="normal" id="17" infl="de" lcat="detp" lemma="de" lwtype="bep" naamval="stan" npagr="rest" pos="det" postag="LID(bep,stan,rest)" pt="lid" rel="det" root="de" sense="de" word="de"/>
            <node aform="base" begin="10" buiging="met-e" end="11" frame="adjective(e)" graad="basis" his="normal" his_1="normal" id="18" infl="e" lcat="ap" lemma="Leuvens" naamval="stan" pos="adj" positie="prenom" postag="ADJ(prenom,basis,met-e,stan)" pt="adj" rel="mod" root="Leuvens" sense="Leuvens" vform="adj" word="Leuvense"/>
            <node begin="11" end="12" frame="noun(de,count,sg)" gen="de" genus="zijd" getal="ev" graad="basis" his="compound" his_1="2" id="19" lcat="np" lemma="station_buurt" naamval="stan" ntype="soort" num="sg" pos="noun" postag="N(soort,ev,basis,zijd,stan)" pt="n" rel="hd" rnum="sg" root="station_buurt" sense="station_buurt" word="stationsbuurt"/>
          </node>
        </node>
      </node>
    </node>
    <node begin="12" end="13" frame="punct(punt)" his="normal" his_1="normal" id="20" lcat="punct" lemma="." pos="punct" postag="LET()" pt="let" rel="--" root="." sense="." special="punt" word="."/>
  </node>
  <sentence sentid="3">Een achttienjarige jongen uit Holsbeek is zondagnacht neergestoken in de Leuvense stationsbuurt .</sentence>
  <comments>
    <comment>Q#3|Een achttienjarige jongen uit Holsbeek is zondagnacht neergestoken in de Leuvense stationsbuurt .|1|1|-7.311297797630001</comment>
  </comments>
</alpino_ds>
