<?xml version="1.0" encoding="UTF-8"?>
<alpino_ds version="1.6">
  <parser cats="1" skips="0" />
  <node begin="0" cat="top" end="7" id="0" rel="top">
    <node begin="0" cat="smain" end="6" id="1" rel="--">
      <node begin="0" cat="pp" end="3" id="2" rel="mod">
        <node begin="0" end="1" frame="preposition(van,[af,uit,vandaan,[af,aan]])" his="normal" his_1="decap" his_1_1="normal" id="3" lcat="pp" lemma="van" pos="prep" postag="VZ(init)" pt="vz" rel="hd" root="van" sense="van" vztype="init" word="Van"/>
        <node begin="1" cat="np" end="3" id="4" rel="obj1">
          <node begin="1" end="2" frame="determiner(de)" his="normal" his_1="normal" id="5" infl="de" lcat="detp" lemma="de" lwtype="bep" naamval="stan" npagr="rest" pos="det" postag="LID(bep,stan,rest)" pt="lid" rel="det" root="de" sense="de" word="de"/>
          <node begin="2" end="3" frame="noun(de,count,pl)" gen="de" getal="mv" graad="basis" his="normal" his_1="normal" id="6" lcat="np" lemma="dader" ntype="soort" num="pl" pos="noun" postag="N(soort,mv,basis)" pt="n" rel="hd" rnum="pl" root="dader" sense="dader" word="daders"/>
        </node>
      </node>
      <node begin="3" end="4" frame="verb(hebben,sg3,intransitive)" his="normal" his_1="normal" id="7" infl="sg3" lcat="smain" lemma="ontbreken" pos="verb" postag="WW(pv,tgw,met-t)" pt="ww" pvagr="met-t" pvtijd="tgw" rel="hd" root="ontbreek" sc="intransitive" sense="ontbreek" stype="declarative" tense="present" word="ontbreekt" wvorm="pv"/>
      <node begin="4" cat="np" end="6" id="8" rel="su">
        <node begin="4" buiging="zonder" end="5" frame="determiner(het,nwh,mod,pro,yparg)" his="normal" his_1="normal" id="9" infl="het" lcat="detp" lemma="elk" naamval="stan" npagr="evon" pdtype="det" pos="det" positie="prenom" postag="VNW(onbep,det,stan,prenom,zonder,evon)" pt="vnw" rel="det" root="elk" sense="elk" vwtype="onbep" wh="nwh" word="elk"/>
        <node begin="5" end="6" frame="noun(het,count,sg)" gen="het" genus="onz" getal="ev" graad="basis" his="normal" his_1="normal" id="10" lcat="np" lemma="spoor" naamval="stan" ntype="soort" num="sg" pos="noun" postag="N(soort,ev,basis,onz,stan)" pt="n" rel="hd" rnum="sg" root="spoor" sense="spoor" word="spoor"/>
      </node>
    </node>
    <node begin="6" end="7" frame="punct(punt)" his="normal" his_1="normal" id="11" lcat="punct" lemma="." pos="punct" postag="LET()" pt="let" rel="--" root="." sense="." special="punt" word="."/>
  </node>
  <sentence sentid="4">Van de daders ontbreekt elk spoor .</sentence>
  <comments>
    <comment>Q#4|Van de daders ontbreekt elk spoor .|1|1|-4.924681352700002</comment>
  </comments>
</alpino_ds>
