<?xml version="1.0" encoding="UTF-8"?>
<alpino_ds version="1.6">
  <parser cats="1" skips="0" />
  <node begin="0" cat="top" end="7" id="0" rel="top">
    <node begin="0" cat="smain" end="6" id="1" rel="--">
      <node begin="0" cat="np" end="2" id="2" rel="su">
        <node begin="0" end="1" frame="determiner(de)" his="normal" his_1="decap" his_1_1="normal" id="3" infl="de" lcat="detp" lemma="de" lwtype="bep" naamval="stan" npagr="rest" pos="det" postag="LID(bep,stan,rest)" pt="lid" rel="det" root="de" sense="de" word="De"/>
        <node begin="1" end="2" frame="noun(de,mass,sg)" gen="de" genus="zijd" getal="ev" graad="basis" his="normal" his_1="normal" id="4" lcat="np" lemma="politie" naamval="stan" ntype="soort" num="sg" pos="noun" postag="N(soort,ev,basis,zijd,stan)" pt="n" rel="hd" rnum="sg" root="politie" sense="politie" word="politie"/>
      </node>
      <node begin="2" end="3" frame="verb(hebben,sg3,part_transitive(aan))" his="normal" his_1="normal" id="5" infl="sg3" lcat="smain" lemma="aan_kondigen" pos="verb" postag="WW(pv,tgw,met-t)" pt="ww" pvagr="met-t" pvtijd="tgw" rel="hd" root="kondig_aan" sc="part_transitive(aan)" sense="kondig_aan" stype="declarative" tense="present" word="kondigt" wvorm="pv"/>
      <node begin="3" cat="np" end="5" id="6" rel="obj1">
        <node aform="base" begin="3" buiging="zonder" end="4" frame="adjective(postn_both(adv))" graad="basis" his="normal" his_1="normal" id="7" infl="both" lcat="ap" lemma="extra" pos="adj" positie="prenom" postag="ADJ(prenom,basis,zonder)" pt="adj" rel="mod" root="extra" sense="extra" vform="adj" word="extra"/>
        <node begin="4" end="5" frame="noun(both,mass,sg)" gen="both" genus="zijd" getal="ev" graad="basis" his="compound" his_1="2" id="8" lcat="np" lemma="politie_toezicht" naamval="stan" ntype="soort" num="sg" pos="noun" postag="N(soort,ev,basis,zijd,stan)" pt="n" rel="hd" rnum="sg" root="politie_toezicht" sense="politie_toezicht" word="politietoezicht"/>
      </node>
      <node begin="5" end="6" frame="particle(aan)" his="normal" his_1="normal" id="9" lcat="part" lemma="aan" pos="part" postag="VZ(fin)" pt="vz" rel="svp" root="aan" sense="aan" vztype="fin" word="aan"/>
    </node>
    <node begin="6" end="7" frame="punct(punt)" his="normal" his_1="normal" id="10" lcat="punct" lemma="." pos="punct" postag="LET()" pt="let" rel="--" root="." sense="." special="punt" word="."/>
  </node>
  <sentence sentid="5">De politie kondigt extra politietoezicht aan .</sentence>
  <comments>
    <comment>Q#5|De politie kondigt extra politietoezicht aan .|1|1|-1.4760349669999986</comment>
  </comments>
</alpino_ds>
