{"meta": {"id": "MH-DMF20171115_03187617-Salah_Abdeslam_woensdag_nog_eens.tsv", "author": "eventdna_anno_3"}, "doc": {"token_string": "Salah Abdeslam woensdag nog eens ondervraagd , maar hij blijft zwijgen Twee jaar na aanslagen Parijs Salah Abdeslam werd woensdag nog maar eens ondervraagd over zijn betrokkenheid bij de aanslagen in Parijs , vandaag exact twee jaar en twee dagen geleden . Het was voor de vijfde keer dat de Franse speurders hem aan de tand voelden , maar Abdeslam blijft nog altijd zwijgen .", "token_ids": [0, 1, 2, 3, 4, 5, 6, 7, 8, 9, 10, 11, 12, 13, 14, 15, 16, 17, 18, 19, 20, 21, 22, 23, 24, 25, 26, 27, 28, 29, 30, 31, 32, 33, 34, 35, 36, 37, 38, 39, 40, 41, 42, 43, 44, 45, 46, 47, 48, 49, 50, 51, 52, 53, 54, 55, 56, 57, 58, 59, 60, 61, 62, 63, 64], "sentences": {"sentence_1": {"token_ids": [0, 1, 2, 3, 4, 5, 6, 7, 8, 9, 10]}, "sentence_2": {"token_ids": [11, 12, 13, 14, 15]}, "sentence_3": {"token_ids": [16, 17, 18, 19, 20, 21, 22, 23, 24, 25, 26, 27, 28, 29, 30, 31, 32, 33, 34, 35, 36, 37, 38, 39, 40, 41]}, "sentence_4": {"token_ids": [42, 43, 44, 45, 46, 47, 48, 49, 50, 51, 52, 53, 54, 55, 56, 57, 58, 59, 60, 61, 62, 63, 64]}}, "annotations": {"entities": {"entity_1": {"type": "entity", "string": "Salah Abdeslam", "features": {"type": "PER", "span": [0, 1], "individuality": "INDIV", "mention_level_type": "NAM", "head": {"type": "entityHead", "string": "Salah Abdeslam", "features": {"span": [0, 1]}}}, "home_sentence": "sentence_1"}, "entity_2": {"type": "entity", "string": "hij", "features": {"type": "PER", "span": [8], "individuality": "INDIV", "mention_level_type": "PRON", "head": {"type": "entityHead", "string": "hij", "features": {"span": [8]}}}, "home_sentence": "sentence_1"}, "entity_3": {"type": "entity", "string": "Parijs", "features": {"type": "LOC", "span": [15], "individuality": "INDIV", "mention_level_type": "NAM", "head": {"type": "entityHead", "string": "Parijs", "features": {"span": [15]}}}, "home_sentence": "sentence_2"}, "entity_4": {"type": "entity", "string": "Salah Abdeslam", "features": {"type": "PER", "span": [16, 17], "individuality": "INDIV", "mention_level_type": "NAM", "head": {"type": "entityHead", "string": "Salah Abdeslam", "features": {"span": [16, 17]}}}, "home_sentence": "sentence_3"}, "entity_5": {"type": "entity", "string": "zijn", "features": {"type": "PER", "span": [25], "individuality": "INDIV", "mention_level_type": "PRON", "head": {"type": "entityHead", "string": "zijn", "features": {"span": [25]}}}, "home_sentence": "sentence_3"}, "entity_6": {"type": "entity", "string": "Parijs", "features": {"type": "LOC", "span": [31], "individuality": "INDIV", "mention_level_type": "NAM", "head": {"type": "entityHead", "string": "Parijs", "features": {"span": [31]}}}, "home_sentence": "sentence_3"}, "entity_7": {"type": "entity", "string": "de Franse speurders", "features": {"type": "PER", "span": [49, 50, 51], "individuality": "GROUP", "mention_level_type": "NOM", "head": {"type": "entityHead", "string": "speurders", "features": {"span": [51]}}}, "home_sentence": "sentence_4"}, "entity_8": {"type": "entity", "string": "Franse", "features": {"type": "LOC", "span": [50], "individuality": "INDIV", "mention_level_type": "NAM", "head": {"type": "entityHead", "string": "Franse", "features": {"span": [50]}}}, "home_sentence": "sentence_4"}, "entity_9": {"type": "entity", "string": "hem", "features": {"type": "PER", "span": [52], "individuality": "INDIV", "mention_level_type": "PRON", "head": {"type": "entityHead", "string": "hem", "features": {"span": [52]}}}, "home_sentence": "sentence_4"}, "entity_10": {"type": "entity", "string": "Abdeslam", "features": {"type": "PER", "span": [59], "individuality": "INDIV", "mention_level_type": "NAM", "head": {"type": "entityHead", "string": "Abdeslam", "features": {"span": [59]}}}, "home_sentence": "sentence_4"}}, "events": {"event_1": {"annotation_type": "event", "string": "Salah Abdeslam woensdag nog eens ondervraagd", "features": {"span": [0, 1, 2, 3, 4, 5], "arguments": [{"string": "woensdag", "features": {"span": [2], "argument_entity_type": "time", "argument_role": "Time"}}, {"string": "Salah Abdeslam", "features": {"span": [0, 1], "argument_entity_type": "PER", "argument_role": "InvestigationTarget"}}], "type": "Justice", "subtype": "Investigation", "modality": "Asserted", "pos_neg": "Positive", "prominence": "Main", "tense": "Past"}, "home_sentence": "sentence_1"}, "event_2": {"annotation_type": "event", "string": "aanslagen Parijs", "features": {"span": [14, 15], "arguments": [{"string": "Parijs", "features": {"span": [15], "argument_entity_type": "LOC", "argument_role": "Place"}}], "type": "Conflict", "subtype": "Attack", "modality": "Asserted", "pos_neg": "Positive", "prominence": "Background", "tense": "Unspecified"}, "home_sentence": "sentence_2"}, "event_3": {"annotation_type": "event", "string": "Salah Abdeslam werd woensdag nog maar eens ondervraagd over zijn betrokkenheid bij de aanslagen in Parijs", "features": {"span": [16, 17, 18, 19, 20, 21, 22, 23, 24, 25, 26, 27, 28, 29, 30, 31], "arguments": [{"string": "woensdag", "features": {"span": [19], "argument_entity_type": "time", "argument_role": "Time"}}, {"string": "Salah Abdeslam", "features": {"span": [16, 17], "argument_entity_type": "PER", "argument_role": "InvestigationTarget"}}], "type": "Justice", "subtype": "Investigation", "modality": "Asserted", "pos_neg": "Positive", "prominence": "Main", "tense": "Past"}, "home_sentence": "sentence_3"}, "event_4": {"annotation_type": "event", "string": "de aanslagen in Parijs", "features": {"span": [28, 29, 30, 31], "arguments": [{"string": "Parijs", "features": {"span": [31], "argument_entity_type": "LOC", "argument_role": "Place"}}], "type": "Conflict", "subtype": "Attack", "modality": "Asserted", "pos_neg": "Positive", "prominence": "Background", "tense": "Unspecified"}, "home_sentence": "sentence_3"}, "event_5": {"annotation_type": "event", "string": "de Franse speurders hem aan de tand voelden", "features": {"span": [49, 50, 51, 52, 53, 54, 55, 56], "arguments": [{"string": "hem", "features": {"span": [52], "argument_entity_type": "PER", "argument_role": "InvestigationTarget"}}, {"string": "de Franse speurders", "features": {"span": [49, 50, 51], "argument_entity_type": "PER", "argument_role": "Investigator"}}], "type": "Justice", "subtype": "Investigation", "modality": "Asserted", "pos_neg": "Positive", "prominence": "Main", "tense": "Past"}, "home_sentence": "sentence_4"}}, "coreference": {"entities": {"coref_bucket_1": ["entity_1", "entity_4", "entity_2"], "coref_bucket_2": ["entity_1", "entity_4", "entity_2", "entity_5"], "coref_bucket_3": ["entity_9", "entity_4", "entity_2", "entity_5"], "coref_bucket_4": ["entity_3", "entity_6"], "coref_bucket_5": ["entity_9", "entity_4", "entity_5"]}, "events": {"coref_bucket_6": ["event_5", "event_1", "event_3"], "coref_bucket_7": ["event_4", "event_2"]}}, "iptc_codes": {"certain": [[["medtop:20000103", "terrorism"], ["medtop:20000082", "crime"], ["medtop:02000000", "crime, law and justice"]], [["medtop:20000131", "investigation (criminal)"], ["medtop:20000129", "law enforcement"], ["medtop:02000000", "crime, law and justice"]], [["medtop:20000055", "bombings"], ["medtop:20000053", "act of terror"], ["medtop:16000000", "conflict, war and peace"]]], "uncertain": []}}}}