<?xml version="1.0" encoding="UTF-8"?>
<alpino_ds version="1.6">
  <parser cats="1" skips="0" />
  <node begin="0" cat="top" end="7" id="0" rel="top">
    <node begin="0" cat="whsub" end="7" id="1" rel="--">
      <node begin="0" end="1" frame="waar_adverb(om)" his="normal" his_1="decap" his_1_1="normal" id="2" index="1" lcat="pp" lemma="waarom" pos="pp" postag="BW()" pt="bw" rel="whd" root="waarom" sense="waarom" special="waar" word="Waarom"/>
      <node begin="0" cat="ssub" end="7" id="3" rel="body">
        <node begin="0" end="1" id="4" index="1" rel="mod"/>
        <node begin="1" end="2" frame="er_vp_adverb" getal="getal" his="normal" his_1="normal" id="5" lcat="advp" lemma="er" naamval="stan" pdtype="adv-pron" persoon="3" pos="adv" postag="VNW(aanw,adv-pron,stan,red,3,getal)" pt="vnw" rel="mod" root="er" sense="er" special="er" status="red" vwtype="aanw" word="er"/>
        <node begin="4" end="5" frame="verb(unacc,pl,intransitive)" his="normal" his_1="normal" id="6" infl="pl" lcat="ssub" lemma="zijn" pos="verb" postag="WW(pv,tgw,mv)" pt="ww" pvagr="mv" pvtijd="tgw" rel="hd" root="ben" sc="intransitive" sense="ben" tense="present" word="zijn" wvorm="pv"/>
        <node begin="2" cat="np" end="7" id="7" rel="su">
          <node aform="base" begin="2" end="3" frame="adjective(no_e(odet_adv))" his="normal" his_1="normal" id="8" infl="no_e" lcat="ap" lemma="zoveel" naamval="stan" numtype="hoofd" pos="adj" positie="prenom" postag="TW(hoofd,prenom,stan)" pt="tw" rel="det" root="zoveel" sense="zoveel" vform="adj" word="zoveel"/>
          <node begin="3" end="4" frame="noun(de,count,pl)" gen="de" getal="mv" graad="basis" his="normal" his_1="normal" id="9" lcat="np" lemma="overstroming" ntype="soort" num="pl" pos="noun" postag="N(soort,mv,basis)" pt="n" rel="hd" rnum="pl" root="overstroming" sense="overstroming" word="overstromingen"/>
          <node begin="5" cat="pp" end="7" id="10" rel="mod">
            <node begin="5" end="6" frame="preposition(in,[])" his="normal" his_1="normal" id="11" lcat="pp" lemma="in" pos="prep" postag="VZ(init)" pt="vz" rel="hd" root="in" sense="in" vztype="init" word="in"/>
            <node begin="6" end="7" frame="proper_name(sg,'LOC')" genus="onz" getal="ev" graad="basis" his="normal" his_1="names_dictionary" id="12" lcat="np" lemma="Zuid-Frankrijk" naamval="stan" neclass="LOC" ntype="eigen" num="sg" pos="name" postag="N(eigen,ev,basis,onz,stan)" pt="n" rel="obj1" rnum="sg" root="Zuid-Frankrijk" sense="Zuid-Frankrijk" word="Zuid-Frankrijk"/>
          </node>
        </node>
      </node>
    </node>
  </node>
  <sentence sentid="1">Waarom er zoveel overstromingen zijn in Zuid-Frankrijk</sentence>
  <comments>
    <comment>Q#1|Waarom er zoveel overstromingen zijn in Zuid-Frankrijk|1|1|-2.403647525030002</comment>
  </comments>
</alpino_ds>
