<?xml version="1.0" encoding="UTF-8"?>
<alpino_ds version="1.6">
  <parser cats="1" skips="0" />
  <node begin="0" cat="top" end="14" id="0" rel="top">
    <node begin="0" cat="smain" end="13" id="1" rel="--">
      <node begin="0" cat="np" end="6" id="2" index="1" rel="su">
        <node begin="0" end="1" frame="noun(de,count,pl)" gen="de" getal="mv" graad="basis" his="decap_and_compound" his_1="2" id="3" lcat="np" lemma="stort_regen" ntype="soort" num="pl" pos="noun" postag="N(soort,mv,basis)" pt="n" rel="hd" rnum="pl" root="stort_regen" sense="stort_regen" word="Stortregens"/>
        <node begin="1" cat="pp" end="6" id="4" rel="mod">
          <node begin="1" end="2" frame="preposition(in,[])" his="normal" his_1="normal" id="5" lcat="pp" lemma="in" pos="prep" postag="VZ(init)" pt="vz" rel="hd" root="in" sense="in" vztype="init" word="in"/>
          <node begin="2" cat="np" end="6" id="6" rel="obj1">
            <node begin="2" end="3" frame="determiner(het,nwh,nmod,pro,nparg,wkpro)" his="normal" his_1="normal" id="7" infl="het" lcat="detp" lemma="het" lwtype="bep" naamval="stan" npagr="evon" pos="det" postag="LID(bep,stan,evon)" pt="lid" rel="det" root="het" sense="het" wh="nwh" word="het"/>
            <node aform="base" begin="3" buiging="met-e" end="4" frame="adjective(e)" graad="basis" his="normal" his_1="normal" id="8" infl="e" lcat="ap" lemma="Zuid_Frans" naamval="stan" pos="adj" positie="prenom" postag="ADJ(prenom,basis,met-e,stan)" pt="adj" rel="mod" root="Zuid_Frans" sense="Zuid_Frans" vform="adj" word="Zuid-Franse"/>
            <node begin="4" end="5" frame="noun(het,count,sg)" gen="het" genus="onz" getal="ev" graad="basis" his="normal" his_1="normal" id="9" lcat="np" lemma="departement" naamval="stan" ntype="soort" num="sg" pos="noun" postag="N(soort,ev,basis,onz,stan)" pt="n" rel="hd" rnum="sg" root="departement" sense="departement" word="departement"/>
            <node begin="5" end="6" frame="proper_name(sg,'LOC')" genus="onz" getal="ev" graad="basis" his="normal" his_1="names_dictionary" id="10" lcat="np" lemma="Gard" naamval="stan" neclass="LOC" ntype="eigen" num="sg" pos="name" postag="N(eigen,ev,basis,onz,stan)" pt="n" rel="app" rnum="sg" root="Gard" sense="Gard" word="Gard"/>
          </node>
        </node>
      </node>
      <node begin="6" end="7" frame="verb(hebben,pl,aux_psp_hebben)" his="normal" his_1="normal" id="11" infl="pl" lcat="smain" lemma="hebben" pos="verb" postag="WW(pv,tgw,mv)" pt="ww" pvagr="mv" pvtijd="tgw" rel="hd" root="heb" sc="aux_psp_hebben" sense="heb" stype="declarative" tense="present" word="hebben" wvorm="pv"/>
      <node begin="0" cat="ppart" end="13" id="12" rel="vc">
        <node begin="0" end="6" id="13" index="1" rel="su"/>
        <node begin="7" end="8" frame="tmp_adverb" his="normal" his_1="normal" id="14" lcat="advp" lemma="gisteren" pos="adv" postag="BW()" pt="bw" rel="mod" root="gisteren" sense="gisteren" special="tmp" word="gisteren"/>
        <node begin="8" cat="np" end="10" id="15" rel="obj1">
          <node begin="8" end="9" frame="number(hoofd(pl_num))" his="normal" his_1="normal" id="16" infl="pl_num" lcat="detp" lemma="drie" naamval="stan" numtype="hoofd" pos="num" positie="prenom" postag="TW(hoofd,prenom,stan)" pt="tw" rel="det" root="drie" sense="drie" special="hoofd" word="drie"/>
          <node begin="9" end="10" frame="noun(de,count,pl)" gen="de" getal="mv" graad="basis" his="normal" his_1="normal" id="17" lcat="np" lemma="camping" ntype="soort" num="pl" pos="noun" postag="N(soort,mv,basis)" pt="n" rel="hd" rnum="pl" root="camping" sense="camping" word="campings"/>
        </node>
        <node begin="10" cat="pp" end="12" id="18" rel="ld">
          <node begin="10" end="11" frame="preposition(onder,[door,vandaan])" his="normal" his_1="normal" id="19" lcat="pp" lemma="onder" pos="prep" postag="VZ(init)" pt="vz" rel="hd" root="onder" sense="onder" vztype="init" word="onder"/>
          <node begin="11" end="12" frame="noun(het,both,sg)" gen="het" genus="onz" getal="ev" graad="basis" his="normal" his_1="normal" id="20" lcat="np" lemma="water" naamval="stan" ntype="soort" num="sg" pos="noun" postag="N(soort,ev,basis,onz,stan)" pt="n" rel="obj1" rnum="sg" root="water" sense="water" word="water"/>
        </node>
        <node begin="12" buiging="zonder" end="13" frame="verb(hebben,psp,np_ld_pp)" his="normal" his_1="normal" id="21" infl="psp" lcat="ppart" lemma="zetten" pos="verb" positie="vrij" postag="WW(vd,vrij,zonder)" pt="ww" rel="hd" root="zet" sc="np_ld_pp" sense="zet" word="gezet" wvorm="vd"/>
      </node>
    </node>
    <node begin="13" end="14" frame="punct(punt)" his="normal" his_1="normal" id="22" lcat="punct" lemma="." pos="punct" postag="LET()" pt="let" rel="--" root="." sense="." special="punt" word="."/>
  </node>
  <sentence sentid="2">Stortregens in het Zuid-Franse departement Gard hebben gisteren drie campings onder water gezet .</sentence>
  <comments>
    <comment>Q#2|Stortregens in het Zuid-Franse departement Gard hebben gisteren drie campings onder water gezet .|1|1|-3.5928025897600047</comment>
  </comments>
</alpino_ds>
