<?xml version="1.0" encoding="UTF-8"?>
<alpino_ds version="1.6">
  <parser cats="1" skips="0" />
  <node begin="0" cat="top" end="7" id="0" rel="top">
    <node begin="0" cat="smain" end="6" id="1" rel="--">
      <node begin="0" cat="np" end="3" id="2" index="1" rel="su">
        <node begin="0" cat="detp" end="2" id="3" rel="det">
          <node begin="0" buiging="zonder" end="1" frame="pre_num_adv(pl_indef)" his="normal" his_1="decap" his_1_1="normal" id="4" infl="pl_indef" lcat="advp" lemma="zo&apos;n" naamval="stan" npagr="agr" pdtype="det" pos="det" positie="prenom" postag="VNW(aanw,det,stan,prenom,zonder,agr)" pt="vnw" rel="mod" root="zo&apos;n" sense="zo&apos;n" special="pre_num_adv" vwtype="aanw" word="Zo&apos;n"/>
          <node begin="1" end="2" frame="number(hoofd(pl_num))" his="normal" his_1="normal" id="5" infl="pl_num" lcat="detp" lemma="750" naamval="stan" numtype="hoofd" pos="num" positie="prenom" postag="TW(hoofd,prenom,stan)" pt="tw" rel="hd" root="750" sense="750" special="hoofd" word="750"/>
        </node>
        <node begin="2" end="3" frame="noun(both,count,pl)" gen="both" getal="mv" graad="basis" his="normal" his_1="normal" id="6" lcat="np" lemma="mens" ntype="soort" num="pl" pos="noun" postag="N(soort,mv,basis)" pt="n" rel="hd" rnum="pl" root="mens" sense="mens" word="mensen"/>
      </node>
      <node begin="3" end="4" frame="verb('hebben/zijn',past(pl),modifier(aux(inf)))" his="normal" his_1="normal" id="7" infl="pl" lcat="smain" lemma="moeten" pos="verb" postag="WW(pv,verl,mv)" pt="ww" pvagr="mv" pvtijd="verl" rel="hd" root="moet" sc="modifier(aux(inf))" sense="moet" stype="declarative" tense="past" word="moesten" wvorm="pv"/>
      <node begin="0" cat="inf" end="6" id="8" rel="vc">
        <node begin="0" end="3" id="9" index="1" rel="su"/>
        <node begin="4" buiging="zonder" end="5" frame="verb(unacc,inf,passive)" his="normal" his_1="normal" id="10" infl="inf" lcat="inf" lemma="worden" pos="verb" positie="vrij" postag="WW(inf,vrij,zonder)" pt="ww" rel="hd" root="word" sc="passive" sense="word" word="worden" wvorm="inf"/>
        <node begin="0" cat="ppart" end="6" id="11" rel="vc">
          <node begin="0" end="3" id="12" index="1" rel="obj1"/>
          <node begin="5" buiging="zonder" end="6" frame="verb(hebben,psp,transitive)" his="normal" his_1="normal" id="13" infl="psp" lcat="ppart" lemma="evacueren" pos="verb" positie="vrij" postag="WW(vd,vrij,zonder)" pt="ww" rel="hd" root="evacueer" sc="transitive" sense="evacueer" word="geëvacueerd" wvorm="vd"/>
        </node>
      </node>
    </node>
    <node begin="6" end="7" frame="punct(punt)" his="normal" his_1="normal" id="14" lcat="punct" lemma="." pos="punct" postag="LET()" pt="let" rel="--" root="." sense="." special="punt" word="."/>
  </node>
  <sentence sentid="3">Zo&apos;n 750 mensen moesten worden geëvacueerd .</sentence>
  <comments>
    <comment>Q#3|Zo&apos;n 750 mensen moesten worden geëvacueerd .|1|1|-10.937730874390002</comment>
  </comments>
</alpino_ds>
