<?xml version="1.0" encoding="UTF-8"?>
<alpino_ds version="1.6">
  <parser cats="1" skips="0" />
  <node begin="0" cat="top" end="14" id="0" rel="top">
    <node begin="9" end="10" frame="punct(aanhaal_both)" his="normal" his_1="normal" id="1" lcat="punct" lemma="&apos;" pos="punct" postag="LET()" pt="let" rel="--" root="&apos;" sense="&apos;" special="aanhaal_both" word="&apos;"/>
    <node begin="0" cat="smain" end="12" id="2" rel="--">
      <node begin="0" cat="np" end="2" id="3" rel="mod">
        <node begin="0" buiging="zonder" end="1" frame="determiner(het,nwh,mod,pro,yparg)" his="normal" his_1="decap" his_1_1="normal" id="4" infl="het" lcat="detp" lemma="elk" naamval="stan" npagr="evon" pdtype="det" pos="det" positie="prenom" postag="VNW(onbep,det,stan,prenom,zonder,evon)" pt="vnw" rel="det" root="elk" sense="elk" vwtype="onbep" wh="nwh" word="Elk"/>
        <node begin="1" end="2" frame="tmp_noun(het,count,bare_meas)" gen="het" genus="onz" getal="ev" graad="basis" his="normal" his_1="normal" id="5" lcat="np" lemma="jaar" naamval="stan" ntype="soort" num="bare_meas" pos="noun" postag="N(soort,ev,basis,onz,stan)" pt="n" rel="hd" rnum="sg" root="jaar" sense="jaar" special="tmp" word="jaar"/>
      </node>
      <node begin="2" end="3" frame="verb(hebben,pl,transitive)" his="normal" his_1="normal" id="6" infl="pl" lcat="smain" lemma="teisteren" pos="verb" postag="WW(pv,tgw,mv)" pt="ww" pvagr="mv" pvtijd="tgw" rel="hd" root="teister" sc="transitive" sense="teister" stype="declarative" tense="present" word="teisteren" wvorm="pv"/>
      <node begin="3" end="4" frame="noun(de,count,pl)" gen="de" getal="mv" graad="basis" his="normal" his_1="normal" id="7" lcat="np" lemma="overstroming" ntype="soort" num="pl" pos="noun" postag="N(soort,mv,basis)" pt="n" rel="su" rnum="pl" root="overstroming" sense="overstroming" word="overstromingen"/>
      <node begin="4" cat="np" end="6" id="8" rel="obj1">
        <node begin="4" end="5" frame="determiner(de)" his="normal" his_1="normal" id="9" infl="de" lcat="detp" lemma="de" lwtype="bep" naamval="stan" npagr="rest" pos="det" postag="LID(bep,stan,rest)" pt="lid" rel="det" root="de" sense="de" word="de"/>
        <node begin="5" end="6" frame="noun(de,count,sg)" gen="de" genus="zijd" getal="ev" graad="basis" his="normal" his_1="normal" id="10" lcat="np" lemma="regio" naamval="stan" ntype="soort" num="sg" pos="noun" postag="N(soort,ev,basis,zijd,stan)" pt="n" rel="hd" rnum="sg" root="regio" sense="regio" word="regio"/>
      </node>
      <node begin="6" cat="pp" end="12" id="11" rel="mod">
        <node begin="6" end="7" frame="preposition(door,[heen])" his="normal" his_1="normal" id="12" lcat="pp" lemma="door" pos="prep" postag="VZ(init)" pt="vz" rel="hd" root="door" sense="door" vztype="init" word="door"/>
        <node begin="7" cat="np" end="12" id="13" rel="obj1">
          <node begin="7" end="8" frame="determiner(de)" his="normal" his_1="normal" id="14" infl="de" lcat="detp" lemma="de" lwtype="bep" naamval="stan" npagr="rest" pos="det" postag="LID(bep,stan,rest)" pt="lid" rel="det" root="de" sense="de" word="de"/>
          <node aform="base" begin="8" buiging="met-e" end="9" frame="adjective(ge_e)" graad="basis" his="normal" his_1="normal" id="15" infl="e" lcat="ppart" lemma="zogenaamd" naamval="stan" pos="adj" positie="prenom" postag="ADJ(prenom,basis,met-e,stan)" pt="adj" rel="mod" root="zogenaamd" sense="zogenaamd" vform="psp" word="zogenaamde"/>
          <node begin="10" cat="mwu" end="12" his="quoted_name" his_1="&apos;" his_2="&apos;" id="16" mwu_root="épisodes méditerranéens" mwu_sense="épisodes méditerranéens" rel="hd">
            <node begin="10" end="11" frame="proper_name(both)" genus="zijd" getal="ev" graad="basis" id="17" lcat="np" lemma="épisodes" naamval="stan" neclass="MISC" ntype="soort" num="both" pos="name" postag="N(soort,ev,basis,zijd,stan)" pt="n" rel="mwp" rnum="sg" root="épisodes" sense="épisodes" word="épisodes"/>
            <node begin="11" end="12" frame="proper_name(both)" genus="zijd" getal="ev" graad="basis" id="18" lcat="np" lemma="méditerranéens" naamval="stan" neclass="MISC" ntype="soort" num="both" pos="name" postag="N(soort,ev,basis,zijd,stan)" pt="n" rel="mwp" rnum="sg" root="méditerranéens" sense="méditerranéens" word="méditerranéens"/>
          </node>
        </node>
      </node>
    </node>
    <node begin="12" end="13" frame="punct(aanhaal_both)" his="normal" his_1="normal" id="19" lcat="punct" lemma="&apos;" pos="punct" postag="LET()" pt="let" rel="--" root="&apos;" sense="&apos;" special="aanhaal_both" word="&apos;"/>
    <node begin="13" end="14" frame="punct(punt)" his="normal" his_1="normal" id="20" lcat="punct" lemma="." pos="punct" postag="LET()" pt="let" rel="--" root="." sense="." special="punt" word="."/>
  </node>
  <sentence sentid="4">Elk jaar teisteren overstromingen de regio door de zogenaamde &apos; épisodes méditerranéens &apos; .</sentence>
  <comments>
    <comment>Q#4|Elk jaar teisteren overstromingen de regio door de zogenaamde &apos; épisodes méditerranéens &apos; .|1|1|-4.69382371102</comment>
  </comments>
</alpino_ds>
