<?xml version="1.0" encoding="UTF-8"?>
<alpino_ds version="1.6">
  <parser cats="1" skips="0" />
  <node begin="0" cat="top" end="11" id="0" rel="top">
    <node begin="6" end="7" frame="punct(komma)" his="normal" his_1="normal" id="1" lcat="punct" lemma="," pos="punct" postag="LET()" pt="let" rel="--" root="," sense="," special="komma" word=","/>
    <node begin="0" cat="conj" end="11" id="2" rel="--">
      <node begin="0" cat="ppart" end="6" id="3" rel="cnj">
        <node begin="0" cat="mwu" end="2" his="name" his_1="begin" id="4" mwu_root="Salah Abdeslam" mwu_sense="Salah Abdeslam" rel="obj1">
          <node begin="0" end="1" frame="proper_name(sg,'PER')" id="5" lcat="np" lemma="Salah" neclass="PER" num="sg" pos="name" postag="SPEC(deeleigen)" pt="spec" rel="mwp" rnum="sg" root="Salah" sense="Salah" spectype="deeleigen" word="Salah"/>
          <node begin="1" end="2" frame="proper_name(sg,'PER')" id="6" lcat="np" lemma="Abdeslam" neclass="PER" num="sg" pos="name" postag="SPEC(deeleigen)" pt="spec" rel="mwp" rnum="sg" root="Abdeslam" sense="Abdeslam" spectype="deeleigen" word="Abdeslam"/>
        </node>
        <node begin="2" end="3" frame="tmp_noun(de,count,sg)" gen="de" genus="zijd" getal="ev" graad="basis" his="normal" his_1="normal" id="7" lcat="np" lemma="woensdag" naamval="stan" ntype="eigen" num="sg" pos="noun" postag="N(eigen,ev,basis,zijd,stan)" pt="n" rel="mod" rnum="sg" root="woensdag" sense="woensdag" special="tmp" word="woensdag"/>
        <node begin="3" end="4" frame="adverb" his="normal" his_1="normal" id="8" lcat="advp" lemma="nog" pos="adv" postag="BW()" pt="bw" rel="mod" root="nog" sense="nog" word="nog"/>
        <node begin="4" end="5" frame="tmp_adverb" his="normal" his_1="normal" id="9" lcat="advp" lemma="eens" pos="adv" postag="BW()" pt="bw" rel="mod" root="eens" sense="eens" special="tmp" word="eens"/>
        <node begin="5" buiging="zonder" end="6" frame="verb(hebben,psp,transitive)" his="normal" his_1="normal" id="10" infl="psp" lcat="ppart" lemma="ondervragen" pos="verb" positie="vrij" postag="WW(vd,vrij,zonder)" pt="ww" rel="hd" root="ondervraag" sc="transitive" sense="ondervraag" word="ondervraagd" wvorm="vd"/>
      </node>
      <node begin="7" conjtype="neven" end="8" frame="conj(maar)" his="normal" his_1="normal" id="11" lcat="vg" lemma="maar" pos="vg" postag="VG(neven)" pt="vg" rel="crd" root="maar" sense="maar" word="maar"/>
      <node begin="8" cat="smain" end="11" id="12" rel="cnj">
        <node begin="8" case="nom" def="def" end="9" frame="pronoun(nwh,thi,sg,de,nom,def)" gen="de" genus="masc" getal="ev" his="normal" his_1="normal" id="13" index="1" lcat="np" lemma="hij" naamval="nomin" num="sg" pdtype="pron" per="thi" persoon="3" pos="pron" postag="VNW(pers,pron,nomin,vol,3,ev,masc)" pt="vnw" rel="su" rnum="sg" root="hij" sense="hij" status="vol" vwtype="pers" wh="nwh" word="hij"/>
        <node begin="9" end="10" frame="verb(unacc,sg3,aux(inf))" his="normal" his_1="normal" id="14" infl="sg3" lcat="smain" lemma="blijven" pos="verb" postag="WW(pv,tgw,met-t)" pt="ww" pvagr="met-t" pvtijd="tgw" rel="hd" root="blijf" sc="aux(inf)" sense="blijf" stype="declarative" tense="present" word="blijft" wvorm="pv"/>
        <node begin="8" cat="inf" end="11" id="15" rel="vc">
          <node begin="8" end="9" id="16" index="1" rel="su"/>
          <node begin="10" buiging="zonder" end="11" frame="verb(hebben,inf,intransitive)" his="normal" his_1="normal" id="17" infl="inf" lcat="inf" lemma="zwijgen" pos="verb" positie="vrij" postag="WW(inf,vrij,zonder)" pt="ww" rel="hd" root="zwijg" sc="intransitive" sense="zwijg" word="zwijgen" wvorm="inf"/>
        </node>
      </node>
    </node>
  </node>
  <sentence sentid="1">Salah Abdeslam woensdag nog eens ondervraagd , maar hij blijft zwijgen</sentence>
  <comments>
    <comment>Q#1|Salah Abdeslam woensdag nog eens ondervraagd , maar hij blijft zwijgen|1|1|-0.3082673786700004</comment>
  </comments>
</alpino_ds>
