<?xml version="1.0" encoding="UTF-8"?>
<alpino_ds version="1.6">
  <parser cats="1" skips="0" />
  <node begin="0" cat="top" end="5" id="0" rel="top">
    <node begin="0" cat="pp" end="5" id="1" rel="--">
      <node begin="0" cat="np" end="2" id="2" rel="mod">
        <node begin="0" end="1" frame="number(hoofd(pl_num))" his="normal" his_1="decap" his_1_1="normal" id="3" infl="pl_num" lcat="detp" lemma="twee" naamval="stan" numtype="hoofd" pos="num" positie="prenom" postag="TW(hoofd,prenom,stan)" pt="tw" rel="det" root="twee" sense="twee" special="hoofd" word="Twee"/>
        <node begin="1" end="2" frame="tmp_noun(het,count,bare_meas)" gen="het" genus="onz" getal="ev" graad="basis" his="normal" his_1="normal" id="4" lcat="np" lemma="jaar" naamval="stan" ntype="soort" num="bare_meas" pos="noun" postag="N(soort,ev,basis,onz,stan)" pt="n" rel="hd" rnum="pl" root="jaar" sense="jaar" special="tmp" word="jaar"/>
      </node>
      <node begin="2" end="3" frame="preposition(na,[])" his="normal" his_1="normal" id="5" lcat="pp" lemma="na" pos="prep" postag="VZ(init)" pt="vz" rel="hd" root="na" sense="na" vztype="init" word="na"/>
      <node begin="3" cat="np" end="5" id="6" rel="obj1">
        <node begin="3" end="4" frame="noun(de,count,pl)" gen="de" getal="mv" graad="basis" his="normal" his_1="normal" id="7" lcat="np" lemma="aanslag" ntype="soort" num="pl" pos="noun" postag="N(soort,mv,basis)" pt="n" rel="hd" rnum="pl" root="aanslag" sense="aanslag" word="aanslagen"/>
        <node begin="4" end="5" frame="proper_name(sg,'LOC')" genus="onz" getal="ev" graad="basis" his="normal" his_1="names_dictionary" id="8" lcat="np" lemma="Parijs" naamval="stan" neclass="LOC" ntype="eigen" num="sg" pos="name" postag="N(eigen,ev,basis,onz,stan)" pt="n" rel="app" rnum="sg" root="Parijs" sense="Parijs" word="Parijs"/>
      </node>
    </node>
  </node>
  <sentence sentid="2">Twee jaar na aanslagen Parijs</sentence>
  <comments>
    <comment>Q#2|Twee jaar na aanslagen Parijs|1|1|-1.2284754557400006</comment>
  </comments>
</alpino_ds>
