<?xml version="1.0" encoding="UTF-8"?>
<alpino_ds version="1.6">
  <parser cats="1" skips="0" />
  <node begin="0" cat="top" end="26" id="0" rel="top">
    <node begin="16" end="17" frame="punct(komma)" his="normal" his_1="normal" id="1" lcat="punct" lemma="," pos="punct" postag="LET()" pt="let" rel="--" root="," sense="," special="komma" word=","/>
    <node begin="0" cat="du" end="25" id="2" rel="--">
      <node begin="0" cat="smain" end="16" id="3" rel="dp">
        <node begin="0" cat="mwu" end="2" his="name" his_1="begin" id="4" index="1" mwu_root="Salah Abdeslam" mwu_sense="Salah Abdeslam" rel="su">
          <node begin="0" end="1" frame="proper_name(sg,'PER')" id="5" lcat="np" lemma="Salah" neclass="PER" num="sg" pos="name" postag="SPEC(deeleigen)" pt="spec" rel="mwp" rnum="sg" root="Salah" sense="Salah" spectype="deeleigen" word="Salah"/>
          <node begin="1" end="2" frame="proper_name(sg,'PER')" id="6" lcat="np" lemma="Abdeslam" neclass="PER" num="sg" pos="name" postag="SPEC(deeleigen)" pt="spec" rel="mwp" rnum="sg" root="Abdeslam" sense="Abdeslam" spectype="deeleigen" word="Abdeslam"/>
        </node>
        <node begin="2" end="3" frame="verb(unacc,past(sg),passive)" his="normal" his_1="normal" id="7" infl="sg" lcat="smain" lemma="worden" pos="verb" postag="WW(pv,verl,ev)" pt="ww" pvagr="ev" pvtijd="verl" rel="hd" root="word" sc="passive" sense="word" stype="declarative" tense="past" word="werd" wvorm="pv"/>
        <node begin="0" cat="ppart" end="16" id="8" rel="vc">
          <node begin="0" end="2" id="9" index="1" rel="obj1"/>
          <node begin="3" end="4" frame="tmp_noun(de,count,sg)" gen="de" genus="zijd" getal="ev" graad="basis" his="normal" his_1="normal" id="10" lcat="np" lemma="woensdag" naamval="stan" ntype="eigen" num="sg" pos="noun" postag="N(eigen,ev,basis,zijd,stan)" pt="n" rel="mod" rnum="sg" root="woensdag" sense="woensdag" special="tmp" word="woensdag"/>
          <node begin="4" end="5" frame="adverb" his="normal" his_1="normal" id="11" lcat="advp" lemma="nog" pos="adv" postag="BW()" pt="bw" rel="mod" root="nog" sense="nog" word="nog"/>
          <node begin="5" end="6" frame="adverb" his="normal" his_1="normal" id="12" lcat="advp" lemma="maar" pos="adv" postag="BW()" pt="bw" rel="mod" root="maar" sense="maar" word="maar"/>
          <node begin="6" end="7" frame="tmp_adverb" his="normal" his_1="normal" id="13" lcat="advp" lemma="eens" pos="adv" postag="BW()" pt="bw" rel="mod" root="eens" sense="eens" special="tmp" word="eens"/>
          <node begin="7" buiging="zonder" end="8" frame="verb(hebben,psp,transitive)" his="normal" his_1="normal" id="14" infl="psp" lcat="ppart" lemma="ondervragen" pos="verb" positie="vrij" postag="WW(vd,vrij,zonder)" pt="ww" rel="hd" root="ondervraag" sc="transitive" sense="ondervraag" word="ondervraagd" wvorm="vd"/>
          <node begin="8" cat="pp" end="16" id="15" rel="mod">
            <node begin="8" end="9" frame="preposition(over,[heen])" his="normal" his_1="normal" id="16" lcat="pp" lemma="over" pos="prep" postag="VZ(init)" pt="vz" rel="hd" root="over" sense="over" vztype="init" word="over"/>
            <node begin="9" cat="np" end="16" id="17" rel="obj1">
              <node begin="9" buiging="zonder" end="10" frame="determiner(pron)" getal="ev" his="normal" his_1="normal" id="18" infl="pron" lcat="detp" lemma="zijn" naamval="stan" npagr="agr" pdtype="det" persoon="3" pos="det" positie="prenom" postag="VNW(bez,det,stan,vol,3,ev,prenom,zonder,agr)" pron="true" pt="vnw" rel="det" root="zijn" sense="zijn" status="vol" vwtype="bez" word="zijn"/>
              <node begin="10" end="11" frame="noun(de,mass,sg)" gen="de" genus="zijd" getal="ev" graad="basis" his="normal" his_1="normal" id="19" lcat="np" lemma="betrokkenheid" naamval="stan" ntype="soort" num="sg" pos="noun" postag="N(soort,ev,basis,zijd,stan)" pt="n" rel="hd" rnum="sg" root="betrokkenheid" sense="betrokkenheid" word="betrokkenheid"/>
              <node begin="11" cat="pp" end="16" id="20" rel="mod">
                <node begin="11" end="12" frame="preposition(bij,[vandaan])" his="normal" his_1="normal" id="21" lcat="pp" lemma="bij" pos="prep" postag="VZ(init)" pt="vz" rel="hd" root="bij" sense="bij" vztype="init" word="bij"/>
                <node begin="12" cat="np" end="16" id="22" rel="obj1">
                  <node begin="12" end="13" frame="determiner(de)" his="normal" his_1="normal" id="23" infl="de" lcat="detp" lemma="de" lwtype="bep" naamval="stan" npagr="rest" pos="det" postag="LID(bep,stan,rest)" pt="lid" rel="det" root="de" sense="de" word="de"/>
                  <node begin="13" end="14" frame="noun(de,count,pl)" gen="de" getal="mv" graad="basis" his="normal" his_1="normal" id="24" lcat="np" lemma="aanslag" ntype="soort" num="pl" pos="noun" postag="N(soort,mv,basis)" pt="n" rel="hd" rnum="pl" root="aanslag" sense="aanslag" word="aanslagen"/>
                  <node begin="14" cat="pp" end="16" id="25" rel="mod">
                    <node begin="14" end="15" frame="preposition(in,[])" his="normal" his_1="normal" id="26" lcat="pp" lemma="in" pos="prep" postag="VZ(init)" pt="vz" rel="hd" root="in" sense="in" vztype="init" word="in"/>
                    <node begin="15" end="16" frame="proper_name(sg,'LOC')" genus="onz" getal="ev" graad="basis" his="normal" his_1="names_dictionary" id="27" lcat="np" lemma="Parijs" naamval="stan" neclass="LOC" ntype="eigen" num="sg" pos="name" postag="N(eigen,ev,basis,onz,stan)" pt="n" rel="obj1" rnum="sg" root="Parijs" sense="Parijs" word="Parijs"/>
                  </node>
                </node>
              </node>
            </node>
          </node>
        </node>
      </node>
      <node begin="17" cat="du" end="25" id="28" rel="dp">
        <node begin="17" end="18" frame="tmp_adverb" his="normal" his_1="normal" id="29" lcat="advp" lemma="vandaag" pos="adv" postag="BW()" pt="bw" rel="dp" root="vandaag" sense="vandaag" special="tmp" word="vandaag"/>
        <node begin="18" cat="ap" end="25" id="30" rel="dp">
          <node aform="base" begin="18" buiging="zonder" end="19" frame="adjective(no_e(adv))" graad="basis" his="normal" his_1="normal" id="31" infl="no_e" lcat="ap" lemma="exact" pos="adj" positie="vrij" postag="ADJ(vrij,basis,zonder)" pt="adj" rel="mod" root="exact" sense="exact" vform="adj" word="exact"/>
          <node begin="19" cat="conj" end="24" id="32" rel="me">
            <node begin="19" cat="np" end="21" id="33" rel="cnj">
              <node begin="19" end="20" frame="number(hoofd(pl_num))" his="normal" his_1="normal" id="34" infl="pl_num" lcat="detp" lemma="twee" naamval="stan" numtype="hoofd" pos="num" positie="prenom" postag="TW(hoofd,prenom,stan)" pt="tw" rel="det" root="twee" sense="twee" special="hoofd" word="twee"/>
              <node begin="20" end="21" frame="tmp_noun(het,count,bare_meas)" gen="het" genus="onz" getal="ev" graad="basis" his="normal" his_1="normal" id="35" lcat="np" lemma="jaar" naamval="stan" ntype="soort" num="bare_meas" pos="noun" postag="N(soort,ev,basis,onz,stan)" pt="n" rel="hd" rnum="pl" root="jaar" sense="jaar" special="tmp" word="jaar"/>
            </node>
            <node begin="21" conjtype="neven" end="22" frame="conj(en)" his="normal" his_1="normal" id="36" lcat="vg" lemma="en" pos="vg" postag="VG(neven)" pt="vg" rel="crd" root="en" sense="en" word="en"/>
            <node begin="22" cat="np" end="24" id="37" rel="cnj">
              <node begin="22" end="23" frame="number(hoofd(pl_num))" his="normal" his_1="normal" id="38" infl="pl_num" lcat="detp" lemma="twee" naamval="stan" numtype="hoofd" pos="num" positie="prenom" postag="TW(hoofd,prenom,stan)" pt="tw" rel="det" root="twee" sense="twee" special="hoofd" word="twee"/>
              <node begin="23" end="24" frame="tmp_noun(de,count,pl)" gen="de" getal="mv" graad="basis" his="normal" his_1="normal" id="39" lcat="np" lemma="dag" ntype="soort" num="pl" pos="noun" postag="N(soort,mv,basis)" pt="n" rel="hd" rnum="pl" root="dag" sense="dag" special="tmp" word="dagen"/>
            </node>
          </node>
          <node begin="24" end="25" frame="pred_np_me_adjective(tmpadv)" his="normal" his_1="normal" id="40" lcat="ap" lemma="geleden" pos="adj" postag="BW()" pt="bw" rel="hd" root="geleden" sc="pred_np_me" sense="geleden" word="geleden"/>
        </node>
      </node>
    </node>
    <node begin="25" end="26" frame="punct(punt)" his="normal" his_1="normal" id="41" lcat="punct" lemma="." pos="punct" postag="LET()" pt="let" rel="--" root="." sense="." special="punt" word="."/>
  </node>
  <sentence sentid="3">Salah Abdeslam werd woensdag nog maar eens ondervraagd over zijn betrokkenheid bij de aanslagen in Parijs , vandaag exact twee jaar en twee dagen geleden .</sentence>
  <comments>
    <comment>Q#3|Salah Abdeslam werd woensdag nog maar eens ondervraagd over zijn betrokkenheid bij de aanslagen in Parijs , vandaag exact twee jaar en twee dagen geleden .|1|1|-9.862943558069992</comment>
  </comments>
</alpino_ds>
