<?xml version="1.0" encoding="UTF-8"?>
<alpino_ds version="1.6">
  <parser cats="1" skips="0" />
  <node begin="0" cat="top" end="23" id="0" rel="top">
    <node begin="15" end="16" frame="punct(komma)" his="normal" his_1="normal" id="1" lcat="punct" lemma="," pos="punct" postag="LET()" pt="let" rel="--" root="," sense="," special="komma" word=","/>
    <node begin="0" cat="conj" end="22" id="2" rel="--">
      <node begin="0" cat="smain" end="15" id="3" rel="cnj">
        <node begin="0" end="1" frame="het_noun" genus="onz" getal="ev" his="normal" his_1="decap" his_1_1="normal" id="4" lcat="np" lemma="het" naamval="stan" pdtype="pron" persoon="3" pos="noun" postag="VNW(pers,pron,stan,red,3,ev,onz)" pt="vnw" rel="sup" rnum="sg" root="het" sense="het" special="het" status="red" vwtype="pers" word="Het"/>
        <node begin="1" end="2" frame="verb(unacc,past(sg),sbar_subj_het)" his="normal" his_1="normal" id="5" infl="sg" lcat="smain" lemma="zijn" pos="verb" postag="WW(pv,verl,ev)" pt="ww" pvagr="ev" pvtijd="verl" rel="hd" root="ben" sc="sbar_subj_het" sense="ben" stype="declarative" tense="past" word="was" wvorm="pv"/>
        <node begin="2" cat="pp" end="6" id="6" rel="mod">
          <node begin="2" end="3" frame="preposition(voor,[aan,door,uit,[in,de,plaats]])" his="normal" his_1="normal" id="7" lcat="pp" lemma="voor" pos="prep" postag="VZ(init)" pt="vz" rel="hd" root="voor" sense="voor" vztype="init" word="voor"/>
          <node begin="3" cat="np" end="6" id="8" rel="obj1">
            <node begin="3" end="4" frame="determiner(de)" his="normal" his_1="normal" id="9" infl="de" lcat="detp" lemma="de" lwtype="bep" naamval="stan" npagr="rest" pos="det" postag="LID(bep,stan,rest)" pt="lid" rel="det" root="de" sense="de" word="de"/>
            <node begin="4" end="5" frame="number(rang)" his="normal" his_1="normal" id="10" lcat="ap" lemma="vijfde" naamval="stan" numtype="rang" pos="num" positie="prenom" postag="TW(rang,prenom,stan)" pt="tw" rel="mod" root="vijfde" sense="vijfde" special="rang" word="vijfde"/>
            <node begin="5" end="6" frame="tmp_noun(de,count,meas)" gen="de" genus="genus" getal="ev" graad="basis" his="normal" his_1="normal" id="11" lcat="np" lemma="keer" naamval="stan" ntype="soort" num="meas" pos="noun" postag="N(soort,ev,basis,genus,stan)" pt="n" rel="hd" rnum="sg" root="keer" sense="keer" special="tmp" word="keer"/>
          </node>
        </node>
        <node begin="6" cat="cp" end="15" id="12" rel="su">
          <node begin="6" conjtype="onder" end="7" frame="complementizer(dat)" his="normal" his_1="normal" id="13" lcat="cp" lemma="dat" pos="comp" postag="VG(onder)" pt="vg" rel="cmp" root="dat" sc="dat" sense="dat" word="dat"/>
          <node begin="7" cat="ssub" end="15" id="14" rel="body">
            <node begin="7" cat="np" end="10" id="15" rel="su">
              <node begin="7" end="8" frame="determiner(de)" his="normal" his_1="normal" id="16" infl="de" lcat="detp" lemma="de" lwtype="bep" naamval="stan" npagr="rest" pos="det" postag="LID(bep,stan,rest)" pt="lid" rel="det" root="de" sense="de" word="de"/>
              <node aform="base" begin="8" buiging="met-e" end="9" frame="adjective(e)" graad="basis" his="normal" his_1="normal" id="17" infl="e" lcat="ap" lemma="Frans" naamval="stan" pos="adj" positie="prenom" postag="ADJ(prenom,basis,met-e,stan)" pt="adj" rel="mod" root="Frans" sense="Frans" vform="adj" word="Franse"/>
              <node begin="9" end="10" frame="noun(de,count,pl)" gen="de" getal="mv" graad="basis" his="normal" his_1="normal" id="18" lcat="np" lemma="speurder" ntype="soort" num="pl" pos="noun" postag="N(soort,mv,basis)" pt="n" rel="hd" rnum="pl" root="speurder" sense="speurder" word="speurders"/>
            </node>
            <node begin="10" case="dat_acc" def="def" end="11" frame="pronoun(nwh,thi,sg,de,dat_acc,def)" gen="de" genus="masc" getal="ev" his="normal" his_1="normal" id="19" lcat="np" lemma="hem" naamval="obl" num="sg" pdtype="pron" per="thi" persoon="3" pos="pron" postag="VNW(pers,pron,obl,vol,3,ev,masc)" pt="vnw" rel="obj1" rnum="sg" root="hem" sense="hem" status="vol" vwtype="pers" wh="nwh" word="hem"/>
            <node begin="11" cat="mwu" end="14" his="normal" his_1="normal" id="20" mwu_root="aan de tand" mwu_sense="aan de tand" rel="svp">
              <node begin="11" end="12" frame="fixed_part([aan,de,tand])" id="21" lcat="fixed" lemma="aan" pos="fixed" postag="VZ(init)" pt="vz" rel="mwp" root="aan" sense="aan" vztype="init" word="aan"/>
              <node begin="12" end="13" frame="fixed_part([aan,de,tand])" id="22" lcat="fixed" lemma="de" lwtype="bep" naamval="stan" npagr="rest" pos="fixed" postag="LID(bep,stan,rest)" pt="lid" rel="mwp" root="de" sense="de" word="de"/>
              <node begin="13" end="14" frame="fixed_part([aan,de,tand])" genus="zijd" getal="ev" graad="basis" id="23" lcat="fixed" lemma="tand" naamval="stan" ntype="soort" pos="fixed" postag="N(soort,ev,basis,zijd,stan)" pt="n" rel="mwp" root="tand" sense="tand" word="tand"/>
            </node>
            <node begin="14" end="15" frame="verb(hebben,past(pl),fixed([[aan,de,tand],acc],norm_passive))" his="normal" his_1="normal" id="24" infl="pl" lcat="ssub" lemma="voelen" pos="verb" postag="WW(pv,verl,mv)" pt="ww" pvagr="mv" pvtijd="verl" rel="hd" root="voel" sc="fixed([[aan,de,tand],acc],norm_passive)" sense="aan-de-tand-voel" tense="past" word="voelden" wvorm="pv"/>
          </node>
        </node>
      </node>
      <node begin="16" conjtype="neven" end="17" frame="conj(maar)" his="normal" his_1="normal" id="25" lcat="vg" lemma="maar" pos="vg" postag="VG(neven)" pt="vg" rel="crd" root="maar" sense="maar" word="maar"/>
      <node begin="17" cat="smain" end="22" id="26" rel="cnj">
        <node begin="17" end="18" frame="proper_name(both,'LOC')" genus="onz" getal="ev" graad="basis" his="name" his_1="not_begin" id="27" index="1" lcat="np" lemma="Abdeslam" naamval="stan" neclass="LOC" ntype="eigen" num="both" pos="name" postag="N(eigen,ev,basis,onz,stan)" pt="n" rel="su" rnum="sg" root="Abdeslam" sense="Abdeslam" word="Abdeslam"/>
        <node begin="18" end="19" frame="verb(unacc,sg3,aux(inf))" his="normal" his_1="normal" id="28" infl="sg3" lcat="smain" lemma="blijven" pos="verb" postag="WW(pv,tgw,met-t)" pt="ww" pvagr="met-t" pvtijd="tgw" rel="hd" root="blijf" sc="aux(inf)" sense="blijf" stype="declarative" tense="present" word="blijft" wvorm="pv"/>
        <node begin="17" cat="inf" end="22" id="29" rel="vc">
          <node begin="17" end="18" id="30" index="1" rel="su"/>
          <node begin="19" cat="advp" end="21" id="31" rel="mod">
            <node begin="19" end="20" frame="modal_adverb" his="normal" his_1="normal" id="32" lcat="advp" lemma="nog" pos="adv" postag="BW()" pt="bw" rel="mod" root="nog" sc="modal" sense="nog" word="nog"/>
            <node begin="20" end="21" frame="sentence_adverb" his="normal" his_1="normal" id="33" lcat="advp" lemma="altijd" pos="adv" postag="BW()" pt="bw" rel="hd" root="altijd" sense="altijd" special="sentence" word="altijd"/>
          </node>
          <node begin="21" buiging="zonder" end="22" frame="verb(hebben,inf,intransitive)" his="normal" his_1="normal" id="34" infl="inf" lcat="inf" lemma="zwijgen" pos="verb" positie="vrij" postag="WW(inf,vrij,zonder)" pt="ww" rel="hd" root="zwijg" sc="intransitive" sense="zwijg" word="zwijgen" wvorm="inf"/>
        </node>
      </node>
    </node>
    <node begin="22" end="23" frame="punct(punt)" his="normal" his_1="normal" id="35" lcat="punct" lemma="." pos="punct" postag="LET()" pt="let" rel="--" root="." sense="." special="punt" word="."/>
  </node>
  <sentence sentid="4">Het was voor de vijfde keer dat de Franse speurders hem aan de tand voelden , maar Abdeslam blijft nog altijd zwijgen .</sentence>
  <comments>
    <comment>Q#4|Het was voor de vijfde keer dat de Franse speurders hem aan de tand voelden , maar Abdeslam blijft nog altijd zwijgen .|1|1|-13.349326021430004</comment>
  </comments>
</alpino_ds>
