{"meta": {"id": "MH-DMF20171115_03187622-VLM_Airlines_heeft_Belgische_vlieglicenties.tsv", "author": "eventdna_anno_1"}, "doc": {"token_string": "VLM Airlines heeft Belgische vlieglicenties beet ' Het binnenhalen van de twee AOC's is , na de comeback op de route Antwerpen-London City Airport eind vorige maand , een heel belangrijke mijlpaal voor VLM Airlines . ' Zo reageert de luchtvaartmaatschappij woensdag , nadat was bekend geraakt dat de federale overheidsdienst Mobiliteit de vlieglicentie ( AOC of air operator certificate ) voor de Fokker 50 heeft toegekend en de overname van de A320-licentie van Thomas Cook Airlines Belgium heeft goedgekeurd .", "token_ids": [0, 1, 2, 3, 4, 5, 6, 7, 8, 9, 10, 11, 12, 13, 14, 15, 16, 17, 18, 19, 20, 21, 22, 23, 24, 25, 26, 27, 28, 29, 30, 31, 32, 33, 34, 35, 36, 37, 38, 39, 40, 41, 42, 43, 44, 45, 46, 47, 48, 49, 50, 51, 52, 53, 54, 55, 56, 57, 58, 59, 60, 61, 62, 63, 64, 65, 66, 67, 68, 69, 70, 71, 72, 73, 74, 75, 76, 77, 78, 79, 80], "sentences": {"sentence_1": {"token_ids": [0, 1, 2, 3, 4, 5]}, "sentence_2": {"token_ids": [6, 7, 8, 9, 10, 11, 12, 13, 14, 15, 16, 17, 18, 19, 20, 21, 22, 23, 24, 25, 26, 27, 28, 29, 30, 31, 32, 33, 34, 35, 36]}, "sentence_3": {"token_ids": [37, 38, 39, 40, 41, 42, 43, 44, 45, 46, 47, 48, 49, 50, 51, 52, 53, 54, 55, 56, 57, 58, 59, 60, 61, 62, 63, 64, 65, 66, 67, 68, 69, 70, 71, 72, 73, 74, 75, 76, 77, 78, 79, 80]}}, "annotations": {"entities": {"entity_1": {"type": "entity", "string": "VLM Airlines", "features": {"type": "ORG", "span": [0, 1], "individuality": "INDIV", "mention_level_type": "NAM", "head": {"type": "entityHead", "string": "VLM Airlines", "features": {"span": [0, 1]}}}, "home_sentence": "sentence_1"}, "entity_2": {"type": "entity", "string": "Belgische vlieglicenties", "features": {"type": "MISC", "span": [3, 4], "individuality": "GROUP", "mention_level_type": "NOM", "head": {"type": "entityHead", "string": "vlieglicenties", "features": {"span": [4]}}}, "home_sentence": "sentence_1"}, "entity_3": {"type": "entity", "string": "Belgische", "features": {"type": "LOC", "span": [3], "individuality": "INDIV", "mention_level_type": "NAM", "head": {"type": "entityHead", "string": "Belgische", "features": {"span": [3]}}}, "home_sentence": "sentence_1"}, "entity_4": {"type": "entity", "string": "de twee AOC's", "features": {"type": "MISC", "span": [10, 11, 12], "individuality": "GROUP", "mention_level_type": "NOM", "head": {"type": "entityHead", "string": "AOC's", "features": {"span": [12]}}}, "home_sentence": "sentence_2"}, "entity_5": {"type": "entity", "string": "VLM Airlines", "features": {"type": "ORG", "span": [33, 34], "individuality": "INDIV", "mention_level_type": "NAM", "head": {"type": "entityHead", "string": "VLM Airlines", "features": {"span": [33, 34]}}}, "home_sentence": "sentence_2"}, "entity_6": {"type": "entity", "string": "de luchtvaartmaatschappij", "features": {"type": "ORG", "span": [39, 40], "individuality": "INDIV", "mention_level_type": "NOM", "head": {"type": "entityHead", "string": "luchtvaartmaatschappij", "features": {"span": [40]}}}, "home_sentence": "sentence_3"}, "entity_7": {"type": "entity", "string": "federale overheidsdienst Mobiliteit", "features": {"type": "ORG", "span": [49, 50, 51], "individuality": "INDIV", "mention_level_type": "NAM", "head": {"type": "entityHead", "string": "federale overheidsdienst Mobiliteit", "features": {"span": [49, 50, 51]}}}, "home_sentence": "sentence_3"}, "entity_8": {"type": "entity", "string": "de vlieglicentie ( AOC of air operator certificate ) voor de Fokker 50", "features": {"type": "MISC", "span": [52, 53, 54, 55, 56, 57, 58, 59, 60, 61, 62, 63, 64], "individuality": "INDIV", "mention_level_type": "NOM", "head": {"type": "entityHead", "string": "vlieglicentie", "features": {"span": [53]}}}, "home_sentence": "sentence_3"}, "entity_9": {"type": "entity", "string": "de A320-licentie van Thomas Cook Airlines Belgium", "features": {"type": "MISC", "span": [71, 72, 73, 74, 75, 76, 77], "individuality": "INDIV", "mention_level_type": "NOM", "head": {"type": "entityHead", "string": "A320-licentie", "features": {"span": [72]}}}, "home_sentence": "sentence_3"}, "entity_10": {"type": "entity", "string": "Belgium", "features": {"type": "LOC", "span": [77], "individuality": "INDIV", "mention_level_type": "NAM", "head": {"type": "entityHead", "string": "Belgium", "features": {"span": [77]}}}, "home_sentence": "sentence_3"}}, "events": {"event_1": {"annotation_type": "event", "string": "VLM Airlines heeft Belgische vlieglicenties beet", "features": {"span": [0, 1, 2, 3, 4, 5], "arguments": [{"string": "VLM Airlines", "features": {"span": [0, 1], "argument_entity_type": "ORG", "argument_role": "Recipient"}}, {"string": "Belgische vlieglicenties", "features": {"span": [3, 4], "argument_entity_type": "commodity", "argument_role": "Thing"}}], "type": "Transaction", "subtype": "TransferOwnership", "modality": "Asserted", "pos_neg": "Positive", "prominence": "Main", "tense": "Present"}, "home_sentence": "sentence_1"}, "event_2": {"annotation_type": "event", "string": "Het binnenhalen van de twee AOC's", "features": {"span": [7, 8, 9, 10, 11, 12], "arguments": [{"string": "de twee AOC's", "features": {"span": [10, 11, 12], "argument_entity_type": "commodity", "argument_role": "Thing"}}], "type": "Transaction", "subtype": "TransferOwnership", "modality": "Asserted", "pos_neg": "Positive", "prominence": "Main", "tense": "Unspecified"}, "home_sentence": "sentence_2"}, "event_3": {"annotation_type": "event", "string": "de comeback op de route Antwerpen-London City Airport eind vorige maand", "features": {"span": [16, 17, 18, 19, 20, 21, 22, 23, 24, 25, 26], "arguments": [{"string": "eind vorige maand", "features": {"span": [24, 25, 26], "argument_entity_type": "time", "argument_role": "Time"}}], "type": "Unknown", "subtype": "Unknown", "modality": "Asserted", "pos_neg": "Positive", "prominence": "Background", "tense": "Unspecified"}, "home_sentence": "sentence_2"}, "event_4": {"annotation_type": "event", "string": "reageert de luchtvaartmaatschappij", "features": {"span": [38, 39, 40], "arguments": [{"string": "luchtvaartmaatschappij", "features": {"span": [40], "argument_entity_type": "ORG", "argument_role": "Entity"}}], "type": "Contact", "subtype": "Contact", "modality": "Asserted", "pos_neg": "Positive", "prominence": "Background", "tense": "Past"}, "home_sentence": "sentence_3"}, "event_5": {"annotation_type": "event", "string": "de federale overheidsdienst Mobiliteit de vlieglicentie ( AOC of air operator certificate ) voor de Fokker 50 heeft toegekend en de overname van de A320-licentie van Thomas Cook Airlines Belgium heeft goedgekeurd .", "features": {"span": [48, 49, 50, 51, 52, 53, 54, 55, 56, 57, 58, 59, 60, 61, 62, 63, 64, 65, 66, 67, 68, 69, 70, 71, 72, 73, 74, 75, 76, 77, 78, 79, 80], "arguments": [{"string": "de federale overheidsdienst Mobiliteit", "features": {"span": [48, 49, 50, 51], "argument_entity_type": "ORG", "argument_role": "Giver"}}, {"string": "de A320-licentie van Thomas Cook Airlines Belgium", "features": {"span": [71, 72, 73, 74, 75, 76, 77], "argument_entity_type": "commodity", "argument_role": "Thing"}}, {"string": "de vlieglicentie ( AOC of air operator certificate ) voor de Fokker 50", "features": {"span": [52, 53, 54, 55, 56, 57, 58, 59, 60, 61, 62, 63, 64], "argument_entity_type": "commodity", "argument_role": "Thing"}}], "type": "Transaction", "subtype": "TransferOwnership", "modality": "Asserted", "pos_neg": "Positive", "prominence": "Main", "tense": "Past"}, "home_sentence": "sentence_3"}}, "coreference": {"entities": {"coref_bucket_1": ["entity_5", "entity_1", "entity_6"], "coref_bucket_2": ["entity_2", "entity_4"], "coref_bucket_3": ["entity_3", "entity_10"]}, "events": {"coref_bucket_4": ["event_1", "event_5", "event_2"]}}, "iptc_codes": {"certain": [[["medtop:20000338", "air transport"], ["medtop:20000337", "transport"], ["medtop:20000209", "economic sector"], ["medtop:04000000", "economy, business and finance"]], [["medtop:20000196", "commercial contract"], ["medtop:20000192", "strategy and marketing"], ["medtop:20000170", "business information"], ["medtop:04000000", "economy, business and finance"]]], "uncertain": []}}}}