{"meta": {"id": "MH-DMF20180417_03467257-Vrouwen_en_kinderen_met_ISbanden.tsv", "author": "eventdna_anno_2"}, "doc": {"token_string": "' Vrouwen en kinderen met IS-banden mishandeld in Iraakse kampen ' ONDERZOEK VAN AMNESTY INTERNATIONAL Vrouwen en kinderen die vermeende banden hebben met Islamitische Staat ( IS ) , kwijnen weg in Iraakse kampen en lopen een groot risico op seksueel geweld , stelt Amnesty International .", "token_ids": [0, 1, 2, 3, 4, 5, 6, 7, 8, 9, 10, 11, 12, 13, 14, 15, 16, 17, 18, 19, 20, 21, 22, 23, 24, 25, 26, 27, 28, 29, 30, 31, 32, 33, 34, 35, 36, 37, 38, 39, 40, 41, 42, 43, 44, 45, 46], "sentences": {"sentence_1": {"token_ids": [0, 1, 2, 3, 4, 5, 6, 7, 8, 9, 10]}, "sentence_2": {"token_ids": [11, 12, 13, 14]}, "sentence_3": {"token_ids": [15, 16, 17, 18, 19, 20, 21, 22, 23, 24, 25, 26, 27, 28, 29, 30, 31, 32, 33, 34, 35, 36, 37, 38, 39, 40, 41, 42, 43, 44, 45, 46]}}, "annotations": {"entities": {"entity_1": {"type": "entity", "string": "Vrouwen en kinderen met IS-banden", "features": {"type": "PER", "span": [1, 2, 3, 4, 5], "individuality": "GROUP", "mention_level_type": "NOM", "head": {"type": "entityHead", "string": "Vrouwen en kinderen", "features": {"span": [1, 2, 3]}}}, "home_sentence": "sentence_1"}, "entity_2": {"type": "entity", "string": "Iraakse kampen", "features": {"type": "LOC", "span": [8, 9], "individuality": "GROUP", "mention_level_type": "NOM", "head": {"type": "entityHead", "string": "kampen", "features": {"span": [9]}}}, "home_sentence": "sentence_1"}, "entity_3": {"type": "entity", "string": "Iraakse", "features": {"type": "LOC", "span": [8], "individuality": "INDIV", "mention_level_type": "NAM", "head": {"type": "entityHead", "string": "Iraakse", "features": {"span": [8]}}}, "home_sentence": "sentence_1"}, "entity_4": {"type": "entity", "string": "AMNESTY INTERNATIONAL", "features": {"type": "ORG", "span": [13, 14], "individuality": "INDIV", "mention_level_type": "NAM", "head": {"type": "entityHead", "string": "AMNESTY INTERNATIONAL", "features": {"span": [13, 14]}}}, "home_sentence": "sentence_2"}, "entity_5": {"type": "entity", "string": "Vrouwen en kinderen die vermeende banden hebben met Islamitische Staat", "features": {"type": "PER", "span": [15, 16, 17, 18, 19, 20, 21, 22, 23, 24], "individuality": "GROUP", "mention_level_type": "NOM", "head": {"type": "entityHead", "string": "Vrouwen en kinderen", "features": {"span": [15, 16, 17]}}}, "home_sentence": "sentence_3"}, "entity_6": {"type": "entity", "string": "Islamitische Staat", "features": {"type": "ORG", "span": [23, 24], "individuality": "INDIV", "mention_level_type": "NAM", "head": {"type": "entityHead", "string": "Islamitische Staat", "features": {"span": [23, 24]}}}, "home_sentence": "sentence_3"}, "entity_7": {"type": "entity", "string": "IS", "features": {"type": "ORG", "span": [26], "individuality": "INDIV", "mention_level_type": "NAM", "head": {"type": "entityHead", "string": "IS", "features": {"span": [26]}}}, "home_sentence": "sentence_3"}, "entity_8": {"type": "entity", "string": "Iraakse kampen", "features": {"type": "LOC", "span": [32, 33], "individuality": "GROUP", "mention_level_type": "NOM", "head": {"type": "entityHead", "string": "kampen", "features": {"span": [33]}}}, "home_sentence": "sentence_3"}, "entity_9": {"type": "entity", "string": "Iraakse", "features": {"type": "LOC", "span": [32], "individuality": "INDIV", "mention_level_type": "NAM", "head": {"type": "entityHead", "string": "Iraakse", "features": {"span": [32]}}}, "home_sentence": "sentence_3"}, "entity_10": {"type": "entity", "string": "Amnesty International", "features": {"type": "ORG", "span": [44, 45], "individuality": "INDIV", "mention_level_type": "NAM", "head": {"type": "entityHead", "string": "Amnesty International", "features": {"span": [44, 45]}}}, "home_sentence": "sentence_3"}}, "events": {"event_1": {"annotation_type": "event", "string": "Vrouwen en kinderen met IS-banden mishandeld in Iraakse kampen", "features": {"span": [1, 2, 3, 4, 5, 6, 7, 8, 9], "arguments": [{"string": "Iraakse kampen", "features": {"span": [8, 9], "argument_entity_type": "LOC", "argument_role": "Place"}}, {"string": "Vrouwen en kinderen met IS-banden", "features": {"span": [1, 2, 3, 4, 5], "argument_entity_type": "PER", "argument_role": "Target"}}], "type": "Conflict", "subtype": "Attack", "modality": "Asserted", "pos_neg": "Positive", "prominence": "Main", "tense": "Past"}, "home_sentence": "sentence_1"}, "event_2": {"annotation_type": "event", "string": "Vrouwen en kinderen met IS-banden mishandeld in Iraakse kampen", "features": {"span": [1, 2, 3, 4, 5, 6, 7, 8, 9], "arguments": [{"string": "Iraakse kampen", "features": {"span": [8, 9], "argument_entity_type": "LOC", "argument_role": "Place"}}, {"string": "Vrouwen en kinderen met IS-banden", "features": {"span": [1, 2, 3, 4, 5], "argument_entity_type": "PER", "argument_role": "Victim"}}], "type": "Life", "subtype": "Injure", "modality": "Asserted", "pos_neg": "Positive", "prominence": "Main", "tense": "Past"}, "home_sentence": "sentence_1"}, "event_3": {"annotation_type": "event", "string": "ONDERZOEK VAN AMNESTY INTERNATIONAL", "features": {"span": [11, 12, 13, 14], "arguments": [{"string": "AMNESTY INTERNATIONAL", "features": {"span": [13, 14], "argument_entity_type": "ORG", "argument_role": "Investigator"}}], "type": "Justice", "subtype": "Investigation", "modality": "Asserted", "pos_neg": "Positive", "prominence": "Background", "tense": "Unspecified"}, "home_sentence": "sentence_2"}, "event_4": {"annotation_type": "event", "string": "Vrouwen en kinderen die vermeende banden hebben met Islamitische Staat ( IS ) , kwijnen weg in Iraakse kampen en lopen een groot risico op seksueel geweld", "features": {"span": [15, 16, 17, 18, 19, 20, 21, 22, 23, 24, 25, 26, 27, 28, 29, 30, 31, 32, 33, 34, 35, 36, 37, 38, 39, 40, 41], "arguments": [{"string": "Iraakse kampen", "features": {"span": [32, 33], "argument_entity_type": "LOC", "argument_role": "Place"}}, {"string": "Vrouwen en kinderen die vermeende banden hebben met Islamitische Staat", "features": {"span": [15, 16, 17, 18, 19, 20, 21, 22, 23, 24], "argument_entity_type": "PER", "argument_role": "Victim"}}], "type": "Life", "subtype": "Injure", "modality": "Asserted", "pos_neg": "Positive", "prominence": "Main", "tense": "Present"}, "home_sentence": "sentence_3"}, "event_5": {"annotation_type": "event", "string": "Vrouwen en kinderen die vermeende banden hebben met Islamitische Staat ( IS ) , kwijnen weg in Iraakse kampen en lopen een groot risico op seksueel geweld", "features": {"span": [15, 16, 17, 18, 19, 20, 21, 22, 23, 24, 25, 26, 27, 28, 29, 30, 31, 32, 33, 34, 35, 36, 37, 38, 39, 40, 41], "arguments": [{"string": "Vrouwen en kinderen die vermeende banden hebben met Islamitische Staat", "features": {"span": [15, 16, 17, 18, 19, 20, 21, 22, 23, 24], "argument_entity_type": "PER", "argument_role": "Target"}}, {"string": "Iraakse kampen", "features": {"span": [32, 33], "argument_entity_type": "LOC", "argument_role": "Place"}}], "type": "Conflict", "subtype": "Attack", "modality": "Asserted", "pos_neg": "Positive", "prominence": "Main", "tense": "Present"}, "home_sentence": "sentence_3"}}, "coreference": {"entities": {"coref_bucket_1": ["entity_5", "entity_1"], "coref_bucket_2": ["entity_6", "entity_7"], "coref_bucket_3": ["entity_2", "entity_8"], "coref_bucket_4": ["entity_9", "entity_3"], "coref_bucket_5": ["entity_4", "entity_10"]}, "events": {"coref_bucket_6": ["event_4", "event_1", "event_2", "event_5"], "coref_bucket_7": ["event_4", "event_1", "event_2"], "coref_bucket_8": ["event_4", "event_1", "event_5"]}}, "iptc_codes": {"certain": [[["medtop:20000803", "abusive behaviour"], ["medtop:20000802", "social problem"], ["medtop:14000000", "society"]], [["medtop:20000790", "children"], ["medtop:20000788", "mankind"], ["medtop:14000000", "society"]], [["medtop:20000644", "international organisation"], ["medtop:20000638", "international relations"], ["medtop:11000000", "politics"]], [["medtop:20000592", "human rights"], ["medtop:20000587", "fundamental rights"], ["medtop:11000000", "politics"]]], "uncertain": []}}}}