<?xml version="1.0" encoding="UTF-8"?>
<alpino_ds version="1.6">
  <parser cats="1" skips="0" />
  <node begin="0" cat="top" end="10" id="0" rel="top">
    <node begin="0" cat="smain" end="10" id="1" rel="--">
      <node begin="0" end="1" frame="proper_name(sg,'PER')" genus="zijd" getal="ev" graad="basis" his="name" his_1="begin" id="2" lcat="np" lemma="Trump" naamval="stan" neclass="PER" ntype="eigen" num="sg" pos="name" postag="N(eigen,ev,basis,zijd,stan)" pt="n" rel="su" rnum="sg" root="Trump" sense="Trump" word="Trump"/>
      <node begin="1" end="2" frame="verb(hebben,sg3,part_transitive(aan))" his="normal" his_1="normal" id="3" infl="sg3" lcat="smain" lemma="aan_kondigen" pos="verb" postag="WW(pv,tgw,met-t)" pt="ww" pvagr="met-t" pvtijd="tgw" rel="hd" root="kondig_aan" sc="part_transitive(aan)" sense="kondig_aan" stype="declarative" tense="present" word="kondigt" wvorm="pv"/>
      <node begin="2" cat="np" end="9" id="4" rel="obj1">
        <node begin="2" end="3" frame="noun(de,count,pl)" gen="de" getal="mv" graad="basis" his="normal" his_1="normal" id="5" lcat="np" lemma="heffing" ntype="soort" num="pl" pos="noun" postag="N(soort,mv,basis)" pt="n" rel="hd" rnum="pl" root="heffing" sense="heffing" word="heffingen"/>
        <node begin="3" cat="pp" end="9" id="6" rel="mod">
          <node begin="3" end="4" frame="preposition(op,[af,na])" his="normal" his_1="normal" id="7" lcat="pp" lemma="op" pos="prep" postag="VZ(init)" pt="vz" rel="hd" root="op" sense="op" vztype="init" word="op"/>
          <node begin="4" cat="np" end="9" id="8" rel="obj1">
            <node begin="4" end="5" frame="noun(de,count,sg)" gen="de" genus="zijd" getal="ev" graad="basis" his="normal" his_1="normal" id="9" lcat="np" lemma="invoer" naamval="stan" ntype="soort" num="sg" pos="noun" postag="N(soort,ev,basis,zijd,stan)" pt="n" rel="hd" rnum="sg" root="invoer" sense="invoer" word="invoer"/>
            <node begin="5" cat="pp" end="9" id="10" rel="mod">
              <node begin="5" end="6" frame="preposition(van,[af,uit,vandaan,[af,aan]])" his="normal" his_1="normal" id="11" lcat="pp" lemma="van" pos="prep" postag="VZ(init)" pt="vz" rel="hd" root="van" sense="van" vztype="init" word="van"/>
              <node begin="6" cat="conj" end="9" id="12" rel="obj1">
                <node begin="6" end="7" frame="noun(both,count,sg)" gen="both" genus="zijd" getal="ev" graad="basis" his="normal" his_1="normal" id="13" lcat="np" lemma="staal" naamval="stan" ntype="soort" num="sg" pos="noun" postag="N(soort,ev,basis,zijd,stan)" pt="n" rel="cnj" rnum="sg" root="staal" sense="staal" word="staal"/>
                <node begin="7" conjtype="neven" end="8" frame="conj(en)" his="normal" his_1="normal" id="14" lcat="vg" lemma="en" pos="vg" postag="VG(neven)" pt="vg" rel="crd" root="en" sense="en" word="en"/>
                <node begin="8" end="9" frame="noun(het,mass,sg)" gen="het" genus="onz" getal="ev" graad="basis" his="normal" his_1="normal" id="15" lcat="np" lemma="aluminium" naamval="stan" ntype="soort" num="sg" pos="noun" postag="N(soort,ev,basis,onz,stan)" pt="n" rel="cnj" rnum="sg" root="aluminium" sense="aluminium" word="aluminium"/>
              </node>
            </node>
          </node>
        </node>
      </node>
      <node begin="9" end="10" frame="particle(aan)" his="normal" his_1="normal" id="16" lcat="part" lemma="aan" pos="part" postag="VZ(fin)" pt="vz" rel="svp" root="aan" sense="aan" vztype="fin" word="aan"/>
    </node>
  </node>
  <sentence sentid="1">Trump kondigt heffingen op invoer van staal en aluminium aan</sentence>
  <comments>
    <comment>Q#1|Trump kondigt heffingen op invoer van staal en aluminium aan|1|1|2.8766643178200106</comment>
  </comments>
</alpino_ds>
