<?xml version="1.0" encoding="UTF-8"?>
<alpino_ds version="1.6">
  <parser cats="1" skips="0" />
  <node begin="0" cat="top" end="20" id="0" rel="top">
    <node begin="0" cat="smain" end="19" id="1" rel="--">
      <node begin="0" cat="np" end="5" id="2" index="1" rel="su">
        <node begin="0" end="1" frame="determiner(de)" his="normal" his_1="decap" his_1_1="normal" id="3" infl="de" lcat="detp" lemma="de" lwtype="bep" naamval="stan" npagr="rest" pos="det" postag="LID(bep,stan,rest)" pt="lid" rel="det" root="de" sense="de" word="De"/>
        <node aform="base" begin="1" buiging="met-e" end="2" frame="adjective(e)" graad="basis" his="normal" his_1="normal" id="4" infl="e" lcat="ap" lemma="Amerikaans" naamval="stan" pos="adj" positie="prenom" postag="ADJ(prenom,basis,met-e,stan)" pt="adj" rel="mod" root="Amerikaans" sense="Amerikaans" vform="adj" word="Amerikaanse"/>
        <node begin="2" end="3" frame="noun(de,count,sg)" gen="de" genus="zijd" getal="ev" graad="basis" his="normal" his_1="normal" id="5" lcat="np" lemma="president" naamval="stan" ntype="soort" num="sg" pos="noun" postag="N(soort,ev,basis,zijd,stan)" pt="n" rel="hd" rnum="sg" root="president" sense="president" word="president"/>
        <node begin="3" cat="mwu" end="5" his="normal" his_1="names_dictionary" id="6" mwu_root="Donald Trump" mwu_sense="Donald Trump" rel="app">
          <node begin="3" end="4" frame="proper_name(sg,'PER')" id="7" lcat="np" lemma="Donald" neclass="PER" num="sg" pos="name" postag="SPEC(deeleigen)" pt="spec" rel="mwp" rnum="sg" root="Donald" sense="Donald" spectype="deeleigen" word="Donald"/>
          <node begin="4" end="5" frame="proper_name(sg,'PER')" id="8" lcat="np" lemma="Trump" neclass="PER" num="sg" pos="name" postag="SPEC(deeleigen)" pt="spec" rel="mwp" rnum="sg" root="Trump" sense="Trump" spectype="deeleigen" word="Trump"/>
        </node>
      </node>
      <node begin="5" end="6" frame="verb(hebben,sg_heeft,aux_psp_hebben)" his="normal" his_1="normal" id="9" infl="sg_heeft" lcat="smain" lemma="hebben" pos="verb" postag="WW(pv,tgw,met-t)" pt="ww" pvagr="met-t" pvtijd="tgw" rel="hd" root="heb" sc="aux_psp_hebben" sense="heb" stype="declarative" tense="present" word="heeft" wvorm="pv"/>
      <node begin="0" cat="ppart" end="19" id="10" rel="vc">
        <node begin="0" end="5" id="11" index="1" rel="su"/>
        <node begin="6" end="7" frame="tmp_noun(de,count,sg)" gen="de" genus="zijd" getal="ev" graad="basis" his="normal" his_1="normal" id="12" lcat="np" lemma="donderdag" naamval="stan" ntype="eigen" num="sg" pos="noun" postag="N(eigen,ev,basis,zijd,stan)" pt="n" rel="mod" rnum="sg" root="donderdag" sense="donderdag" special="tmp" word="donderdag"/>
        <node begin="7" buiging="zonder" end="8" frame="verb(hebben,psp,vp)" his="normal" his_1="normal" id="13" infl="psp" lcat="ppart" lemma="bevestigen" pos="verb" positie="vrij" postag="WW(vd,vrij,zonder)" pt="ww" rel="hd" root="bevestig" sc="vp" sense="bevestig" word="bevestigd" wvorm="vd"/>
        <node begin="0" cat="ti" end="19" id="14" rel="vc">
          <node begin="16" end="17" frame="complementizer(te)" his="normal" his_1="normal" id="15" lcat="ti" lemma="te" pos="comp" postag="VZ(init)" pt="vz" rel="cmp" root="te" sc="te" sense="te" vztype="init" word="te"/>
          <node begin="0" cat="inf" end="19" id="16" rel="body">
            <node begin="0" end="5" id="17" index="1" rel="su"/>
            <node begin="17" buiging="zonder" end="18" frame="verb(hebben,inf,aux(inf))" his="normal" his_1="normal" id="18" infl="inf" lcat="inf" lemma="zullen" pos="verb" positie="vrij" postag="WW(inf,vrij,zonder)" pt="ww" rel="hd" root="zal" sc="aux(inf)" sense="zal" word="zullen" wvorm="inf"/>
            <node begin="0" cat="inf" end="19" id="19" rel="vc">
              <node begin="0" end="5" id="20" index="1" rel="su"/>
              <node begin="8" end="9" frame="noun(de,count,pl)" gen="de" getal="mv" graad="basis" his="normal" his_1="normal" id="21" lcat="np" lemma="heffing" ntype="soort" num="pl" pos="noun" postag="N(soort,mv,basis)" pt="n" rel="obj1" rnum="pl" root="heffing" sense="heffing" word="heffingen"/>
              <node begin="9" cat="pp" end="16" id="22" rel="pc">
                <node begin="9" end="10" frame="preposition(op,[af,na])" his="normal" his_1="normal" id="23" lcat="pp" lemma="op" pos="prep" postag="VZ(init)" pt="vz" rel="hd" root="op" sense="op" vztype="init" word="op"/>
                <node begin="10" cat="np" end="16" id="24" rel="obj1">
                  <node begin="10" end="11" frame="determiner(de)" his="normal" his_1="normal" id="25" infl="de" lcat="detp" lemma="de" lwtype="bep" naamval="stan" npagr="rest" pos="det" postag="LID(bep,stan,rest)" pt="lid" rel="det" root="de" sense="de" word="de"/>
                  <node begin="11" end="12" frame="noun(de,count,sg)" gen="de" genus="zijd" getal="ev" graad="basis" his="normal" his_1="normal" id="26" lcat="np" lemma="invoer" naamval="stan" ntype="soort" num="sg" pos="noun" postag="N(soort,ev,basis,zijd,stan)" pt="n" rel="hd" rnum="sg" root="invoer" sense="invoer" word="invoer"/>
                  <node begin="12" cat="pp" end="16" id="27" rel="mod">
                    <node begin="12" end="13" frame="preposition(van,[af,uit,vandaan,[af,aan]])" his="normal" his_1="normal" id="28" lcat="pp" lemma="van" pos="prep" postag="VZ(init)" pt="vz" rel="hd" root="van" sense="van" vztype="init" word="van"/>
                    <node begin="13" cat="conj" end="16" id="29" rel="obj1">
                      <node begin="13" end="14" frame="noun(both,count,sg)" gen="both" genus="zijd" getal="ev" graad="basis" his="normal" his_1="normal" id="30" lcat="np" lemma="staal" naamval="stan" ntype="soort" num="sg" pos="noun" postag="N(soort,ev,basis,zijd,stan)" pt="n" rel="cnj" rnum="sg" root="staal" sense="staal" word="staal"/>
                      <node begin="14" conjtype="neven" end="15" frame="conj(en)" his="normal" his_1="normal" id="31" lcat="vg" lemma="en" pos="vg" postag="VG(neven)" pt="vg" rel="crd" root="en" sense="en" word="en"/>
                      <node begin="15" end="16" frame="noun(het,mass,sg)" gen="het" genus="onz" getal="ev" graad="basis" his="normal" his_1="normal" id="32" lcat="np" lemma="aluminium" naamval="stan" ntype="soort" num="sg" pos="noun" postag="N(soort,ev,basis,onz,stan)" pt="n" rel="cnj" rnum="sg" root="aluminium" sense="aluminium" word="aluminium"/>
                    </node>
                  </node>
                </node>
              </node>
              <node begin="18" buiging="zonder" end="19" frame="verb(hebben,inf,ninv(np_pc_pp(op),part_np_pc_pp(in,op)))" his="normal" his_1="part-V" id="33" infl="inf" lcat="inf" lemma="in_stellen" pos="verb" positie="vrij" postag="WW(inf,vrij,zonder)" pt="ww" rel="hd" root="stel_in" sc="part_np_pc_pp(in,op)" sense="stel_in-op" word="instellen" wvorm="inf"/>
            </node>
          </node>
        </node>
      </node>
    </node>
    <node begin="19" end="20" frame="punct(punt)" his="normal" his_1="normal" id="34" lcat="punct" lemma="." pos="punct" postag="LET()" pt="let" rel="--" root="." sense="." special="punt" word="."/>
  </node>
  <sentence sentid="2">De Amerikaanse president Donald Trump heeft donderdag bevestigd heffingen op de invoer van staal en aluminium te zullen instellen .</sentence>
  <comments>
    <comment>Q#2|De Amerikaanse president Donald Trump heeft donderdag bevestigd heffingen op de invoer van staal en aluminium te zullen instellen .|1|1|-7.449661872889992</comment>
  </comments>
</alpino_ds>
