<?xml version="1.0" encoding="UTF-8"?>
<alpino_ds version="1.6">
  <parser cats="1" skips="0" />
  <node begin="0" cat="top" end="11" id="0" rel="top">
    <node begin="0" cat="conj" end="10" id="1" rel="--">
      <node begin="0" cat="smain" end="6" id="2" rel="cnj">
        <node begin="0" cat="np" end="3" id="3" index="1" rel="su">
          <node begin="0" end="1" frame="determiner(de)" his="normal" his_1="decap" his_1_1="normal" id="4" infl="de" lcat="detp" lemma="de" lwtype="bep" naamval="stan" npagr="rest" pos="det" postag="LID(bep,stan,rest)" pt="lid" rel="det" root="de" sense="de" word="De"/>
          <node begin="1" cat="mwu" end="3" his="normal" his_1="names_dictionary" id="5" mwu_root="Europese Unie" mwu_sense="Europese Unie" rel="hd">
            <node begin="1" end="2" frame="proper_name(sg,'ORG')" id="6" lcat="np" lemma="Europese" neclass="ORG" num="sg" pos="name" postag="SPEC(deeleigen)" pt="spec" rel="mwp" rnum="sg" root="Europese" sense="Europese" spectype="deeleigen" word="Europese"/>
            <node begin="2" end="3" frame="proper_name(sg,'ORG')" id="7" lcat="np" lemma="Unie" neclass="ORG" num="sg" pos="name" postag="SPEC(deeleigen)" pt="spec" rel="mwp" rnum="sg" root="Unie" sense="Unie" spectype="deeleigen" word="Unie"/>
          </node>
        </node>
        <node begin="3" end="4" frame="verb(hebben,sg3,transitive)" his="normal" his_1="normal" id="8" infl="sg3" lcat="smain" lemma="betreuren" pos="verb" postag="WW(pv,tgw,met-t)" pt="ww" pvagr="met-t" pvtijd="tgw" rel="hd" root="betreur" sc="transitive" sense="betreur" tense="present" word="betreurt" wvorm="pv"/>
        <node begin="4" cat="np" end="6" id="9" rel="obj1">
          <node begin="4" end="5" frame="determiner(het,nwh,nmod,pro,nparg,wkpro)" his="normal" his_1="normal" id="10" infl="het" lcat="detp" lemma="het" lwtype="bep" naamval="stan" npagr="evon" pos="det" postag="LID(bep,stan,evon)" pt="lid" rel="det" root="het" sense="het" wh="nwh" word="het"/>
          <node begin="5" end="6" frame="noun(het,mass,sg)" gen="het" genus="onz" getal="ev" graad="basis" his="normal" his_1="normal" id="11" lcat="np" lemma="nieuws" naamval="stan" ntype="soort" num="sg" pos="noun" postag="N(soort,ev,basis,onz,stan)" pt="n" rel="hd" rnum="sg" root="nieuws" sense="nieuws" word="nieuws"/>
        </node>
      </node>
      <node begin="6" conjtype="neven" end="7" frame="conj(en)" his="normal" his_1="normal" id="12" lcat="vg" lemma="en" pos="vg" postag="VG(neven)" pt="vg" rel="crd" root="en" sense="en" word="en"/>
      <node begin="0" cat="smain" end="10" id="13" rel="cnj">
        <node begin="0" end="3" id="14" index="1" rel="su"/>
        <node begin="7" end="8" frame="verb(hebben,sg3,part_transitive(aan))" his="normal" his_1="normal" id="15" infl="sg3" lcat="smain" lemma="aan_kondigen" pos="verb" postag="WW(pv,tgw,met-t)" pt="ww" pvagr="met-t" pvtijd="tgw" rel="hd" root="kondig_aan" sc="part_transitive(aan)" sense="kondig_aan" tense="present" word="kondigt" wvorm="pv"/>
        <node begin="8" end="9" frame="noun(de,count,pl)" gen="de" getal="mv" graad="basis" his="normal" his_1="normal" id="16" lcat="np" lemma="tegen_maatregel" ntype="soort" num="pl" pos="noun" postag="N(soort,mv,basis)" pt="n" rel="obj1" rnum="pl" root="tegen_maatregel" sense="tegen_maatregel" word="tegenmaatregelen"/>
        <node begin="9" end="10" frame="particle(aan)" his="normal" his_1="normal" id="17" lcat="part" lemma="aan" pos="part" postag="VZ(fin)" pt="vz" rel="svp" root="aan" sense="aan" vztype="fin" word="aan"/>
      </node>
    </node>
    <node begin="10" end="11" frame="punct(punt)" his="normal" his_1="normal" id="18" lcat="punct" lemma="." pos="punct" postag="LET()" pt="let" rel="--" root="." sense="." special="punt" word="."/>
  </node>
  <sentence sentid="3">De Europese Unie betreurt het nieuws en kondigt tegenmaatregelen aan .</sentence>
  <comments>
    <comment>Q#3|De Europese Unie betreurt het nieuws en kondigt tegenmaatregelen aan .|1|1|1.0911921274500034</comment>
  </comments>
</alpino_ds>
