<?xml version="1.0" encoding="UTF-8"?>
<alpino_ds version="1.6">
  <parser cats="1" skips="0" />
  <node begin="0" cat="top" end="12" id="0" rel="top">
    <node begin="9" end="10" frame="punct(komma)" his="normal" his_1="normal" id="1" lcat="punct" lemma="," pos="punct" postag="LET()" pt="let" rel="--" root="," sense="," special="komma" word=","/>
    <node begin="0" cat="smain" end="12" id="2" rel="--">
      <node begin="0" end="1" frame="proper_name(sg,'ORG')" genus="zijd" getal="ev" graad="basis" his="normal" his_1="names_dictionary" id="3" lcat="np" lemma="Colruyt" naamval="stan" neclass="ORG" ntype="eigen" num="sg" pos="name" postag="N(eigen,ev,basis,zijd,stan)" pt="n" rel="su" rnum="sg" root="Colruyt" sense="Colruyt" word="Colruyt"/>
      <node begin="1" end="2" frame="verb(hebben,sg3,np_ld_pp)" his="normal" his_1="normal" id="4" infl="sg3" lcat="smain" lemma="halen" pos="verb" postag="WW(pv,tgw,met-t)" pt="ww" pvagr="met-t" pvtijd="tgw" rel="hd" root="haal" sc="np_ld_pp" sense="haal" stype="declarative" tense="present" word="haalt" wvorm="pv"/>
      <node begin="2" cat="np" end="4" id="5" rel="obj1">
        <node aform="base" begin="2" buiging="met-e" end="3" frame="adjective(e)" graad="basis" his="normal" his_1="normal" id="6" infl="e" lcat="ap" lemma="Spaans" naamval="stan" pos="adj" positie="prenom" postag="ADJ(prenom,basis,met-e,stan)" pt="adj" rel="mod" root="Spaans" sense="Spaans" vform="adj" word="Spaanse"/>
        <node begin="3" end="4" frame="noun(de,count,sg)" gen="de" genus="zijd" getal="ev" graad="basis" his="normal" his_1="normal" id="7" lcat="np" lemma="worst" naamval="stan" ntype="soort" num="sg" pos="noun" postag="N(soort,ev,basis,zijd,stan)" pt="n" rel="hd" rnum="sg" root="worst" sense="worst" word="worst"/>
      </node>
      <node begin="4" cat="pp" end="7" id="8" rel="ld">
        <node begin="4" end="5" frame="preposition(uit,[vandaan])" his="normal" his_1="normal" id="9" lcat="pp" lemma="uit" pos="prep" postag="VZ(init)" pt="vz" rel="hd" root="uit" sense="uit" vztype="init" word="uit"/>
        <node begin="5" cat="np" end="7" id="10" rel="obj1">
          <node begin="5" end="6" frame="determiner(de)" his="normal" his_1="normal" id="11" infl="de" lcat="detp" lemma="de" lwtype="bep" naamval="stan" npagr="rest" pos="det" postag="LID(bep,stan,rest)" pt="lid" rel="det" root="de" sense="de" word="de"/>
          <node begin="6" end="7" frame="noun(het,count,pl)" gen="het" getal="mv" graad="basis" his="normal" his_1="normal" id="12" lcat="np" lemma="rek" ntype="soort" num="pl" pos="noun" postag="N(soort,mv,basis)" pt="n" rel="hd" rnum="pl" root="rek" sense="rek" word="rekken"/>
        </node>
      </node>
      <node begin="7" cat="pp" end="11" id="13" rel="mod">
        <node begin="7" end="8" frame="preposition(na,[])" his="normal" his_1="normal" id="14" lcat="pp" lemma="na" pos="prep" postag="VZ(init)" pt="vz" rel="hd" root="na" sense="na" vztype="init" word="na"/>
        <node begin="8" cat="np" end="11" id="15" rel="obj1">
          <node begin="8" end="9" frame="noun(het,count,pl)" gen="het" getal="mv" graad="basis" his="compound" his_1="2" id="16" lcat="np" lemma="horror_beeld" ntype="soort" num="pl" pos="noun" postag="N(soort,mv,basis)" pt="n" rel="hd" rnum="pl" root="horror_beeld" sense="horror_beeld" word="horrorbeelden"/>
          <node begin="10" end="11" frame="proper_name(sg,'ORG')" genus="zijd" getal="ev" graad="basis" his="normal" his_1="names_dictionary" id="17" lcat="np" lemma="Delhaize" naamval="stan" neclass="ORG" ntype="eigen" num="sg" pos="name" postag="N(eigen,ev,basis,zijd,stan)" pt="n" rel="app" rnum="sg" root="Delhaize" sense="Delhaize" word="Delhaize"/>
        </node>
      </node>
      <node begin="11" end="12" frame="adverb" his="normal" his_1="normal" id="18" lcat="advp" lemma="niet" pos="adv" postag="BW()" pt="bw" rel="mod" root="niet" sense="niet" word="niet"/>
    </node>
  </node>
  <sentence sentid="1">Colruyt haalt Spaanse worst uit de rekken na horrorbeelden , Delhaize niet</sentence>
  <comments>
    <comment>Q#1|Colruyt haalt Spaanse worst uit de rekken na horrorbeelden , Delhaize niet|1|1|-2.245091959059995</comment>
  </comments>
</alpino_ds>
