<?xml version="1.0" encoding="UTF-8"?>
<alpino_ds version="1.6">
  <parser cats="1" skips="0" />
  <node begin="0" cat="top" end="3" his="name" his_1="begin" id="0" rel="top">
    <node begin="0" cat="mwu" end="3" his="name" his_1="begin" id="1" mwu_root="Alhama de Murcia" mwu_sense="Alhama de Murcia" rel="--">
      <node begin="0" end="1" frame="proper_name(sg,'PER')" id="2" lcat="np" lemma="Alhama" neclass="PER" num="sg" pos="name" postag="SPEC(deeleigen)" pt="spec" rel="mwp" rnum="sg" root="Alhama" sense="Alhama" spectype="deeleigen" word="Alhama"/>
      <node begin="1" end="2" frame="proper_name(sg,'PER')" id="3" lcat="np" lemma="de" neclass="PER" num="sg" pos="name" postag="SPEC(deeleigen)" pt="spec" rel="mwp" rnum="sg" root="de" sense="de" spectype="deeleigen" word="de"/>
      <node begin="2" end="3" frame="proper_name(sg,'PER')" id="4" lcat="np" lemma="Murcia" neclass="PER" num="sg" pos="name" postag="SPEC(deeleigen)" pt="spec" rel="mwp" rnum="sg" root="Murcia" sense="Murcia" spectype="deeleigen" word="Murcia"/>
    </node>
  </node>
  <sentence sentid="2">Alhama de Murcia</sentence>
  <comments>
    <comment>Q#2|Alhama de Murcia|1|1|0.740842</comment>
  </comments>
</alpino_ds>
