<?xml version="1.0" encoding="UTF-8"?>
<alpino_ds version="1.6">
  <parser cats="1" skips="0" />
  <node begin="0" cat="top" end="23" id="0" rel="top">
    <node begin="0" cat="smain" end="22" id="1" rel="--">
      <node begin="7" end="8" frame="verb(hebben,sg_heeft,aux_psp_hebben)" his="normal" his_1="normal" id="2" infl="sg_heeft" lcat="smain" lemma="hebben" pos="verb" postag="WW(pv,tgw,met-t)" pt="ww" pvagr="met-t" pvtijd="tgw" rel="hd" root="heb" sc="aux_psp_hebben" sense="heb" stype="declarative" tense="present" word="heeft" wvorm="pv"/>
      <node begin="8" cat="np" end="10" id="3" index="1" rel="su">
        <node begin="8" end="9" frame="noun(de,count,sg)" gen="de" genus="zijd" getal="ev" graad="basis" his="compound" his_1="2" id="4" lcat="np" lemma="warenhuis_keten" naamval="stan" ntype="soort" num="sg" pos="noun" postag="N(soort,ev,basis,zijd,stan)" pt="n" rel="hd" rnum="sg" root="warenhuis_keten" sense="warenhuis_keten" word="warenhuisketen"/>
        <node begin="9" end="10" frame="proper_name(sg,'ORG')" genus="zijd" getal="ev" graad="basis" his="normal" his_1="names_dictionary" id="5" lcat="np" lemma="Colruyt" naamval="stan" neclass="ORG" ntype="eigen" num="sg" pos="name" postag="N(eigen,ev,basis,zijd,stan)" pt="n" rel="app" rnum="sg" root="Colruyt" sense="Colruyt" word="Colruyt"/>
      </node>
      <node begin="0" cat="ppart" end="22" id="6" rel="vc">
        <node begin="0" cat="pp" end="7" id="7" rel="mod">
          <node begin="0" end="1" frame="preposition(na,[])" his="normal" his_1="decap" his_1_1="normal" id="8" lcat="pp" lemma="na" pos="prep" postag="VZ(init)" pt="vz" rel="hd" root="na" sense="na" vztype="init" word="Na"/>
          <node begin="1" cat="np" end="7" id="9" rel="obj1">
            <node begin="1" end="2" frame="determiner(een)" his="normal" his_1="normal" id="10" infl="een" lcat="detp" lemma="een" lwtype="onbep" naamval="stan" npagr="agr" pos="det" postag="LID(onbep,stan,agr)" pt="lid" rel="det" root="een" sense="een" word="een"/>
            <node begin="2" end="3" frame="noun(de,count,sg)" gen="de" genus="zijd" getal="ev" graad="basis" his="normal" his_1="normal" id="11" lcat="np" lemma="oproep" naamval="stan" ntype="soort" num="sg" pos="noun" postag="N(soort,ev,basis,zijd,stan)" pt="n" rel="hd" rnum="sg" root="oproep" sense="oproep" word="oproep"/>
            <node begin="3" cat="pp" end="7" id="12" rel="mod">
              <node begin="3" end="4" frame="preposition(van,[af,uit,vandaan,[af,aan]])" his="normal" his_1="normal" id="13" lcat="pp" lemma="van" pos="prep" postag="VZ(init)" pt="vz" rel="hd" root="van" sense="van" vztype="init" word="van"/>
              <node begin="4" cat="np" end="7" id="14" rel="obj1">
                <node begin="4" end="5" frame="noun(de,count,sg)" gen="de" genus="zijd" getal="ev" graad="basis" his="normal" his_1="normal" id="15" lcat="np" lemma="actie_groep" naamval="stan" ntype="soort" num="sg" pos="noun" postag="N(soort,ev,basis,zijd,stan)" pt="n" rel="hd" rnum="sg" root="actie_groep" sense="actie_groep" word="actiegroep"/>
                <node begin="5" cat="mwu" end="7" his="name" his_1="not_begin" id="16" mwu_root="Animal Rights" mwu_sense="Animal Rights" rel="app">
                  <node begin="5" end="6" frame="proper_name(both,'ORG')" id="17" lcat="np" lemma="Animal" neclass="ORG" num="both" pos="name" postag="SPEC(deeleigen)" pt="spec" rel="mwp" root="Animal" sense="Animal" spectype="deeleigen" word="Animal"/>
                  <node begin="6" end="7" frame="proper_name(both,'ORG')" id="18" lcat="np" lemma="Rights" neclass="ORG" num="both" pos="name" postag="SPEC(deeleigen)" pt="spec" rel="mwp" root="Rights" sense="Rights" spectype="deeleigen" word="Rights"/>
                </node>
              </node>
            </node>
          </node>
        </node>
        <node begin="8" end="10" id="19" index="1" rel="su"/>
        <node begin="10" buiging="zonder" end="11" frame="verb(hebben,psp,vp)" his="normal" his_1="normal" id="20" infl="psp" lcat="ppart" lemma="beslissen" pos="verb" positie="vrij" postag="WW(vd,vrij,zonder)" pt="ww" rel="hd" root="beslis" sc="vp" sense="beslis" word="beslist" wvorm="vd"/>
        <node begin="8" cat="ti" end="22" id="21" rel="vc">
          <node begin="14" end="15" frame="complementizer(te)" his="normal" his_1="normal" id="22" lcat="ti" lemma="te" pos="comp" postag="VZ(init)" pt="vz" rel="cmp" root="te" sc="te" sense="te" vztype="init" word="te"/>
          <node begin="8" cat="inf" end="22" id="23" rel="body">
            <node begin="8" end="10" id="24" index="1" rel="su"/>
            <node begin="11" cat="advp" end="13" his="normal" his_1="normal" id="25" rel="mod">
              <node begin="11" end="12" frame="adverb" id="26" lcat="advp" lemma="niet" pos="adv" postag="BW()" pt="bw" rel="hd" root="niet" sense="niet" word="niet"/>
              <node aform="compar" begin="12" buiging="zonder" end="13" frame="adjective(er(tmpadv))" graad="comp" id="27" infl="no_e" lcat="ap" lemma="langer" pos="adj" positie="vrij" postag="ADJ(vrij,comp,zonder)" pt="adj" rel="mod" root="langer" sense="langer" vform="adj" word="langer"/>
            </node>
            <node begin="15" buiging="zonder" end="16" frame="verb(hebben,inf,transitive)" his="normal" his_1="normal" id="28" infl="inf" lcat="inf" lemma="verkopen" pos="verb" positie="vrij" postag="WW(inf,vrij,zonder)" pt="ww" rel="hd" root="verkoop" sc="transitive" sense="verkoop" word="verkopen" wvorm="inf"/>
            <node begin="13" cat="np" end="22" id="29" rel="obj1">
              <node begin="13" end="14" frame="noun(both,both,both)" gen="both" genus="zijd" getal="ev" graad="basis" his="noun" id="30" lcat="np" lemma="salami" naamval="stan" ntype="soort" num="both" pos="noun" postag="N(soort,ev,basis,zijd,stan)" pt="n" rel="hd" rnum="sg" root="salami" sense="salami" word="salami"/>
              <node begin="16" cat="pp" end="22" id="31" rel="mod">
                <node begin="16" end="17" frame="preposition(van,[af,uit,vandaan,[af,aan]])" his="normal" his_1="normal" id="32" lcat="pp" lemma="van" pos="prep" postag="VZ(init)" pt="vz" rel="hd" root="van" sense="van" vztype="init" word="van"/>
                <node begin="17" cat="np" end="22" id="33" rel="obj1">
                  <node begin="17" end="18" frame="determiner(het,nwh,nmod,pro,nparg,wkpro)" his="normal" his_1="normal" id="34" infl="het" lcat="detp" lemma="het" lwtype="bep" naamval="stan" npagr="evon" pos="det" postag="LID(bep,stan,evon)" pt="lid" rel="det" root="het" sense="het" wh="nwh" word="het"/>
                  <node aform="base" begin="18" buiging="met-e" end="19" frame="adjective(e)" graad="basis" his="normal" his_1="normal" id="35" infl="e" lcat="ap" lemma="Spaans" naamval="stan" pos="adj" positie="prenom" postag="ADJ(prenom,basis,met-e,stan)" pt="adj" rel="mod" root="Spaans" sense="Spaans" vform="adj" word="Spaanse"/>
                  <node begin="19" end="20" frame="noun(het,count,sg)" gen="het" genus="onz" getal="ev" graad="basis" his="normal" his_1="normal" id="36" lcat="np" lemma="merk" naamval="stan" ntype="soort" num="sg" pos="noun" postag="N(soort,ev,basis,onz,stan)" pt="n" rel="hd" rnum="sg" root="merk" sense="merk" word="merk"/>
                  <node begin="20" cat="mwu" end="22" his="name" his_1="not_begin" id="37" mwu_root="El Pozo" mwu_sense="El Pozo" rel="app">
                    <node begin="20" end="21" frame="proper_name(both,'ORG')" id="38" lcat="np" lemma="El" neclass="ORG" num="both" pos="name" postag="SPEC(deeleigen)" pt="spec" rel="mwp" root="El" sense="El" spectype="deeleigen" word="El"/>
                    <node begin="21" end="22" frame="proper_name(both,'ORG')" id="39" lcat="np" lemma="Pozo" neclass="ORG" num="both" pos="name" postag="SPEC(deeleigen)" pt="spec" rel="mwp" root="Pozo" sense="Pozo" spectype="deeleigen" word="Pozo"/>
                  </node>
                </node>
              </node>
            </node>
          </node>
        </node>
      </node>
    </node>
    <node begin="22" end="23" frame="punct(punt)" his="normal" his_1="normal" id="40" lcat="punct" lemma="." pos="punct" postag="LET()" pt="let" rel="--" root="." sense="." special="punt" word="."/>
  </node>
  <sentence sentid="3">Na een oproep van actiegroep Animal Rights heeft warenhuisketen Colruyt beslist niet langer salami te verkopen van het Spaanse merk El Pozo .</sentence>
  <comments>
    <comment>Q#3|Na een oproep van actiegroep Animal Rights heeft warenhuisketen Colruyt beslist niet langer salami te verkopen van het Spaanse merk El Pozo .|1|1|-6.869449653100002</comment>
  </comments>
</alpino_ds>
