<?xml version="1.0" encoding="UTF-8"?>
<alpino_ds version="1.6">
  <parser cats="1" skips="0" />
  <node begin="0" cat="top" end="10" id="0" rel="top">
    <node begin="0" cat="smain" end="9" id="1" rel="--">
      <node begin="0" end="1" frame="proper_name(sg,'ORG')" genus="zijd" getal="ev" graad="basis" his="normal" his_1="names_dictionary" id="2" lcat="np" lemma="Delhaize" naamval="stan" neclass="ORG" ntype="eigen" num="sg" pos="name" postag="N(eigen,ev,basis,zijd,stan)" pt="n" rel="su" rnum="sg" root="Delhaize" sense="Delhaize" word="Delhaize"/>
      <node begin="1" end="2" frame="verb(hebben,sg,aci)" his="normal" his_1="normal" id="3" infl="sg" lcat="smain" lemma="laten" pos="verb" postag="WW(pv,tgw,ev)" pt="ww" pvagr="ev" pvtijd="tgw" rel="hd" root="laat" sc="aci" sense="laat" stype="declarative" tense="present" word="laat" wvorm="pv"/>
      <node begin="2" cat="np" end="4" id="4" index="1" rel="obj1">
        <node begin="2" end="3" frame="determiner(de)" his="normal" his_1="normal" id="5" infl="de" lcat="detp" lemma="de" lwtype="bep" naamval="stan" npagr="rest" pos="det" postag="LID(bep,stan,rest)" pt="lid" rel="det" root="de" sense="de" word="de"/>
        <node begin="3" end="4" frame="noun(het,count,pl)" gen="het" getal="mv" graad="basis" his="normal" his_1="normal" id="6" lcat="np" lemma="product" ntype="soort" num="pl" pos="noun" postag="N(soort,mv,basis)" pt="n" rel="hd" rnum="pl" root="product" sense="product" word="producten"/>
      </node>
      <node begin="2" cat="inf" end="9" id="7" rel="vc">
        <node begin="2" end="4" id="8" index="1" rel="su"/>
        <node aform="base" begin="4" end="5" frame="adjective(pred(adv))" his="normal" his_1="normal" id="9" infl="pred" lcat="ap" lemma="wel" pos="adj" postag="BW()" pt="bw" rel="mod" root="wel" sense="wel" vform="adj" word="wel"/>
        <node begin="5" cat="pp" end="8" id="10" rel="ld">
          <node begin="5" end="6" frame="preposition(in,[])" his="normal" his_1="normal" id="11" lcat="pp" lemma="in" pos="prep" postag="VZ(init)" pt="vz" rel="hd" root="in" sense="in" vztype="init" word="in"/>
          <node begin="6" cat="np" end="8" id="12" rel="obj1">
            <node begin="6" buiging="zonder" end="7" frame="determiner(pron)" getal="mv" his="normal" his_1="normal" id="13" infl="pron" lcat="detp" lemma="hun" naamval="stan" npagr="agr" pdtype="det" persoon="3" pos="det" positie="prenom" postag="VNW(bez,det,stan,vol,3,mv,prenom,zonder,agr)" pron="true" pt="vnw" rel="det" root="hun" sense="hun" status="vol" vwtype="bez" word="hun"/>
            <node begin="7" end="8" frame="noun(het,count,pl)" gen="het" getal="mv" graad="basis" his="normal" his_1="normal" id="14" lcat="np" lemma="schap" ntype="soort" num="pl" pos="noun" postag="N(soort,mv,basis)" pt="n" rel="hd" rnum="pl" root="schap" sense="schap" word="schappen"/>
          </node>
        </node>
        <node begin="8" buiging="zonder" end="9" frame="verb('hebben/zijn',inf,ld_pp)" his="normal" his_1="normal" id="15" infl="inf" lcat="inf" lemma="liggen" pos="verb" positie="vrij" postag="WW(inf,vrij,zonder)" pt="ww" rel="hd" root="lig" sc="ld_pp" sense="lig" word="liggen" wvorm="inf"/>
      </node>
    </node>
    <node begin="9" end="10" frame="punct(punt)" his="normal" his_1="normal" id="16" lcat="punct" lemma="." pos="punct" postag="LET()" pt="let" rel="--" root="." sense="." special="punt" word="."/>
  </node>
  <sentence sentid="4">Delhaize laat de producten wel in hun schappen liggen .</sentence>
  <comments>
    <comment>Q#4|Delhaize laat de producten wel in hun schappen liggen .|1|1|-4.783911396540001</comment>
  </comments>
</alpino_ds>
