<?xml version="1.0" encoding="UTF-8"?>
<alpino_ds version="1.6">
  <parser cats="1" skips="0" />
  <node begin="0" cat="top" end="20" id="0" rel="top">
    <node begin="0" cat="smain" end="19" id="1" rel="--">
      <node begin="7" end="8" frame="verb(unacc,pl,passive)" his="normal" his_1="normal" id="2" infl="pl" lcat="smain" lemma="zijn" pos="verb" postag="WW(pv,tgw,mv)" pt="ww" pvagr="mv" pvtijd="tgw" rel="hd" root="ben" sc="passive" sense="ben" stype="declarative" tense="present" word="zijn" wvorm="pv"/>
      <node begin="0" cat="ppart" end="19" id="3" rel="vc">
        <node begin="0" cat="pp" end="7" id="4" rel="mod">
          <node begin="0" end="1" frame="preposition(in,[])" his="normal" his_1="decap" his_1_1="normal" id="5" lcat="pp" lemma="in" pos="prep" postag="VZ(init)" pt="vz" rel="hd" root="in" sense="in" vztype="init" word="In"/>
          <node begin="1" cat="np" end="7" id="6" rel="obj1">
            <node begin="1" end="2" frame="determiner(een)" his="normal" his_1="normal" id="7" infl="een" lcat="detp" lemma="een" lwtype="onbep" naamval="stan" npagr="agr" pos="det" postag="LID(onbep,stan,agr)" pt="lid" rel="det" root="een" sense="een" word="een"/>
            <node begin="2" end="3" frame="noun(both,both,both)" gen="both" genus="zijd" getal="ev" graad="basis" his="noun" id="8" lcat="np" lemma="fokkerij" naamval="stan" ntype="soort" num="both" pos="noun" postag="N(soort,ev,basis,zijd,stan)" pt="n" rel="hd" rnum="sg" root="fokkerij" sense="fokkerij" word="fokkerij"/>
            <node begin="3" cat="pp" end="7" id="9" rel="mod">
              <node begin="3" end="4" frame="preposition(van,[af,uit,vandaan,[af,aan]])" his="normal" his_1="normal" id="10" lcat="pp" lemma="van" pos="prep" postag="VZ(init)" pt="vz" rel="hd" root="van" sense="van" vztype="init" word="van"/>
              <node begin="4" cat="np" end="7" id="11" rel="obj1">
                <node begin="4" end="5" frame="determiner(de)" his="normal" his_1="normal" id="12" infl="de" lcat="detp" lemma="de" lwtype="bep" naamval="stan" npagr="rest" pos="det" postag="LID(bep,stan,rest)" pt="lid" rel="det" root="de" sense="de" word="de"/>
                <node aform="base" begin="5" buiging="met-e" end="6" frame="adjective(e)" graad="basis" his="normal" his_1="normal" id="13" infl="e" lcat="ap" lemma="Spaans" naamval="stan" pos="adj" positie="prenom" postag="ADJ(prenom,basis,met-e,stan)" pt="adj" rel="mod" root="Spaans" sense="Spaans" vform="adj" word="Spaanse"/>
                <node begin="6" end="7" frame="noun(de,count,sg)" gen="de" genus="zijd" getal="ev" graad="basis" his="compound" his_1="2" id="14" lcat="np" lemma="vlees_producent" naamval="stan" ntype="soort" num="sg" pos="noun" postag="N(soort,ev,basis,zijd,stan)" pt="n" rel="hd" rnum="sg" root="vlees_producent" sense="vlees_producent" word="vleesproducent"/>
              </node>
            </node>
          </node>
        </node>
        <node begin="9" buiging="zonder" end="10" frame="verb(hebben,psp,transitive)" his="normal" his_1="normal" id="15" infl="psp" lcat="ppart" lemma="maken" pos="verb" positie="vrij" postag="WW(vd,vrij,zonder)" pt="ww" rel="hd" root="maak" sc="transitive" sense="maak" word="gemaakt" wvorm="vd"/>
        <node begin="8" cat="np" end="19" id="16" index="1" rel="obj1">
          <node begin="8" end="9" frame="noun(het,count,pl)" gen="het" getal="mv" graad="basis" his="normal" his_1="normal" id="17" lcat="np" lemma="video_beeld" ntype="soort" num="pl" pos="noun" postag="N(soort,mv,basis)" pt="n" rel="hd" rnum="pl" root="video_beeld" sense="video_beeld" word="videobeelden"/>
          <node begin="10" cat="rel" end="19" id="18" rel="mod">
            <node begin="10" case="no_obl" end="11" frame="rel_pronoun(de,no_obl)" gen="de" getal="getal" his="normal" his_1="normal" id="19" index="2" lcat="np" lemma="die" naamval="stan" pdtype="pron" persoon="persoon" pos="pron" postag="VNW(betr,pron,stan,vol,persoon,getal)" pt="vnw" rel="rhd" rnum="pl" root="die" sense="die" status="vol" vwtype="betr" wh="rel" word="die"/>
            <node begin="10" cat="ssub" end="19" id="20" rel="body">
              <node begin="10" end="11" id="21" index="2" rel="su"/>
              <node begin="11" end="12" frame="verb(hebben,pl,pc_pp(op))" his="normal" his_1="normal" id="22" infl="pl" lcat="ssub" lemma="wijzen" pos="verb" postag="WW(pv,tgw,mv)" pt="ww" pvagr="mv" pvtijd="tgw" rel="hd" root="wijs" sc="pc_pp(op)" sense="wijs-op" tense="present" word="wijzen" wvorm="pv"/>
              <node begin="12" cat="pp" end="19" id="23" rel="pc">
                <node begin="12" end="13" frame="preposition(op,[af,na])" his="normal" his_1="normal" id="24" lcat="pp" lemma="op" pos="prep" postag="VZ(init)" pt="vz" rel="hd" root="op" sense="op" vztype="init" word="op"/>
                <node begin="13" cat="np" end="19" id="25" rel="obj1">
                  <node begin="13" end="14" frame="determiner(een)" his="normal" his_1="normal" id="26" infl="een" lcat="detp" lemma="een" lwtype="onbep" naamval="stan" npagr="agr" pos="det" postag="LID(onbep,stan,agr)" pt="lid" rel="det" root="een" sense="een" word="een"/>
                  <node aform="base" begin="14" buiging="met-e" end="15" frame="adjective(e)" graad="basis" his="normal" his_1="normal" id="27" infl="e" lcat="ap" lemma="ernstig" naamval="stan" pos="adj" positie="prenom" postag="ADJ(prenom,basis,met-e,stan)" pt="adj" rel="mod" root="ernstig" sense="ernstig" vform="adj" word="ernstige"/>
                  <node begin="15" end="16" frame="noun(de,count,sg)" gen="de" genus="zijd" getal="ev" graad="basis" his="normal" his_1="normal" id="28" lcat="np" lemma="mishandeling" naamval="stan" ntype="soort" num="sg" pos="noun" postag="N(soort,ev,basis,zijd,stan)" pt="n" rel="hd" rnum="sg" root="mishandeling" sense="mishandeling" word="mishandeling"/>
                  <node begin="16" cat="pp" end="19" id="29" rel="mod">
                    <node begin="16" end="17" frame="preposition(van,[af,uit,vandaan,[af,aan]])" his="normal" his_1="normal" id="30" lcat="pp" lemma="van" pos="prep" postag="VZ(init)" pt="vz" rel="hd" root="van" sense="van" vztype="init" word="van"/>
                    <node begin="17" cat="np" end="19" id="31" rel="obj1">
                      <node begin="17" end="18" frame="determiner(de)" his="normal" his_1="normal" id="32" infl="de" lcat="detp" lemma="de" lwtype="bep" naamval="stan" npagr="rest" pos="det" postag="LID(bep,stan,rest)" pt="lid" rel="det" root="de" sense="de" word="de"/>
                      <node begin="18" end="19" frame="noun(het,count,pl)" gen="het" getal="mv" graad="basis" his="normal" his_1="normal" id="33" lcat="np" lemma="varken" ntype="soort" num="pl" pos="noun" postag="N(soort,mv,basis)" pt="n" rel="hd" rnum="pl" root="varken" sense="varken" word="varkens"/>
                    </node>
                  </node>
                </node>
              </node>
            </node>
          </node>
        </node>
      </node>
      <node begin="8" end="19" id="34" index="1" rel="su"/>
    </node>
    <node begin="19" end="20" frame="punct(punt)" his="normal" his_1="normal" id="35" lcat="punct" lemma="." pos="punct" postag="LET()" pt="let" rel="--" root="." sense="." special="punt" word="."/>
  </node>
  <sentence sentid="5">In een fokkerij van de Spaanse vleesproducent zijn videobeelden gemaakt die wijzen op een ernstige mishandeling van de varkens .</sentence>
  <comments>
    <comment>Q#5|In een fokkerij van de Spaanse vleesproducent zijn videobeelden gemaakt die wijzen op een ernstige mishandeling van de varkens .|1|1|-7.486034536969994</comment>
  </comments>
</alpino_ds>
