<?xml version="1.0" encoding="UTF-8"?>
<alpino_ds version="1.6">
  <parser cats="1" skips="0" />
  <node begin="0" cat="top" end="11" id="0" rel="top">
    <node begin="0" end="1" frame="punct(aanhaal_both)" his="normal" his_1="normal" id="1" lcat="punct" lemma="&apos;" pos="punct" postag="LET()" pt="let" rel="--" root="&apos;" sense="&apos;" special="aanhaal_both" word="&apos;"/>
    <node begin="1" cat="conj" end="10" id="2" rel="--">
      <node begin="2" conjtype="neven" end="3" frame="conj(en)" his="normal" his_1="normal" id="3" lcat="vg" lemma="en" pos="vg" postag="VG(neven)" pt="vg" rel="crd" root="en" sense="en" word="en"/>
      <node begin="1" cat="np" end="10" id="4" rel="cnj">
        <node begin="1" end="2" frame="noun(de,count,pl)" gen="de" getal="mv" graad="basis" his="normal" his_1="decap" his_1_1="normal" id="5" lcat="np" lemma="vrouw" ntype="soort" num="pl" pos="noun" postag="N(soort,mv,basis)" pt="n" rel="hd" rnum="pl" root="vrouw" sense="vrouw" word="Vrouwen"/>
        <node begin="4" cat="pp" end="6" id="6" index="1" rel="mod">
          <node begin="4" end="5" frame="preposition(met,[mee,[en,al]])" his="normal" his_1="normal" id="7" lcat="pp" lemma="met" pos="prep" postag="VZ(init)" pt="vz" rel="hd" root="met" sense="met" vztype="init" word="met"/>
          <node begin="5" end="6" frame="noun(de,count,pl)" gen="de" getal="mv" graad="basis" his="compound" his_1="hyphen" id="8" lcat="np" lemma="IS_band" ntype="soort" num="pl" pos="noun" postag="N(soort,mv,basis)" pt="n" rel="obj1" rnum="pl" root="IS_band" sense="IS_band" word="IS-banden"/>
        </node>
        <node begin="6" cat="ppart" end="10" id="9" index="2" rel="mod">
          <node aform="base" begin="6" buiging="zonder" end="7" frame="adjective(ge_no_e(adv))" his="normal" his_1="normal" id="10" infl="no_e" lcat="ppart" lemma="mishandeld" pos="adj" positie="vrij" postag="WW(vd,vrij,zonder)" pt="ww" rel="hd" root="mishandeld" sense="mishandeld" vform="psp" word="mishandeld" wvorm="vd"/>
          <node begin="7" cat="pp" end="10" id="11" rel="mod">
            <node begin="7" end="8" frame="preposition(in,[])" his="normal" his_1="normal" id="12" lcat="pp" lemma="in" pos="prep" postag="VZ(init)" pt="vz" rel="hd" root="in" sense="in" vztype="init" word="in"/>
            <node begin="8" cat="np" end="10" id="13" rel="obj1">
              <node aform="base" begin="8" buiging="met-e" end="9" frame="adjective(e)" graad="basis" his="normal" his_1="normal" id="14" infl="e" lcat="ap" lemma="Iraaks" naamval="stan" pos="adj" positie="prenom" postag="ADJ(prenom,basis,met-e,stan)" pt="adj" rel="mod" root="Iraaks" sense="Iraaks" vform="adj" word="Iraakse"/>
              <node begin="9" end="10" frame="noun(het,count,pl)" gen="het" getal="mv" graad="basis" his="normal" his_1="normal" id="15" lcat="np" lemma="kamp" ntype="soort" num="pl" pos="noun" postag="N(soort,mv,basis)" pt="n" rel="hd" rnum="pl" root="kamp" sense="kamp" word="kampen"/>
            </node>
          </node>
        </node>
      </node>
      <node begin="3" cat="np" end="10" id="16" rel="cnj">
        <node begin="3" end="4" frame="noun(het,count,pl)" gen="het" getal="mv" graad="basis" his="normal" his_1="normal" id="17" lcat="np" lemma="kind" ntype="soort" num="pl" pos="noun" postag="N(soort,mv,basis)" pt="n" rel="hd" rnum="pl" root="kind" sense="kind" word="kinderen"/>
        <node begin="4" end="6" id="18" index="1" rel="mod"/>
        <node begin="6" end="10" id="19" index="2" rel="mod"/>
      </node>
    </node>
    <node begin="10" end="11" frame="punct(aanhaal_both)" his="normal" his_1="normal" id="20" lcat="punct" lemma="&apos;" pos="punct" postag="LET()" pt="let" rel="--" root="&apos;" sense="&apos;" special="aanhaal_both" word="&apos;"/>
  </node>
  <sentence sentid="1">&apos; Vrouwen en kinderen met IS-banden mishandeld in Iraakse kampen &apos;</sentence>
  <comments>
    <comment>Q#1|&apos; Vrouwen en kinderen met IS-banden mishandeld in Iraakse kampen &apos;|1|1|3.9693583551700033</comment>
  </comments>
</alpino_ds>
