<?xml version="1.0" encoding="UTF-8"?>
<alpino_ds version="1.6">
  <parser cats="1" skips="0" />
  <node begin="0" cat="top" end="4" id="0" rel="top">
    <node begin="0" cat="np" end="4" id="1" rel="--">
      <node begin="0" end="1" frame="noun(het,count,sg)" gen="het" genus="onz" getal="ev" graad="basis" his="special" his_1="decap" his_1_1="normal" id="2" lcat="np" lemma="onderzoek" naamval="stan" ntype="soort" num="sg" pos="noun" postag="N(soort,ev,basis,onz,stan)" pt="n" rel="hd" rnum="sg" root="onderzoek" sense="onderzoek" word="ONDERZOEK"/>
      <node begin="1" cat="pp" end="4" id="3" rel="mod">
        <node begin="1" end="2" frame="preposition(van,[af,uit,vandaan,[af,aan]])" his="special" his_1="decap" his_1_1="normal" id="4" lcat="pp" lemma="van" pos="prep" postag="VZ(init)" pt="vz" rel="hd" root="van" sense="van" vztype="init" word="VAN"/>
        <node begin="2" cat="mwu" end="4" his="special" his_1="decap" his_1_1="names_dictionary" id="5" mwu_root="Amnesty International" mwu_sense="Amnesty International" rel="obj1">
          <node begin="2" end="3" frame="proper_name(sg,'ORG')" id="6" lcat="np" lemma="Amnesty" neclass="ORG" num="sg" pos="name" postag="SPEC(deeleigen)" pt="spec" rel="mwp" rnum="sg" root="Amnesty" sense="Amnesty" spectype="deeleigen" word="AMNESTY"/>
          <node begin="3" end="4" frame="proper_name(sg,'ORG')" id="7" lcat="np" lemma="International" neclass="ORG" num="sg" pos="name" postag="SPEC(deeleigen)" pt="spec" rel="mwp" rnum="sg" root="International" sense="International" spectype="deeleigen" word="INTERNATIONAL"/>
        </node>
      </node>
    </node>
  </node>
  <sentence sentid="2">ONDERZOEK VAN AMNESTY INTERNATIONAL</sentence>
  <comments>
    <comment>Q#2|ONDERZOEK VAN AMNESTY INTERNATIONAL|1|1|-0.4117536470599998</comment>
  </comments>
</alpino_ds>
