<?xml version="1.0" encoding="UTF-8"?>
<alpino_ds version="1.6">
  <parser cats="1" skips="0" />
  <node begin="0" cat="top" end="32" id="0" rel="top">
    <node begin="10" end="11" frame="punct(haak_open)" his="normal" his_1="normal" id="1" lcat="punct" lemma="(" pos="punct" postag="LET()" pt="let" rel="--" root="(" sense="(" special="haak_open" word="("/>
    <node begin="12" end="13" frame="punct(haak_sluit)" his="normal" his_1="normal" id="2" lcat="punct" lemma=")" pos="punct" postag="LET()" pt="let" rel="--" root=")" sense=")" special="haak_sluit" word=")"/>
    <node begin="13" end="14" frame="punct(komma)" his="normal" his_1="normal" id="3" lcat="punct" lemma="," pos="punct" postag="LET()" pt="let" rel="--" root="," sense="," special="komma" word=","/>
    <node begin="27" end="28" frame="punct(komma)" his="normal" his_1="normal" id="4" lcat="punct" lemma="," pos="punct" postag="LET()" pt="let" rel="--" root="," sense="," special="komma" word=","/>
    <node begin="0" cat="du" end="31" id="5" rel="--">
      <node begin="0" cat="conj" end="27" id="6" rel="nucl">
        <node begin="0" cat="smain" end="19" id="7" rel="cnj">
          <node begin="0" cat="conj" end="12" id="8" index="1" rel="su">
            <node begin="1" conjtype="neven" end="2" frame="conj(en)" his="normal" his_1="normal" id="9" lcat="vg" lemma="en" pos="vg" postag="VG(neven)" pt="vg" rel="crd" root="en" sense="en" word="en"/>
            <node begin="0" cat="np" end="12" id="10" rel="cnj">
              <node begin="0" end="1" frame="noun(de,count,pl)" gen="de" getal="mv" graad="basis" his="normal" his_1="decap" his_1_1="normal" id="11" lcat="np" lemma="vrouw" ntype="soort" num="pl" pos="noun" postag="N(soort,mv,basis)" pt="n" rel="hd" rnum="pl" root="vrouw" sense="vrouw" word="Vrouwen"/>
              <node begin="3" cat="rel" end="12" id="12" index="2" rel="mod">
                <node begin="3" case="no_obl" end="4" frame="rel_pronoun(de,no_obl)" gen="de" getal="getal" his="normal" his_1="normal" id="13" index="3" lcat="np" lemma="die" naamval="stan" pdtype="pron" persoon="persoon" pos="pron" postag="VNW(betr,pron,stan,vol,persoon,getal)" pt="vnw" rel="rhd" rnum="pl" root="die" sense="die" status="vol" vwtype="betr" wh="rel" word="die"/>
                <node begin="3" cat="ssub" end="12" id="14" rel="body">
                  <node begin="3" end="4" id="15" index="3" rel="su"/>
                  <node begin="6" end="7" frame="verb(hebben,pl,transitive_ndev)" his="normal" his_1="normal" id="16" infl="pl" lcat="ssub" lemma="hebben" pos="verb" postag="WW(pv,tgw,mv)" pt="ww" pvagr="mv" pvtijd="tgw" rel="hd" root="heb" sc="transitive_ndev" sense="heb" tense="present" word="hebben" wvorm="pv"/>
                  <node begin="4" cat="np" end="12" id="17" rel="obj1">
                    <node aform="base" begin="4" buiging="met-e" end="5" frame="adjective(e)" graad="basis" his="normal" his_1="normal" id="18" infl="e" lcat="ap" lemma="vermeend" naamval="stan" pos="adj" positie="prenom" postag="ADJ(prenom,basis,met-e,stan)" pt="adj" rel="mod" root="vermeend" sense="vermeend" vform="adj" word="vermeende"/>
                    <node begin="5" end="6" frame="noun(de,count,pl)" gen="de" getal="mv" graad="basis" his="normal" his_1="normal" id="19" lcat="np" lemma="band" ntype="soort" num="pl" pos="noun" postag="N(soort,mv,basis)" pt="n" rel="hd" rnum="pl" root="band" sense="band" word="banden"/>
                    <node begin="7" cat="pp" end="12" id="20" rel="mod">
                      <node begin="7" end="8" frame="preposition(met,[mee,[en,al]])" his="normal" his_1="normal" id="21" lcat="pp" lemma="met" pos="prep" postag="VZ(init)" pt="vz" rel="hd" root="met" sense="met" vztype="init" word="met"/>
                      <node begin="8" cat="np" end="12" id="22" rel="obj1">
                        <node aform="base" begin="8" buiging="met-e" end="9" frame="adjective(e)" graad="basis" his="normal" his_1="normal" id="23" infl="e" lcat="ap" lemma="islamitisch" naamval="stan" pos="adj" positie="prenom" postag="ADJ(prenom,basis,met-e,stan)" pt="adj" rel="mod" root="islamitisch" sense="islamitisch" vform="adj" word="Islamitische"/>
                        <node begin="9" end="10" frame="proper_name(sg,'ORG')" genus="zijd" getal="ev" graad="basis" his="normal" his_1="names_dictionary" id="24" lcat="np" lemma="Staat" naamval="stan" neclass="ORG" ntype="eigen" num="sg" pos="name" postag="N(eigen,ev,basis,zijd,stan)" pt="n" rel="hd" rnum="sg" root="Staat" sense="Staat" word="Staat"/>
                        <node begin="11" end="12" frame="proper_name(sg,'ORG')" genus="zijd" getal="ev" graad="basis" his="normal" his_1="names_dictionary" id="25" lcat="np" lemma="IS" naamval="stan" neclass="ORG" ntype="eigen" num="sg" pos="name" postag="N(eigen,ev,basis,zijd,stan)" pt="n" rel="mod" rnum="sg" root="IS" sense="IS" word="IS"/>
                      </node>
                    </node>
                  </node>
                </node>
              </node>
            </node>
            <node begin="2" cat="np" end="12" id="26" rel="cnj">
              <node begin="2" end="3" frame="noun(het,count,pl)" gen="het" getal="mv" graad="basis" his="normal" his_1="normal" id="27" lcat="np" lemma="kind" ntype="soort" num="pl" pos="noun" postag="N(soort,mv,basis)" pt="n" rel="hd" rnum="pl" root="kind" sense="kind" word="kinderen"/>
              <node begin="3" end="12" id="28" index="2" rel="mod"/>
            </node>
          </node>
          <node begin="14" end="15" frame="verb(unacc,pl,part_intransitive(weg))" his="normal" his_1="normal" id="29" infl="pl" lcat="smain" lemma="weg_kwijnen" pos="verb" postag="WW(pv,tgw,mv)" pt="ww" pvagr="mv" pvtijd="tgw" rel="hd" root="kwijn_weg" sc="part_intransitive(weg)" sense="kwijn_weg" tense="present" word="kwijnen" wvorm="pv"/>
          <node begin="15" end="16" frame="particle(weg)" his="normal" his_1="normal" id="30" lcat="part" lemma="weg" pos="part" postag="BW()" pt="bw" rel="svp" root="weg" sense="weg" word="weg"/>
          <node begin="16" cat="pp" end="19" id="31" rel="mod">
            <node begin="16" end="17" frame="preposition(in,[])" his="normal" his_1="normal" id="32" lcat="pp" lemma="in" pos="prep" postag="VZ(init)" pt="vz" rel="hd" root="in" sense="in" vztype="init" word="in"/>
            <node begin="17" cat="np" end="19" id="33" rel="obj1">
              <node aform="base" begin="17" buiging="met-e" end="18" frame="adjective(e)" graad="basis" his="normal" his_1="normal" id="34" infl="e" lcat="ap" lemma="Iraaks" naamval="stan" pos="adj" positie="prenom" postag="ADJ(prenom,basis,met-e,stan)" pt="adj" rel="mod" root="Iraaks" sense="Iraaks" vform="adj" word="Iraakse"/>
              <node begin="18" end="19" frame="noun(het,count,pl)" gen="het" getal="mv" graad="basis" his="normal" his_1="normal" id="35" lcat="np" lemma="kamp" ntype="soort" num="pl" pos="noun" postag="N(soort,mv,basis)" pt="n" rel="hd" rnum="pl" root="kamp" sense="kamp" word="kampen"/>
            </node>
          </node>
        </node>
        <node begin="19" conjtype="neven" end="20" frame="conj(en)" his="normal" his_1="normal" id="36" lcat="vg" lemma="en" pos="vg" postag="VG(neven)" pt="vg" rel="crd" root="en" sense="en" word="en"/>
        <node begin="0" cat="smain" end="27" id="37" rel="cnj">
          <node begin="0" end="12" id="38" index="1" rel="su"/>
          <node begin="20" end="21" frame="verb(hebben,pl,transitive)" his="normal" his_1="normal" id="39" infl="pl" lcat="smain" lemma="lopen" pos="verb" postag="WW(pv,tgw,mv)" pt="ww" pvagr="mv" pvtijd="tgw" rel="hd" root="loop" sc="transitive" sense="loop" tense="present" word="lopen" wvorm="pv"/>
          <node begin="21" cat="np" end="27" id="40" rel="obj1">
            <node begin="21" end="22" frame="determiner(een)" his="normal" his_1="normal" id="41" infl="een" lcat="detp" lemma="een" lwtype="onbep" naamval="stan" npagr="agr" pos="det" postag="LID(onbep,stan,agr)" pt="lid" rel="det" root="een" sense="een" word="een"/>
            <node aform="base" begin="22" buiging="zonder" end="23" frame="adjective(no_e(adv))" graad="basis" his="normal" his_1="normal" id="42" infl="no_e" lcat="ap" lemma="groot" pos="adj" positie="prenom" postag="ADJ(prenom,basis,zonder)" pt="adj" rel="mod" root="groot" sense="groot" vform="adj" word="groot"/>
            <node begin="23" end="24" frame="noun(het,count,sg)" gen="het" genus="onz" getal="ev" graad="basis" his="normal" his_1="normal" id="43" lcat="np" lemma="risico" naamval="stan" ntype="soort" num="sg" pos="noun" postag="N(soort,ev,basis,onz,stan)" pt="n" rel="hd" rnum="sg" root="risico" sense="risico" word="risico"/>
            <node begin="24" cat="pp" end="27" id="44" rel="mod">
              <node begin="24" end="25" frame="preposition(op,[af,na])" his="normal" his_1="normal" id="45" lcat="pp" lemma="op" pos="prep" postag="VZ(init)" pt="vz" rel="hd" root="op" sense="op" vztype="init" word="op"/>
              <node begin="25" cat="np" end="27" id="46" rel="obj1">
                <node aform="base" begin="25" buiging="zonder" end="26" frame="adjective(no_e(adv))" graad="basis" his="normal" his_1="normal" id="47" infl="no_e" lcat="ap" lemma="seksueel" pos="adj" positie="prenom" postag="ADJ(prenom,basis,zonder)" pt="adj" rel="mod" root="seksueel" sense="seksueel" vform="adj" word="seksueel"/>
                <node begin="26" end="27" frame="noun(het,mass,sg)" gen="het" genus="onz" getal="ev" graad="basis" his="normal" his_1="normal" id="48" lcat="np" lemma="geweld" naamval="stan" ntype="soort" num="sg" pos="noun" postag="N(soort,ev,basis,onz,stan)" pt="n" rel="hd" rnum="sg" root="geweld" sense="geweld" word="geweld"/>
              </node>
            </node>
          </node>
        </node>
      </node>
      <node begin="28" cat="sv1" end="31" id="49" rel="tag">
        <node begin="28" end="29" frame="verb(hebben,sg3,sbar)" his="normal" his_1="normal" id="50" infl="sg3" lcat="sv1" lemma="stellen" pos="verb" postag="WW(pv,tgw,met-t)" pt="ww" pvagr="met-t" pvtijd="tgw" rel="hd" root="stel" sc="sbar" sense="stel" tense="present" word="stelt" wvorm="pv"/>
        <node begin="29" cat="mwu" end="31" his="normal" his_1="names_dictionary" id="51" mwu_root="Amnesty International" mwu_sense="Amnesty International" rel="su">
          <node begin="29" end="30" frame="proper_name(sg,'ORG')" id="52" lcat="np" lemma="Amnesty" neclass="ORG" num="sg" pos="name" postag="SPEC(deeleigen)" pt="spec" rel="mwp" rnum="sg" root="Amnesty" sense="Amnesty" spectype="deeleigen" word="Amnesty"/>
          <node begin="30" end="31" frame="proper_name(sg,'ORG')" id="53" lcat="np" lemma="International" neclass="ORG" num="sg" pos="name" postag="SPEC(deeleigen)" pt="spec" rel="mwp" rnum="sg" root="International" sense="International" spectype="deeleigen" word="International"/>
        </node>
      </node>
    </node>
    <node begin="31" end="32" frame="punct(punt)" his="normal" his_1="normal" id="54" lcat="punct" lemma="." pos="punct" postag="LET()" pt="let" rel="--" root="." sense="." special="punt" word="."/>
  </node>
  <sentence sentid="3">Vrouwen en kinderen die vermeende banden hebben met Islamitische Staat ( IS ) , kwijnen weg in Iraakse kampen en lopen een groot risico op seksueel geweld , stelt Amnesty International .</sentence>
  <comments>
    <comment>Q#3|Vrouwen en kinderen die vermeende banden hebben met Islamitische Staat ( IS ) , kwijnen weg in Iraakse kampen en lopen een groot risico op seksueel geweld , stelt Amnesty International .|1|1|-10.220354947369994</comment>
  </comments>
</alpino_ds>
