<?xml version="1.0" encoding="UTF-8"?>
<alpino_ds version="1.6">
  <parser cats="1" skips="0" />
  <node begin="0" cat="top" end="10" id="0" rel="top">
    <node begin="0" cat="ppart" end="10" id="1" rel="--">
      <node begin="0" cat="pp" end="2" id="2" rel="mod">
        <node begin="0" end="1" frame="preposition(in,[])" his="normal" his_1="decap" his_1_1="normal" id="3" lcat="pp" lemma="in" pos="prep" postag="VZ(init)" pt="vz" rel="hd" root="in" sense="in" vztype="init" word="In"/>
        <node begin="1" end="2" frame="proper_name(sg,'LOC')" genus="onz" getal="ev" graad="basis" his="normal" his_1="names_dictionary" id="4" lcat="np" lemma="België" naamval="stan" neclass="LOC" ntype="eigen" num="sg" pos="name" postag="N(eigen,ev,basis,onz,stan)" pt="n" rel="obj1" rnum="sg" root="België" sense="België" word="België"/>
      </node>
      <node begin="2" cat="np" end="6" id="5" rel="obj1">
        <node aform="base" begin="2" buiging="zonder" end="3" frame="adjective(ge_both(adv))" his="normal" his_1="normal" id="6" infl="both" lcat="ppart" lemma="ondergedoken" pos="adj" positie="prenom" postag="WW(vd,prenom,zonder)" pt="ww" rel="mod" root="ondergedoken" sense="ondergedoken" vform="psp" word="ondergedoken" wvorm="vd"/>
        <node begin="3" cat="ppart" end="5" id="7" rel="mod">
          <node aform="base" begin="3" buiging="zonder" end="4" frame="adjective(no_e(adv))" graad="basis" his="normal" his_1="normal" id="8" infl="no_e" lcat="ap" lemma="internationaal" pos="adj" positie="vrij" postag="ADJ(vrij,basis,zonder)" pt="adj" rel="mod" root="internationaal" sense="internationaal" vform="adj" word="internationaal"/>
          <node aform="base" begin="4" buiging="met-e" end="5" frame="adjective(ge_e)" his="normal" his_1="normal" id="9" infl="e" lcat="ppart" lemma="gezocht" pos="adj" positie="prenom" postag="WW(vd,prenom,met-e)" pt="ww" rel="hd" root="gezocht" sense="gezocht" vform="psp" word="gezochte" wvorm="vd"/>
        </node>
        <node begin="5" end="6" frame="noun(de,count,sg)" gen="de" genus="zijd" getal="ev" graad="basis" his="normal" his_1="normal" id="10" lcat="np" lemma="hacker" naamval="stan" ntype="soort" num="sg" pos="noun" postag="N(soort,ev,basis,zijd,stan)" pt="n" rel="hd" rnum="sg" root="hacker" sense="hacker" word="hacker"/>
      </node>
      <node begin="6" buiging="zonder" end="7" frame="verb(hebben,psp,ninv(transitive,part_transitive(op)))" his="normal" his_1="part-V" id="11" infl="psp" lcat="ppart" lemma="op_pakken" pos="verb" positie="vrij" postag="WW(vd,vrij,zonder)" pt="ww" rel="hd" root="pak_op" sc="part_transitive(op)" sense="pak_op" word="opgepakt" wvorm="vd"/>
      <node begin="7" cat="pp" end="10" id="12" rel="mod">
        <node begin="7" end="8" frame="preposition(aan,[vooraf])" his="normal" his_1="normal" id="13" lcat="pp" lemma="aan" pos="prep" postag="VZ(init)" pt="vz" rel="hd" root="aan" sense="aan" vztype="init" word="aan"/>
        <node begin="8" cat="np" end="10" id="14" rel="obj1">
          <node aform="base" begin="8" buiging="met-e" end="9" frame="adjective(e)" graad="basis" his="normal" his_1="normal" id="15" infl="e" lcat="ap" lemma="Pools" naamval="stan" pos="adj" positie="prenom" postag="ADJ(prenom,basis,met-e,stan)" pt="adj" rel="mod" root="Pools" sense="Pools" vform="adj" word="Poolse"/>
          <node begin="9" end="10" frame="noun(de,count,sg)" gen="de" genus="zijd" getal="ev" graad="basis" his="normal" his_1="normal" id="16" lcat="np" lemma="grens" naamval="stan" ntype="soort" num="sg" pos="noun" postag="N(soort,ev,basis,zijd,stan)" pt="n" rel="hd" rnum="sg" root="grens" sense="grens" word="grens"/>
        </node>
      </node>
    </node>
  </node>
  <sentence sentid="1">In België ondergedoken internationaal gezochte hacker opgepakt aan Poolse grens</sentence>
  <comments>
    <comment>Q#1|In België ondergedoken internationaal gezochte hacker opgepakt aan Poolse grens|1|1|4.695805476730005</comment>
  </comments>
</alpino_ds>
