<?xml version="1.0" encoding="UTF-8"?>
<alpino_ds version="1.6">
  <parser cats="1" skips="0" />
  <node begin="0" cat="top" end="23" id="0" rel="top">
    <node begin="14" end="15" frame="punct(komma)" his="normal" his_1="normal" id="1" lcat="punct" lemma="," pos="punct" postag="LET()" pt="let" rel="--" root="," sense="," special="komma" word=","/>
    <node begin="0" cat="smain" end="22" id="2" rel="--">
      <node begin="0" cat="np" end="2" id="3" index="1" rel="su">
        <node begin="0" end="1" frame="determiner(de)" his="normal" his_1="decap" his_1_1="normal" id="4" infl="de" lcat="detp" lemma="de" lwtype="bep" naamval="stan" npagr="rest" pos="det" postag="LID(bep,stan,rest)" pt="lid" rel="det" root="de" sense="de" word="De"/>
        <node begin="1" end="2" frame="noun(de,count,bare_meas)" gen="de" genus="zijd" getal="ev" graad="basis" his="normal" his_1="normal" id="5" lcat="np" lemma="man" naamval="stan" ntype="soort" num="bare_meas" pos="noun" postag="N(soort,ev,basis,zijd,stan)" pt="n" rel="hd" rnum="sg" root="man" sense="man" word="man"/>
      </node>
      <node begin="2" end="3" frame="verb(unacc,sg3,passive)" his="normal" his_1="normal" id="6" infl="sg3" lcat="smain" lemma="worden" pos="verb" postag="WW(pv,tgw,met-t)" pt="ww" pvagr="met-t" pvtijd="tgw" rel="hd" root="word" sc="passive" sense="word" stype="declarative" tense="present" word="wordt" wvorm="pv"/>
      <node begin="0" cat="ppart" end="22" id="7" rel="vc">
        <node begin="0" end="2" id="8" index="1" rel="obj1"/>
        <node begin="4" buiging="zonder" end="5" frame="verb(hebben,psp,obj_np_er_pp_vp(van))" his="normal" his_1="normal" id="9" infl="psp" lcat="ppart" lemma="verdenken" pos="verb" positie="vrij" postag="WW(vd,vrij,zonder)" pt="ww" rel="hd" root="verdenk" sc="obj_np_er_pp_vp(van)" sense="verdenk-van" word="verdacht" wvorm="vd"/>
        <node begin="0" cat="pp" end="22" id="10" rel="pc">
          <node begin="3" end="4" frame="er_adverb(van)" his="normal" his_1="normal" id="11" lcat="pp" lemma="ervan" pos="pp" postag="BW()" pt="bw" rel="hd" root="ervan" sense="ervan" special="er" word="ervan"/>
          <node begin="0" cat="ti" end="22" id="12" rel="vc">
            <node begin="12" end="13" frame="complementizer(te)" his="normal" his_1="normal" id="13" lcat="ti" lemma="te" pos="comp" postag="VZ(init)" pt="vz" rel="cmp" root="te" sc="te" sense="te" vztype="init" word="te"/>
            <node begin="0" cat="inf" end="22" id="14" rel="body">
              <node begin="0" end="2" id="15" index="1" rel="su"/>
              <node begin="13" buiging="zonder" end="14" frame="verb(hebben,inf,aux_psp_hebben)" his="normal" his_1="normal" id="16" infl="inf" lcat="inf" lemma="hebben" pos="verb" positie="vrij" postag="WW(inf,vrij,zonder)" pt="ww" rel="hd" root="heb" sc="aux_psp_hebben" sense="heb" word="hebben" wvorm="inf"/>
              <node begin="0" cat="ppart" end="22" id="17" rel="vc">
                <node begin="0" end="2" id="18" index="1" rel="su"/>
                <node begin="11" buiging="zonder" end="12" frame="verb(hebben,psp,transitive)" his="normal" his_1="normal" id="19" infl="psp" lcat="ppart" lemma="hacken" pos="verb" positie="vrij" postag="WW(vd,vrij,zonder)" pt="ww" rel="hd" root="hack" sc="transitive" sense="hack" word="gehackt" wvorm="vd"/>
                <node begin="5" cat="np" end="22" id="20" rel="obj1">
                  <node begin="5" end="6" frame="noun(de,count,pl,measure)" gen="de" getal-n="mv-n" graad="basis" his="normal" his_1="normal" id="21" lcat="np" lemma="duizenden" num="pl" numtype="hoofd" pos="noun" positie="nom" postag="TW(hoofd,nom,mv-n,basis)" pt="tw" rel="hd" rnum="pl" root="duizenden" sc="measure" sense="duizenden" word="duizenden"/>
                  <node begin="6" cat="conj" end="11" id="22" rel="mod">
                    <node begin="6" end="7" frame="noun(de,count,pl)" gen="de" getal="mv" graad="basis" his="normal" his_1="normal" id="23" lcat="np" lemma="computer" ntype="soort" num="pl" pos="noun" postag="N(soort,mv,basis)" pt="n" rel="cnj" rnum="pl" root="computer" sense="computer" word="computers"/>
                    <node begin="7" conjtype="neven" end="8" frame="conj(en)" his="normal" his_1="normal" id="24" lcat="vg" lemma="en" pos="vg" postag="VG(neven)" pt="vg" rel="crd" root="en" sense="en" word="en"/>
                    <node begin="8" cat="np" end="11" id="25" rel="cnj">
                      <node aform="base" begin="8" buiging="met-e" end="9" frame="adjective(ende(padv))" graad="basis" his="normal" his_1="V-de" his_1_1="normal" id="26" infl="e" lcat="ppres" lemma="verschillen" naamval="stan" pos="adj" positie="prenom" postag="ADJ(prenom,basis,met-e,stan)" pt="adj" rel="mod" root="verschil" sense="verschil" vform="gerund" word="verschillende"/>
                      <node aform="base" begin="9" buiging="met-e" end="10" frame="adjective(e)" graad="basis" his="normal" his_1="normal" id="27" infl="e" lcat="ap" lemma="Pools" naamval="stan" pos="adj" positie="prenom" postag="ADJ(prenom,basis,met-e,stan)" pt="adj" rel="mod" root="Pools" sense="Pools" vform="adj" word="Poolse"/>
                      <node begin="10" end="11" frame="noun(het,count,pl)" gen="het" getal="mv" graad="basis" his="normal" his_1="normal" id="28" lcat="np" lemma="bedrijf" ntype="soort" num="pl" pos="noun" postag="N(soort,mv,basis)" pt="n" rel="hd" rnum="pl" root="bedrijf" sense="bedrijf" word="bedrijven"/>
                    </node>
                  </node>
                  <node begin="15" cat="oti" end="22" id="29" rel="mod">
                    <node begin="15" cat="mwu" end="17" his="normal" his_1="normal" id="30" mwu_root="onder andere" mwu_sense="onder andere" rel="mod">
                      <node begin="15" end="16" frame="modal_adverb" id="31" lcat="advp" lemma="onder" pos="adv" postag="VZ(init)" pt="vz" rel="mwp" root="onder" sc="modal" sense="onder" vztype="init" word="onder"/>
                      <node begin="16" buiging="met-e" end="17" frame="modal_adverb" getal-n="zonder-n" graad="basis" id="32" lcat="advp" lemma="andere" naamval="stan" pos="adv" positie="nom" postag="ADJ(nom,basis,met-e,zonder-n,stan)" pt="adj" rel="mwp" root="andere" sc="modal" sense="andere" word="andere"/>
                    </node>
                    <node begin="17" end="18" frame="complementizer(om)" his="normal" his_1="normal" id="33" lcat="oti" lemma="om" pos="comp" postag="VZ(init)" pt="vz" rel="cmp" root="om" sc="om" sense="om" vztype="init" word="om"/>
                    <node begin="18" cat="ti" end="22" id="34" rel="body">
                      <node begin="20" end="21" frame="complementizer(te)" his="normal" his_1="normal" id="35" lcat="ti" lemma="te" pos="comp" postag="VZ(init)" pt="vz" rel="cmp" root="te" sc="te" sense="te" vztype="init" word="te"/>
                      <node begin="18" cat="inf" end="22" id="36" rel="body">
                        <node begin="18" end="19" frame="noun(het,count,sg)" gen="het" genus="onz" getal="ev" graad="basis" his="normal" his_1="normal" id="37" lcat="np" lemma="geld" naamval="stan" ntype="soort" num="sg" pos="noun" postag="N(soort,ev,basis,onz,stan)" pt="n" rel="obj1" rnum="sg" root="geld" sense="geld" word="geld"/>
                        <node begin="19" end="20" frame="particle(wit)" his="normal" his_1="normal" id="38" lcat="part" lemma="wit" pos="part" postag="VZ(fin)" pt="vz" rel="svp" root="wit" sense="wit" vztype="fin" word="wit"/>
                        <node begin="21" buiging="zonder" end="22" frame="verb(hebben,inf,part_transitive(wit))" his="normal" his_1="normal" id="39" infl="inf" lcat="inf" lemma="wit_wassen" pos="verb" positie="vrij" postag="WW(inf,vrij,zonder)" pt="ww" rel="hd" root="was_wit" sc="part_transitive(wit)" sense="was_wit" word="wassen" wvorm="inf"/>
                      </node>
                    </node>
                  </node>
                </node>
              </node>
            </node>
          </node>
        </node>
      </node>
    </node>
    <node begin="22" end="23" frame="punct(punt)" his="normal" his_1="normal" id="40" lcat="punct" lemma="." pos="punct" postag="LET()" pt="let" rel="--" root="." sense="." special="punt" word="."/>
  </node>
  <sentence sentid="3">De man wordt ervan verdacht duizenden computers en verschillende Poolse bedrijven gehackt te hebben , onder andere om geld wit te wassen .</sentence>
  <comments>
    <comment>Q#3|De man wordt ervan verdacht duizenden computers en verschillende Poolse bedrijven gehackt te hebben , onder andere om geld wit te wassen .|1|1|-14.627142065830002</comment>
  </comments>
</alpino_ds>
