{"meta": {"id": "MH-DMF20171018_03138881-Tusk_wil_Europese_Unie_hervormen.tsv", "author": "eventdna_anno_4"}, "doc": {"token_string": "Tusk wil Europese Unie hervormen in dertien bedrijven In de aanloop naar de top van staatshoofden en regeringsleiders heeft Europees president Donald Tusk een wegenkaart voor de hervorming van de Europese Unie uit de doeken gedaan . De Pool plant tot juni 2019 dertien bijeenkomsten van de chefs om de hete hangijzers in de Europese politiek aan te pakken en het Europese project een toekomst te bieden na de brexit .", "token_ids": [0, 1, 2, 3, 4, 5, 6, 7, 8, 9, 10, 11, 12, 13, 14, 15, 16, 17, 18, 19, 20, 21, 22, 23, 24, 25, 26, 27, 28, 29, 30, 31, 32, 33, 34, 35, 36, 37, 38, 39, 40, 41, 42, 43, 44, 45, 46, 47, 48, 49, 50, 51, 52, 53, 54, 55, 56, 57, 58, 59, 60, 61, 62, 63, 64, 65, 66, 67, 68, 69, 70], "sentences": {"sentence_1": {"token_ids": [0, 1, 2, 3, 4, 5, 6, 7]}, "sentence_2": {"token_ids": [8, 9, 10, 11, 12, 13, 14, 15, 16, 17, 18, 19, 20, 21, 22, 23, 24, 25, 26, 27, 28, 29, 30, 31, 32, 33, 34, 35, 36]}, "sentence_3": {"token_ids": [37, 38, 39, 40, 41, 42, 43, 44, 45, 46, 47, 48, 49, 50, 51, 52, 53, 54, 55, 56, 57, 58, 59, 60, 61, 62, 63, 64, 65, 66, 67, 68, 69, 70]}}, "annotations": {"entities": {"entity_1": {"type": "entity", "string": "Tusk", "features": {"type": "PER", "span": [0], "individuality": "INDIV", "mention_level_type": "NAM", "head": {"type": "entityHead", "string": "Tusk", "features": {"span": [0]}}}, "home_sentence": "sentence_1"}, "entity_2": {"type": "entity", "string": "Europese Unie", "features": {"type": "ORG", "span": [2, 3], "individuality": "INDIV", "mention_level_type": "NAM", "head": {"type": "entityHead", "string": "Europese Unie", "features": {"span": [2, 3]}}}, "home_sentence": "sentence_1"}, "entity_3": {"type": "entity", "string": "staatshoofden en regeringsleiders", "features": {"type": "PER", "span": [15, 16, 17], "individuality": "GROUP", "mention_level_type": "NOM", "head": {"type": "entityHead", "string": "staatshoofden en regeringsleiders", "features": {"span": [15, 16, 17]}}}, "home_sentence": "sentence_2"}, "entity_4": {"type": "entity", "string": "Europees", "features": {"type": "LOC", "span": [19], "individuality": "INDIV", "mention_level_type": "NAM", "head": {"type": "entityHead", "string": "Europees", "features": {"span": [19]}}}, "home_sentence": "sentence_2"}, "entity_5": {"type": "entity", "string": "Donald Tusk", "features": {"type": "PER", "span": [21, 22], "individuality": "INDIV", "mention_level_type": "NAM", "head": {"type": "entityHead", "string": "Donald Tusk", "features": {"span": [21, 22]}}}, "home_sentence": "sentence_2"}, "entity_6": {"type": "entity", "string": "Europese Unie", "features": {"type": "ORG", "span": [30, 31], "individuality": "INDIV", "mention_level_type": "NAM", "head": {"type": "entityHead", "string": "Europese Unie", "features": {"span": [30, 31]}}}, "home_sentence": "sentence_2"}, "entity_7": {"type": "entity", "string": "De Pool", "features": {"type": "PER", "span": [37, 38], "individuality": "INDIV", "mention_level_type": "NOM", "head": {"type": "entityHead", "string": "Pool", "features": {"span": [38]}}}, "home_sentence": "sentence_3"}, "entity_8": {"type": "entity", "string": "Pool", "features": {"type": "LOC", "span": [38], "individuality": "INDIV", "mention_level_type": "NAM", "head": {"type": "entityHead", "string": "Pool", "features": {"span": [38]}}}, "home_sentence": "sentence_3"}, "entity_9": {"type": "entity", "string": "de chefs", "features": {"type": "PER", "span": [46, 47], "individuality": "GROUP", "mention_level_type": "NOM", "head": {"type": "entityHead", "string": "chefs", "features": {"span": [47]}}}, "home_sentence": "sentence_3"}, "entity_10": {"type": "entity", "string": "Europese", "features": {"type": "LOC", "span": [54], "individuality": "INDIV", "mention_level_type": "NAM", "head": {"type": "entityHead", "string": "Europese", "features": {"span": [54]}}}, "home_sentence": "sentence_3"}, "entity_11": {"type": "entity", "string": "Europese", "features": {"type": "LOC", "span": [61], "individuality": "INDIV", "mention_level_type": "NAM", "head": {"type": "entityHead", "string": "Europese", "features": {"span": [61]}}}, "home_sentence": "sentence_3"}}, "events": {"event_1": {"annotation_type": "event", "string": "Donald Tusk een wegenkaart voor de hervorming van de Europese Unie uit de doeken gedaan", "features": {"span": [21, 22, 23, 24, 25, 26, 27, 28, 29, 30, 31, 32, 33, 34, 35], "arguments": [{"string": "Donald Tusk", "features": {"span": [21, 22], "argument_entity_type": "PER", "argument_role": "Sender"}}], "type": "Contact", "subtype": "Broadcast", "modality": "Asserted", "pos_neg": "Positive", "prominence": "Main", "tense": "Past"}, "home_sentence": "sentence_2"}, "event_2": {"annotation_type": "event", "string": "De Pool plant tot juni 2019 dertien bijeenkomsten van de chefs", "features": {"span": [37, 38, 39, 40, 41, 42, 43, 44, 45, 46, 47], "arguments": [{"string": "de chefs", "features": {"span": [46, 47], "argument_entity_type": "PER", "argument_role": "Entity"}}, {"string": "De Pool", "features": {"span": [37, 38], "argument_entity_type": "PER", "argument_role": "Entity"}}, {"string": "tot juni 2019", "features": {"span": [40, 41, 42], "argument_entity_type": "time", "argument_role": "Time"}}], "type": "Contact", "subtype": "Meet", "modality": "Other", "pos_neg": "Positive", "prominence": "Main", "tense": "Future"}, "home_sentence": "sentence_3"}}, "coreference": {"entities": {"coref_bucket_1": ["entity_7", "entity_1", "entity_5"], "coref_bucket_2": ["entity_6", "entity_2"], "coref_bucket_3": ["entity_9", "entity_3"], "coref_bucket_4": ["entity_4", "entity_10", "entity_11"]}, "events": {}}, "iptc_codes": {"certain": [[["medtop:11000000", "politics"]], [["medtop:20000638", "international relations"], ["medtop:11000000", "politics"]], [["medtop:20000644", "international organisation"], ["medtop:20000638", "international relations"], ["medtop:11000000", "politics"]]], "uncertain": []}}}}