{"meta": {"id": "MH-DMF20180301_03384638-Trump_kondigt_heffingen_op_invoer.tsv", "author": "eventdna_anno_1"}, "doc": {"token_string": "Trump kondigt heffingen op invoer van staal en aluminium aan De Amerikaanse president Donald Trump heeft donderdag bevestigd heffingen op de invoer van staal en aluminium te zullen instellen . De Europese Unie betreurt het nieuws en kondigt tegenmaatregelen aan .", "token_ids": [0, 1, 2, 3, 4, 5, 6, 7, 8, 9, 10, 11, 12, 13, 14, 15, 16, 17, 18, 19, 20, 21, 22, 23, 24, 25, 26, 27, 28, 29, 30, 31, 32, 33, 34, 35, 36, 37, 38, 39, 40], "sentences": {"sentence_1": {"token_ids": [0, 1, 2, 3, 4, 5, 6, 7, 8, 9]}, "sentence_2": {"token_ids": [10, 11, 12, 13, 14, 15, 16, 17, 18, 19, 20, 21, 22, 23, 24, 25, 26, 27, 28, 29]}, "sentence_3": {"token_ids": [30, 31, 32, 33, 34, 35, 36, 37, 38, 39, 40]}}, "annotations": {"entities": {"entity_1": {"type": "entity", "string": "Trump", "features": {"type": "PER", "span": [0], "individuality": "INDIV", "mention_level_type": "NAM", "head": {"type": "entityHead", "string": "Trump", "features": {"span": [0]}}}, "home_sentence": "sentence_1"}, "entity_2": {"type": "entity", "string": "Amerikaanse", "features": {"type": "LOC", "span": [11], "individuality": "INDIV", "mention_level_type": "NAM", "head": {"type": "entityHead", "string": "Amerikaanse", "features": {"span": [11]}}}, "home_sentence": "sentence_2"}, "entity_3": {"type": "entity", "string": "Donald Trump", "features": {"type": "PER", "span": [13, 14], "individuality": "INDIV", "mention_level_type": "NAM", "head": {"type": "entityHead", "string": "Donald Trump", "features": {"span": [13, 14]}}}, "home_sentence": "sentence_2"}, "entity_4": {"type": "entity", "string": "Europese Unie", "features": {"type": "ORG", "span": [31, 32], "individuality": "INDIV", "mention_level_type": "NAM", "head": {"type": "entityHead", "string": "Europese Unie", "features": {"span": [31, 32]}}}, "home_sentence": "sentence_3"}}, "events": {"event_1": {"annotation_type": "event", "string": "Trump kondigt heffingen op invoer van staal en aluminium aan", "features": {"span": [0, 1, 2, 3, 4, 5, 6, 7, 8, 9], "arguments": [{"string": "Trump", "features": {"span": [0], "argument_entity_type": "PER", "argument_role": "Entity"}}], "type": "Contact", "subtype": "Contact", "modality": "Asserted", "pos_neg": "Positive", "prominence": "Main", "tense": "Present"}, "home_sentence": "sentence_1"}, "event_2": {"annotation_type": "event", "string": "heffingen op invoer van staal en aluminium aan", "features": {"span": [2, 3, 4, 5, 6, 7, 8, 9], "arguments": [{"string": "heffingen op invoer van staal en aluminium", "features": {"span": [2, 3, 4, 5, 6, 7, 8], "argument_entity_type": "money", "argument_role": "Money"}}], "type": "Transaction", "subtype": "TransferMoney", "modality": "Asserted", "pos_neg": "Positive", "prominence": "Main", "tense": "Unspecified"}, "home_sentence": "sentence_1"}, "event_3": {"annotation_type": "event", "string": "De Amerikaanse president Donald Trump heeft donderdag bevestigd heffingen op de invoer van staal en aluminium te zullen instellen", "features": {"span": [10, 11, 12, 13, 14, 15, 16, 17, 18, 19, 20, 21, 22, 23, 24, 25, 26, 27, 28], "arguments": [{"string": "Donald Trump", "features": {"span": [13, 14], "argument_entity_type": "PER", "argument_role": "Entity"}}, {"string": "donderdag", "features": {"span": [16], "argument_entity_type": "time", "argument_role": "Time"}}], "type": "Contact", "subtype": "Contact", "modality": "Asserted", "pos_neg": "Positive", "prominence": "Main", "tense": "Past"}, "home_sentence": "sentence_2"}, "event_4": {"annotation_type": "event", "string": "De Amerikaanse president Donald Trump heeft donderdag bevestigd heffingen op de invoer van staal en aluminium te zullen instellen", "features": {"span": [10, 11, 12, 13, 14, 15, 16, 17, 18, 19, 20, 21, 22, 23, 24, 25, 26, 27, 28], "arguments": [{"string": "heffingen op de invoer van staal en aluminium", "features": {"span": [18, 19, 20, 21, 22, 23, 24, 25], "argument_entity_type": "money", "argument_role": "Money"}}, {"string": "Donald Trump", "features": {"span": [13, 14], "argument_entity_type": "PER", "argument_role": "Recipient"}}], "type": "Transaction", "subtype": "TransferMoney", "modality": "Asserted", "pos_neg": "Positive", "prominence": "Main", "tense": "Future"}, "home_sentence": "sentence_2"}, "event_5": {"annotation_type": "event", "string": "De Europese Unie", "features": {"span": [30, 31, 32], "arguments": [{"string": "Europese Unie", "features": {"span": [31, 32], "argument_entity_type": "ORG", "argument_role": "Entity"}}], "type": "Contact", "subtype": "Contact", "modality": "Asserted", "pos_neg": "Positive", "prominence": "Background", "tense": "Present"}, "home_sentence": "sentence_3"}}, "coreference": {"entities": {"coref_bucket_1": ["entity_3", "entity_1"]}, "events": {"coref_bucket_2": ["event_1", "event_3"], "coref_bucket_3": ["event_4", "event_2"]}}, "iptc_codes": {"certain": [[["medtop:20000620", "taxation"], ["medtop:20000621", "government policy"], ["medtop:11000000", "politics"]], [["medtop:20000376", "trade dispute"], ["medtop:20000373", "international trade"], ["medtop:20000346", "macro economics"], ["medtop:20000344", "economy"], ["medtop:04000000", "economy, business and finance"]]], "uncertain": []}}}}