<?xml version="1.0" encoding="UTF-8"?>
<alpino_ds version="1.6">
  <parser cats="1" skips="0" />
  <node begin="0" cat="top" end="6" id="0" rel="top">
    <node begin="0" cat="smain" end="6" id="1" rel="--">
      <node begin="0" end="1" frame="proper_name(sg,'PER')" genus="zijd" getal="ev" graad="basis" his="normal" his_1="names_dictionary" id="2" lcat="np" lemma="Merkel" naamval="stan" neclass="PER" ntype="eigen" num="sg" pos="name" postag="N(eigen,ev,basis,zijd,stan)" pt="n" rel="su" rnum="sg" root="Merkel" sense="Merkel" word="Merkel"/>
      <node begin="1" end="2" frame="verb(hebben,sg3,transitive)" his="normal" his_1="normal" id="3" infl="sg3" lcat="smain" lemma="presenteren" pos="verb" postag="WW(pv,tgw,met-t)" pt="ww" pvagr="met-t" pvtijd="tgw" rel="hd" root="presenteer" sc="transitive" sense="presenteer" stype="declarative" tense="present" word="presenteert" wvorm="pv"/>
      <node begin="2" cat="np" end="6" id="4" rel="obj1">
        <node begin="2" end="3" frame="noun(het,count,sg)" gen="het" genus="onz" getal="ev" graad="basis" his="normal" his_1="normal" id="5" lcat="np" lemma="plan" naamval="stan" ntype="soort" num="sg" pos="noun" postag="N(soort,ev,basis,onz,stan)" pt="n" rel="hd" rnum="sg" root="plan" sense="plan" word="plan"/>
        <node begin="3" cat="pp" end="6" id="6" rel="mod">
          <node begin="3" end="4" frame="preposition(voor,[aan,door,uit,[in,de,plaats]])" his="normal" his_1="normal" id="7" lcat="pp" lemma="voor" pos="prep" postag="VZ(init)" pt="vz" rel="hd" root="voor" sense="voor" vztype="init" word="voor"/>
          <node begin="4" cat="mwu" end="6" his="normal" his_1="english_compound" id="8" mwu_root="hervorming_euro_zone" mwu_sense="hervorming_euro_zone" rel="obj1">
            <node begin="4" end="5" frame="noun(de,count,sg)" gen="de" genus="zijd" getal="ev" graad="basis" id="9" lcat="np" lemma="hervorming" naamval="stan" ntype="soort" num="sg" pos="noun" postag="N(soort,ev,basis,zijd,stan)" pt="n" rel="mwp" rnum="sg" root="hervorming" sense="hervorming" word="hervorming"/>
            <node begin="5" end="6" frame="noun(de,count,sg)" gen="de" genus="zijd" getal="ev" graad="basis" id="10" lcat="np" lemma="eurozone" naamval="stan" ntype="soort" num="sg" pos="noun" postag="N(soort,ev,basis,zijd,stan)" pt="n" rel="mwp" rnum="sg" root="eurozone" sense="eurozone" word="eurozone"/>
          </node>
        </node>
      </node>
    </node>
  </node>
  <sentence sentid="1">Merkel presenteert plan voor hervorming eurozone</sentence>
  <comments>
    <comment>Q#1|Merkel presenteert plan voor hervorming eurozone|1|1|1.6112303010099982</comment>
  </comments>
</alpino_ds>
