<?xml version="1.0" encoding="UTF-8"?>
<alpino_ds version="1.6">
  <parser cats="1" skips="0" />
  <node begin="0" cat="top" end="19" id="0" rel="top">
    <node begin="0" cat="smain" end="18" id="1" rel="--">
      <node begin="0" cat="np" end="5" id="2" index="1" rel="su">
        <node begin="0" end="1" frame="determiner(de)" his="normal" his_1="decap" his_1_1="normal" id="3" infl="de" lcat="detp" lemma="de" lwtype="bep" naamval="stan" npagr="rest" pos="det" postag="LID(bep,stan,rest)" pt="lid" rel="det" root="de" sense="de" word="De"/>
        <node aform="base" begin="1" buiging="met-e" end="2" frame="adjective(e)" graad="basis" his="normal" his_1="normal" id="4" infl="e" lcat="ap" lemma="Duits" naamval="stan" pos="adj" positie="prenom" postag="ADJ(prenom,basis,met-e,stan)" pt="adj" rel="mod" root="Duits" sense="Duits" vform="adj" word="Duitse"/>
        <node begin="2" end="3" frame="noun(de,count,sg)" gen="de" genus="zijd" getal="ev" graad="basis" his="normal" his_1="normal" id="5" lcat="np" lemma="bondskanselier" naamval="stan" ntype="soort" num="sg" pos="noun" postag="N(soort,ev,basis,zijd,stan)" pt="n" rel="hd" rnum="sg" root="bondskanselier" sense="bondskanselier" word="bondskanselier"/>
        <node begin="3" cat="mwu" end="5" his="normal" his_1="names_dictionary" id="6" mwu_root="Angela Merkel" mwu_sense="Angela Merkel" rel="app">
          <node begin="3" end="4" frame="proper_name(sg,'PER')" id="7" lcat="np" lemma="Angela" neclass="PER" num="sg" pos="name" postag="SPEC(deeleigen)" pt="spec" rel="mwp" rnum="sg" root="Angela" sense="Angela" spectype="deeleigen" word="Angela"/>
          <node begin="4" end="5" frame="proper_name(sg,'PER')" id="8" lcat="np" lemma="Merkel" neclass="PER" num="sg" pos="name" postag="SPEC(deeleigen)" pt="spec" rel="mwp" rnum="sg" root="Merkel" sense="Merkel" spectype="deeleigen" word="Merkel"/>
        </node>
      </node>
      <node begin="5" end="6" frame="verb(hebben,sg_heeft,aux_psp_hebben)" his="normal" his_1="normal" id="9" infl="sg_heeft" lcat="smain" lemma="hebben" pos="verb" postag="WW(pv,tgw,met-t)" pt="ww" pvagr="met-t" pvtijd="tgw" rel="hd" root="heb" sc="aux_psp_hebben" sense="heb" stype="declarative" tense="present" word="heeft" wvorm="pv"/>
      <node begin="0" cat="inf" end="18" id="10" rel="vc">
        <node begin="0" end="5" id="11" index="1" rel="su"/>
        <node begin="6" end="7" frame="tmp_noun(de,count,sg)" gen="de" genus="zijd" getal="ev" graad="basis" his="normal" his_1="normal" id="12" lcat="np" lemma="zondag" naamval="stan" ntype="eigen" num="sg" pos="noun" postag="N(eigen,ev,basis,zijd,stan)" pt="n" rel="mod" rnum="sg" root="zondag" sense="zondag" special="tmp" word="zondag"/>
        <node begin="10" buiging="zonder" end="11" frame="verb(hebben,inf,aci_no_obj)" his="normal" his_1="normal" id="13" infl="inf" lcat="inf" lemma="laten" pos="verb" positie="vrij" postag="WW(inf,vrij,zonder)" pt="ww" rel="hd" root="laat" sc="aci_no_obj" sense="laat" word="laten" wvorm="inf"/>
        <node begin="7" cat="inf" end="12" id="14" rel="vc">
          <node begin="7" cat="pp" end="10" id="15" rel="ld">
            <node begin="7" end="8" frame="preposition(in,[])" his="normal" his_1="normal" id="16" lcat="pp" lemma="in" pos="prep" postag="VZ(init)" pt="vz" rel="hd" root="in" sense="in" vztype="init" word="in"/>
            <node begin="8" cat="np" end="10" id="17" rel="obj1">
              <node begin="8" buiging="zonder" end="9" frame="determiner(pron)" getal="ev" his="normal" his_1="normal" id="18" infl="pron" lcat="detp" lemma="haar" naamval="stan" npagr="agr" pdtype="det" persoon="3" pos="det" positie="prenom" postag="VNW(bez,det,stan,vol,3,ev,prenom,zonder,agr)" pron="true" pt="vnw" rel="det" root="haar" sense="haar" status="vol" vwtype="bez" word="haar"/>
              <node begin="9" end="10" frame="noun(de,count,pl)" gen="de" getal="mv" graad="basis" his="normal" his_1="normal" id="19" lcat="np" lemma="kaart" ntype="soort" num="pl" pos="noun" postag="N(soort,mv,basis)" pt="n" rel="hd" rnum="pl" root="kaart" sense="kaart" word="kaarten"/>
            </node>
          </node>
          <node begin="11" buiging="zonder" end="12" frame="verb(hebben,inf,ld_pp)" his="normal" his_1="normal" id="20" infl="inf" lcat="inf" lemma="kijken" pos="verb" positie="vrij" postag="WW(inf,vrij,zonder)" pt="ww" rel="hd" root="kijk" sc="ld_pp" sense="kijk" word="kijken" wvorm="inf"/>
        </node>
        <node begin="12" cat="pp" end="18" id="21" rel="mod">
          <node begin="12" end="13" frame="preposition(over,[heen])" his="normal" his_1="normal" id="22" lcat="pp" lemma="over" pos="prep" postag="VZ(init)" pt="vz" rel="hd" root="over" sense="over" vztype="init" word="over"/>
          <node begin="13" cat="np" end="18" id="23" rel="obj1">
            <node begin="13" end="14" frame="determiner(de)" his="normal" his_1="normal" id="24" infl="de" lcat="detp" lemma="de" lwtype="bep" naamval="stan" npagr="rest" pos="det" postag="LID(bep,stan,rest)" pt="lid" rel="det" root="de" sense="de" word="de"/>
            <node begin="14" end="15" frame="noun(de,count,sg)" gen="de" genus="zijd" getal="ev" graad="basis" his="normal" his_1="normal" id="25" lcat="np" lemma="hervorming" naamval="stan" ntype="soort" num="sg" pos="noun" postag="N(soort,ev,basis,zijd,stan)" pt="n" rel="hd" rnum="sg" root="hervorming" sense="hervorming" word="hervorming"/>
            <node begin="15" cat="pp" end="18" id="26" rel="mod">
              <node begin="15" end="16" frame="preposition(van,[af,uit,vandaan,[af,aan]])" his="normal" his_1="normal" id="27" lcat="pp" lemma="van" pos="prep" postag="VZ(init)" pt="vz" rel="hd" root="van" sense="van" vztype="init" word="van"/>
              <node begin="16" cat="np" end="18" id="28" rel="obj1">
                <node begin="16" end="17" frame="determiner(de)" his="normal" his_1="normal" id="29" infl="de" lcat="detp" lemma="de" lwtype="bep" naamval="stan" npagr="rest" pos="det" postag="LID(bep,stan,rest)" pt="lid" rel="det" root="de" sense="de" word="de"/>
                <node begin="17" end="18" frame="noun(de,count,sg)" gen="de" genus="zijd" getal="ev" graad="basis" his="normal" his_1="normal" id="30" lcat="np" lemma="euro_zone" naamval="stan" ntype="soort" num="sg" pos="noun" postag="N(soort,ev,basis,zijd,stan)" pt="n" rel="hd" rnum="sg" root="euro_zone" sense="euro_zone" word="eurozone"/>
              </node>
            </node>
          </node>
        </node>
      </node>
    </node>
    <node begin="18" end="19" frame="punct(punt)" his="normal" his_1="normal" id="31" lcat="punct" lemma="." pos="punct" postag="LET()" pt="let" rel="--" root="." sense="." special="punt" word="."/>
  </node>
  <sentence sentid="2">De Duitse bondskanselier Angela Merkel heeft zondag in haar kaarten laten kijken over de hervorming van de eurozone .</sentence>
  <comments>
    <comment>Q#2|De Duitse bondskanselier Angela Merkel heeft zondag in haar kaarten laten kijken over de hervorming van de eurozone .|1|1|-7.970959822910004</comment>
  </comments>
</alpino_ds>
