<?xml version="1.0" encoding="UTF-8"?>
<alpino_ds version="1.6">
  <parser cats="1" skips="0" />
  <node begin="0" cat="top" end="29" id="0" rel="top">
    <node begin="5" end="6" frame="punct(aanhaal_both)" his="normal" his_1="normal" id="1" lcat="punct" lemma="&apos;" pos="punct" postag="LET()" pt="let" rel="--" root="&apos;" sense="&apos;" special="aanhaal_both" word="&apos;"/>
    <node begin="9" end="10" frame="punct(aanhaal_both)" his="normal" his_1="normal" id="2" lcat="punct" lemma="&apos;" pos="punct" postag="LET()" pt="let" rel="--" root="&apos;" sense="&apos;" special="aanhaal_both" word="&apos;"/>
    <node begin="17" end="18" frame="punct(komma)" his="normal" his_1="normal" id="3" lcat="punct" lemma="," pos="punct" postag="LET()" pt="let" rel="--" root="," sense="," special="komma" word=","/>
    <node begin="25" end="26" frame="punct(komma)" his="normal" his_1="normal" id="4" lcat="punct" lemma="," pos="punct" postag="LET()" pt="let" rel="--" root="," sense="," special="komma" word=","/>
    <node begin="0" cat="smain" end="28" id="5" rel="--">
      <node begin="0" cat="pp" end="9" id="6" rel="mod">
        <node begin="0" end="1" frame="preposition(in,[])" his="normal" his_1="decap" his_1_1="normal" id="7" lcat="pp" lemma="in" pos="prep" postag="VZ(init)" pt="vz" rel="hd" root="in" sense="in" vztype="init" word="In"/>
        <node begin="1" cat="np" end="9" id="8" rel="obj1">
          <node begin="1" end="2" frame="determiner(een)" his="normal" his_1="normal" id="9" infl="een" lcat="detp" lemma="een" lwtype="onbep" naamval="stan" npagr="agr" pos="det" postag="LID(onbep,stan,agr)" pt="lid" rel="det" root="een" sense="een" word="een"/>
          <node begin="2" end="3" frame="noun(het,count,sg)" gen="het" genus="onz" getal="ev" graad="basis" his="normal" his_1="normal" id="10" lcat="np" lemma="interview" naamval="stan" ntype="soort" num="sg" pos="noun" postag="N(soort,ev,basis,onz,stan)" pt="n" rel="hd" rnum="sg" root="interview" sense="interview" word="interview"/>
          <node begin="3" cat="pp" end="9" id="11" rel="mod">
            <node begin="3" end="4" frame="preposition(met,[mee,[en,al]])" his="normal" his_1="normal" id="12" lcat="pp" lemma="met" pos="prep" postag="VZ(init)" pt="vz" rel="hd" root="met" sense="met" vztype="init" word="met"/>
            <node begin="4" cat="np" end="9" id="13" rel="obj1">
              <node begin="4" end="5" frame="determiner(de)" his="normal" his_1="normal" id="14" infl="de" lcat="detp" lemma="de" lwtype="bep" naamval="stan" npagr="rest" pos="det" postag="LID(bep,stan,rest)" pt="lid" rel="det" root="de" sense="de" word="de"/>
              <node begin="6" cat="mwu" end="9" his="name" his_1="begin" id="15" mwu_root="Frankfurter Allgemeinen Sonntagszeitung" mwu_sense="Frankfurter Allgemeinen Sonntagszeitung" rel="hd">
                <node begin="6" end="7" frame="proper_name(both)" id="16" lcat="np" lemma="Frankfurter" neclass="MISC" num="both" pos="name" postag="SPEC(deeleigen)" pt="spec" rel="mwp" rnum="sg" root="Frankfurter" sense="Frankfurter" spectype="deeleigen" word="Frankfurter"/>
                <node begin="7" end="8" frame="proper_name(both)" id="17" lcat="np" lemma="Allgemeinen" neclass="MISC" num="both" pos="name" postag="SPEC(deeleigen)" pt="spec" rel="mwp" rnum="sg" root="Allgemeinen" sense="Allgemeinen" spectype="deeleigen" word="Allgemeinen"/>
                <node begin="8" end="9" frame="proper_name(both)" id="18" lcat="np" lemma="Sonntagszeitung" neclass="MISC" num="both" pos="name" postag="SPEC(deeleigen)" pt="spec" rel="mwp" rnum="sg" root="Sonntagszeitung" sense="Sonntagszeitung" spectype="deeleigen" word="Sonntagszeitung"/>
              </node>
            </node>
          </node>
        </node>
      </node>
      <node begin="10" end="11" frame="verb(hebben,sg3,np_pc_pp(van))" his="normal" his_1="normal" id="19" infl="sg3" lcat="smain" lemma="dienen" pos="verb" postag="WW(pv,tgw,met-t)" pt="ww" pvagr="met-t" pvtijd="tgw" rel="hd" root="dien" sc="np_pc_pp(van)" sense="dien-van" stype="declarative" tense="present" word="dient" wvorm="pv"/>
      <node begin="11" case="both" def="def" end="12" frame="pronoun(nwh,thi,both,de,both,def,wkpro)" gen="de" genus="fem" getal="ev" his="normal" his_1="normal" id="20" lcat="np" lemma="ze" naamval="stan" num="both" pdtype="pron" per="thi" persoon="3" pos="pron" postag="VNW(pers,pron,stan,red,3,ev,fem)" pt="vnw" rel="su" rnum="sg" root="ze" sense="ze" special="wkpro" status="red" vwtype="pers" wh="nwh" word="ze"/>
      <node begin="12" cat="np" end="25" id="21" rel="obj1">
        <node begin="12" end="13" frame="determiner(de)" his="normal" his_1="normal" id="22" infl="de" lcat="detp" lemma="de" lwtype="bep" naamval="stan" npagr="rest" pos="det" postag="LID(bep,stan,rest)" pt="lid" rel="det" root="de" sense="de" word="de"/>
        <node aform="base" begin="13" buiging="met-e" end="14" frame="adjective(e)" graad="basis" his="normal" his_1="normal" id="23" infl="e" lcat="ap" lemma="Frans" naamval="stan" pos="adj" positie="prenom" postag="ADJ(prenom,basis,met-e,stan)" pt="adj" rel="mod" root="Frans" sense="Frans" vform="adj" word="Franse"/>
        <node begin="14" end="15" frame="noun(de,count,sg)" gen="de" genus="zijd" getal="ev" graad="basis" his="normal" his_1="normal" id="24" lcat="np" lemma="president" naamval="stan" ntype="soort" num="sg" pos="noun" postag="N(soort,ev,basis,zijd,stan)" pt="n" rel="hd" rnum="sg" root="president" sense="president" word="president"/>
        <node begin="15" cat="mwu" end="17" his="name" his_1="not_begin" id="25" mwu_root="Emmanuel Macron" mwu_sense="Emmanuel Macron" rel="app">
          <node begin="15" end="16" frame="proper_name(sg,'PER')" id="26" lcat="np" lemma="Emmanuel" neclass="PER" num="sg" pos="name" postag="SPEC(deeleigen)" pt="spec" rel="mwp" rnum="sg" root="Emmanuel" sense="Emmanuel" spectype="deeleigen" word="Emmanuel"/>
          <node begin="16" end="17" frame="proper_name(sg,'PER')" id="27" lcat="np" lemma="Macron" neclass="PER" num="sg" pos="name" postag="SPEC(deeleigen)" pt="spec" rel="mwp" rnum="sg" root="Macron" sense="Macron" spectype="deeleigen" word="Macron"/>
        </node>
        <node begin="18" cat="rel" end="25" id="28" rel="mod">
          <node begin="18" case="no_obl" end="19" frame="rel_pronoun(de,no_obl)" gen="de" getal="getal" his="normal" his_1="normal" id="29" index="1" lcat="np" lemma="die" naamval="stan" pdtype="pron" persoon="persoon" pos="pron" postag="VNW(betr,pron,stan,vol,persoon,getal)" pt="vnw" rel="rhd" rnum="sg" root="die" sense="die" status="vol" vwtype="betr" wh="rel" word="die"/>
          <node begin="18" cat="ssub" end="25" id="30" rel="body">
            <node begin="18" end="19" id="31" index="1" rel="su"/>
            <node aform="compar" begin="19" buiging="zonder" end="20" frame="adjective(er(adv))" graad="basis" his="normal" his_1="normal" id="32" infl="no_e" lcat="ap" lemma="eerder" pos="adj" positie="vrij" postag="ADJ(vrij,basis,zonder)" pt="adj" rel="mod" root="eerder" sense="eerder" vform="adj" word="eerder"/>
            <node begin="20" end="21" frame="verb(hebben,past(sg),pc_pp(voor))" his="normal" his_1="normal" id="33" infl="sg" lcat="ssub" lemma="pleiten" pos="verb" postag="WW(pv,verl,ev)" pt="ww" pvagr="ev" pvtijd="verl" rel="hd" root="pleit" sc="pc_pp(voor)" sense="pleit-voor" tense="past" word="pleitte" wvorm="pv"/>
            <node begin="21" cat="pp" end="25" id="34" rel="pc">
              <node begin="21" end="22" frame="preposition(voor,[aan,door,uit,[in,de,plaats]])" his="normal" his_1="normal" id="35" lcat="pp" lemma="voor" pos="prep" postag="VZ(init)" pt="vz" rel="hd" root="voor" sense="voor" vztype="init" word="voor"/>
              <node begin="22" cat="np" end="25" id="36" rel="obj1">
                <node begin="22" end="23" frame="determiner(een)" his="normal" his_1="normal" id="37" infl="een" lcat="detp" lemma="een" lwtype="onbep" naamval="stan" npagr="agr" pos="det" postag="LID(onbep,stan,agr)" pt="lid" rel="det" root="een" sense="een" word="een"/>
                <node aform="base" begin="23" buiging="met-e" end="24" frame="adjective(e)" graad="basis" his="normal" his_1="normal" id="38" infl="e" lcat="ap" lemma="sterk" naamval="stan" pos="adj" positie="prenom" postag="ADJ(prenom,basis,met-e,stan)" pt="adj" rel="mod" root="sterk" sense="sterk" vform="adj" word="sterke"/>
                <node begin="24" end="25" frame="noun(de,count,sg)" gen="de" genus="zijd" getal="ev" graad="basis" his="normal" his_1="normal" id="39" lcat="np" lemma="euro_zone" naamval="stan" ntype="soort" num="sg" pos="noun" postag="N(soort,ev,basis,zijd,stan)" pt="n" rel="hd" rnum="sg" root="euro_zone" sense="euro_zone" word="eurozone"/>
              </node>
            </node>
          </node>
        </node>
      </node>
      <node begin="26" cat="pp" end="28" id="40" rel="pc">
        <node begin="26" end="27" frame="preposition(van,[af,uit,vandaan,[af,aan]])" his="normal" his_1="normal" id="41" lcat="pp" lemma="van" pos="prep" postag="VZ(init)" pt="vz" rel="hd" root="van" sense="van" vztype="init" word="van"/>
        <node begin="27" end="28" frame="noun(het,count,sg)" gen="het" genus="onz" getal="ev" graad="basis" his="normal" his_1="normal" id="42" lcat="np" lemma="antwoord" naamval="stan" ntype="soort" num="sg" pos="noun" postag="N(soort,ev,basis,onz,stan)" pt="n" rel="obj1" rnum="sg" root="antwoord" sense="antwoord" word="antwoord"/>
      </node>
    </node>
    <node begin="28" end="29" frame="punct(punt)" his="normal" his_1="normal" id="43" lcat="punct" lemma="." pos="punct" postag="LET()" pt="let" rel="--" root="." sense="." special="punt" word="."/>
  </node>
  <sentence sentid="3">In een interview met de &apos; Frankfurter Allgemeinen Sonntagszeitung &apos; dient ze de Franse president Emmanuel Macron , die eerder pleitte voor een sterke eurozone , van antwoord .</sentence>
  <comments>
    <comment>Q#3|In een interview met de &apos; Frankfurter Allgemeinen Sonntagszeitung &apos; dient ze de Franse president Emmanuel Macron , die eerder pleitte voor een sterke eurozone , van antwoord .|1|1|-5.275517312559991</comment>
  </comments>
</alpino_ds>
