<?xml version="1.0" encoding="UTF-8"?>
<alpino_ds version="1.6">
  <parser cats="4" skips="3" />
  <node begin="0" cat="top" end="19" id="0" rel="top">
    <node begin="5" conjtype="onder" end="6" frame="complementizer(dat)" his="robust_skip" id="1" lcat="--" lemma="dat" pos="comp" postag="VG(onder)" pt="vg" rel="--" root="dat" sc="dat" sense="dat" word="dat"/>
    <node begin="10" end="11" frame="punct(haak_open)" his="robust_skip" id="2" lcat="--" lemma="(" pos="punct" postag="LET()" pt="let" rel="--" root="(" sense="(" special="haak_open" word="("/>
    <node begin="11" end="12" frame="modal_adverb(noun_prep)" his="robust_skip" id="3" lcat="--" lemma="minstens" pos="adv" postag="BW()" pt="bw" rel="--" root="minstens" sc="noun_prep" sense="minstens" word="minstens"/>
    <node begin="13" end="14" frame="punct(komma)" his="normal" his_1="normal" id="4" lcat="punct" lemma="," pos="punct" postag="LET()" pt="let" rel="--" root="," sense="," special="komma" word=","/>
    <node begin="15" end="16" frame="punct(haak_sluit)" his="robust_skip" id="5" lcat="--" lemma=")" pos="punct" postag="LET()" pt="let" rel="--" root=")" sense=")" special="haak_sluit" word=")"/>
    <node begin="16" end="17" frame="meas_mod_noun(both,count,pl)" gen="both" getal="mv" graad="basis" his="robust_skip" id="6" lcat="--" lemma="miljard" ntype="soort" num="pl" pos="noun" postag="N(soort,mv,basis)" pt="n" rel="--" root="miljard" sense="miljard" special="meas_mod" word="miljarden"/>
    <node begin="0" cat="du" end="18" id="7" rel="--">
      <node begin="0" cat="smain" end="5" id="8" rel="dp">
        <node begin="0" end="1" frame="proper_name(sg,'PER')" genus="zijd" getal="ev" graad="basis" his="normal" his_1="names_dictionary" id="9" lcat="np" lemma="Merkel" naamval="stan" neclass="PER" ntype="eigen" num="sg" pos="name" postag="N(eigen,ev,basis,zijd,stan)" pt="n" rel="su" rnum="sg" root="Merkel" sense="Merkel" word="Merkel"/>
        <node begin="1" end="2" frame="verb(hebben,past(sg),part_transitive(voor))" his="normal" his_1="normal" id="10" infl="sg" lcat="smain" lemma="voor_stellen" pos="verb" postag="WW(pv,verl,ev)" pt="ww" pvagr="ev" pvtijd="verl" rel="hd" root="stel_voor" sc="part_transitive(voor)" sense="stel_voor" stype="declarative" tense="past" word="stelde" wvorm="pv"/>
        <node begin="2" cat="np" end="4" id="11" rel="obj1">
          <node begin="2" end="3" frame="determiner(een)" his="normal" his_1="normal" id="12" infl="een" lcat="detp" lemma="een" lwtype="onbep" naamval="stan" npagr="agr" pos="det" postag="LID(onbep,stan,agr)" pt="lid" rel="det" root="een" sense="een" word="een"/>
          <node begin="3" end="4" frame="noun(het,count,sg)" gen="het" genus="onz" getal="ev" graad="basis" his="compound" his_1="2" id="13" lcat="np" lemma="investering_budget" naamval="stan" ntype="soort" num="sg" pos="noun" postag="N(soort,ev,basis,onz,stan)" pt="n" rel="hd" rnum="sg" root="investering_budget" sense="investering_budget" word="investeringsbudget"/>
        </node>
        <node begin="4" end="5" frame="particle(voor)" his="normal" his_1="normal" id="14" lcat="part" lemma="voor" pos="part" postag="VZ(fin)" pt="vz" rel="svp" root="voor" sense="voor" vztype="fin" word="voor"/>
      </node>
      <node begin="6" cat="pp" end="10" id="15" rel="dp">
        <node begin="6" end="7" frame="preposition(in,[])" his="normal" his_1="normal" id="16" lcat="pp" lemma="in" pos="prep" postag="VZ(init)" pt="vz" rel="hd" root="in" sense="in" vztype="init" word="in"/>
        <node begin="7" cat="np" end="10" id="17" rel="obj1">
          <node begin="7" end="8" frame="determiner(de)" his="normal" his_1="normal" id="18" infl="de" lcat="detp" lemma="de" lwtype="bep" naamval="stan" npagr="rest" pos="det" postag="LID(bep,stan,rest)" pt="lid" rel="det" root="de" sense="de" word="de"/>
          <node aform="base" begin="8" buiging="met-e" end="9" frame="adjective(e)" graad="basis" his="normal" his_1="normal" id="19" infl="e" lcat="ap" lemma="laag" naamval="stan" pos="adj" positie="prenom" postag="ADJ(prenom,basis,met-e,stan)" pt="adj" rel="mod" root="laag" sense="laag" vform="adj" word="lage"/>
          <node begin="9" end="10" frame="noun(both,both,both)" gen="both" genus="zijd" getal="ev" graad="basis" his="noun" id="20" lcat="np" lemma="tweecijferige" naamval="stan" ntype="soort" num="both" pos="noun" postag="N(soort,ev,basis,zijd,stan)" pt="n" rel="hd" rnum="sg" root="tweecijferige" sense="tweecijferige" word="tweecijferige"/>
        </node>
      </node>
      <node begin="12" cat="du" end="15" id="21" rel="dp">
        <node begin="12" end="13" frame="number(hoofd(pl_num))" his="normal" his_1="normal" id="22" infl="pl_num" lcat="np" lemma="10" numtype="hoofd" pos="num" positie="vrij" postag="TW(hoofd,vrij)" pt="tw" rel="nucl" rnum="pl" root="10" sense="10" special="hoofd" word="10"/>
        <node begin="14" end="15" frame="tag" genus="zijd" getal="ev" graad="basis" his="normal" his_1="normal" id="23" lcat="advp" lemma="red." naamval="stan" ntype="soort" pos="tag" postag="N(soort,ev,basis,zijd,stan)" pt="n" rel="tag" root="red." sense="red." word="red."/>
      </node>
      <node begin="17" end="18" frame="verb('hebben/zijn',sg3,intransitive)" his="normal" his_1="normal" id="24" infl="sg3" lcat="sv1" lemma="lopen" pos="verb" postag="WW(pv,tgw,met-t)" pt="ww" pvagr="met-t" pvtijd="tgw" rel="dp" root="loop" sc="intransitive" sense="loop" stype="topic_drop" tense="present" word="loopt" wvorm="pv"/>
    </node>
    <node begin="18" end="19" frame="punct(punt)" his="robust_skip" id="25" lcat="--" lemma="." pos="punct" postag="LET()" pt="let" rel="--" root="." sense="." special="punt" word="."/>
  </node>
  <sentence sentid="4">Merkel stelde een investeringsbudget voor dat in de lage tweecijferige ( minstens 10 , red. ) miljarden loopt .</sentence>
  <comments>
    <comment>Q#4|Merkel stelde een investeringsbudget voor dat in de lage tweecijferige ( minstens 10 , red. ) miljarden loopt .|1|7|7.713232734270011</comment>
  </comments>
</alpino_ds>
