<?xml version="1.0" encoding="UTF-8"?>
<alpino_ds version="1.6">
  <parser cats="1" skips="0" />
  <node begin="0" cat="top" end="13" id="0" rel="top">
    <node begin="9" end="10" frame="punct(komma)" his="normal" his_1="normal" id="1" lcat="punct" lemma="," pos="punct" postag="LET()" pt="let" rel="--" root="," sense="," special="komma" word=","/>
    <node begin="0" cat="du" end="12" id="2" rel="--">
      <node begin="0" cat="smain" end="9" id="3" rel="nucl">
        <node begin="0" cat="np" end="2" id="4" index="1" rel="su">
          <node begin="0" buiging="zonder" end="1" frame="determiner(een)" his="normal" his_1="decap" his_1_1="normal" id="5" infl="een" lcat="detp" lemma="zo&apos;n" naamval="stan" npagr="agr" pdtype="det" pos="det" positie="prenom" postag="VNW(aanw,det,stan,prenom,zonder,agr)" pt="vnw" rel="det" root="zo&apos;n" sense="zo&apos;n" vwtype="aanw" word="Zo&apos;n"/>
          <node begin="1" end="2" frame="noun(het,count,sg)" gen="het" genus="onz" getal="ev" graad="basis" his="normal" his_1="normal" id="6" lcat="np" lemma="budget" naamval="stan" ntype="soort" num="sg" pos="noun" postag="N(soort,ev,basis,onz,stan)" pt="n" rel="hd" rnum="sg" root="budget" sense="budget" word="budget"/>
        </node>
        <node begin="2" end="3" frame="verb(hebben,past(sg),aux(inf))" his="normal" his_1="normal" id="7" infl="sg" lcat="smain" lemma="zullen" pos="verb" postag="WW(pv,verl,ev)" pt="ww" pvagr="ev" pvtijd="verl" rel="hd" root="zal" sc="aux(inf)" sense="zal" stype="declarative" tense="past" word="zou" wvorm="pv"/>
        <node begin="0" cat="inf" end="9" id="8" rel="vc">
          <node begin="0" end="2" id="9" index="1" rel="su"/>
          <node begin="4" buiging="zonder" end="5" frame="verb('hebben/zijn',inf,modifier(aux(inf)))" his="normal" his_1="normal" id="10" infl="inf" lcat="inf" lemma="moeten" pos="verb" positie="vrij" postag="WW(inf,vrij,zonder)" pt="ww" rel="hd" root="moet" sc="modifier(aux(inf))" sense="moet" word="moeten" wvorm="inf"/>
          <node begin="0" cat="inf" end="9" id="11" rel="vc">
            <node begin="0" end="2" id="12" index="1" rel="su"/>
            <node begin="5" buiging="zonder" end="6" frame="verb(unacc,inf,passive)" his="normal" his_1="normal" id="13" infl="inf" lcat="inf" lemma="worden" pos="verb" positie="vrij" postag="WW(inf,vrij,zonder)" pt="ww" rel="hd" root="word" sc="passive" sense="word" word="worden" wvorm="inf"/>
            <node begin="0" cat="conj" end="9" id="14" rel="vc">
              <node begin="0" cat="ppart" end="7" id="15" rel="cnj">
                <node begin="0" end="2" id="16" index="1" rel="obj1"/>
                <node aform="base" begin="3" buiging="zonder" end="4" frame="adjective(no_e(adv))" graad="basis" his="normal" his_1="normal" id="17" index="2" infl="no_e" lcat="ap" lemma="geleidelijk" pos="adj" positie="vrij" postag="ADJ(vrij,basis,zonder)" pt="adj" rel="mod" root="geleidelijk" sense="geleidelijk" vform="adj" word="geleidelijk"/>
                <node begin="6" buiging="zonder" end="7" frame="verb(hebben,psp,ninv(transitive,part_transitive(in)))" his="normal" his_1="part-V" id="18" infl="psp" lcat="ppart" lemma="in_voeren" pos="verb" positie="vrij" postag="WW(vd,vrij,zonder)" pt="ww" rel="hd" root="voer_in" sc="part_transitive(in)" sense="voer_in" word="ingevoerd" wvorm="vd"/>
              </node>
              <node begin="7" conjtype="neven" end="8" frame="conj(en)" his="normal" his_1="normal" id="19" lcat="vg" lemma="en" pos="vg" postag="VG(neven)" pt="vg" rel="crd" root="en" sense="en" word="en"/>
              <node begin="0" cat="ppart" end="9" id="20" rel="cnj">
                <node begin="0" end="2" id="21" index="1" rel="obj1"/>
                <node begin="3" end="4" id="22" index="2" rel="mod"/>
                <node begin="8" buiging="zonder" end="9" frame="verb(hebben,psp,transitive)" his="normal" his_1="normal" id="23" infl="psp" lcat="ppart" lemma="evalueren" pos="verb" positie="vrij" postag="WW(vd,vrij,zonder)" pt="ww" rel="hd" root="evalueer" sc="transitive" sense="evalueer" word="geëvalueerd" wvorm="vd"/>
              </node>
            </node>
          </node>
        </node>
      </node>
      <node begin="10" cat="sv1" end="12" id="24" rel="tag">
        <node begin="10" end="11" frame="verb(hebben,past(sg),sbar)" his="normal" his_1="normal" id="25" infl="sg" lcat="sv1" lemma="klinken" pos="verb" postag="WW(pv,verl,ev)" pt="ww" pvagr="ev" pvtijd="verl" rel="hd" root="klink" sc="sbar" sense="klink" tense="past" word="klonk" wvorm="pv"/>
        <node begin="11" end="12" frame="determiner(het,nwh,nmod,pro,nparg,wkpro)" genus="onz" getal="ev" his="normal" his_1="normal" id="26" infl="het" lcat="np" lemma="het" naamval="stan" pdtype="pron" persoon="3" pos="det" postag="VNW(pers,pron,stan,red,3,ev,onz)" pt="vnw" rel="su" rnum="sg" root="het" sense="het" status="red" vwtype="pers" wh="nwh" word="het"/>
      </node>
    </node>
    <node begin="12" end="13" frame="punct(punt)" his="normal" his_1="normal" id="27" lcat="punct" lemma="." pos="punct" postag="LET()" pt="let" rel="--" root="." sense="." special="punt" word="."/>
  </node>
  <sentence sentid="5">Zo&apos;n budget zou geleidelijk moeten worden ingevoerd en geëvalueerd , klonk het .</sentence>
  <comments>
    <comment>Q#5|Zo&apos;n budget zou geleidelijk moeten worden ingevoerd en geëvalueerd , klonk het .|1|1|-9.313170513610002</comment>
  </comments>
</alpino_ds>
