<?xml version="1.0" encoding="UTF-8"?>
<alpino_ds version="1.6">
  <parser cats="1" skips="0" />
  <node begin="0" cat="top" end="31" id="0" rel="top">
    <node begin="15" end="16" frame="punct(komma)" his="normal" his_1="normal" id="1" lcat="punct" lemma="," pos="punct" postag="LET()" pt="let" rel="--" root="," sense="," special="komma" word=","/>
    <node begin="17" end="18" frame="punct(komma)" his="normal" his_1="normal" id="2" lcat="punct" lemma="," pos="punct" postag="LET()" pt="let" rel="--" root="," sense="," special="komma" word=","/>
    <node begin="21" end="22" frame="punct(komma)" his="normal" his_1="normal" id="3" lcat="punct" lemma="," pos="punct" postag="LET()" pt="let" rel="--" root="," sense="," special="komma" word=","/>
    <node begin="0" cat="smain" end="30" id="4" rel="--">
      <node begin="0" end="1" frame="proper_name(sg,'PER')" genus="zijd" getal="ev" graad="basis" his="normal" his_1="names_dictionary" id="5" lcat="np" lemma="Merkel" naamval="stan" neclass="PER" ntype="eigen" num="sg" pos="name" postag="N(eigen,ev,basis,zijd,stan)" pt="n" rel="su" rnum="sg" root="Merkel" sense="Merkel" word="Merkel"/>
      <node begin="1" end="2" frame="verb(hebben,past(sg),fixed([[in,het,midden],sbar],no_passive))" his="normal" his_1="normal" id="6" infl="sg" lcat="smain" lemma="laten" pos="verb" postag="WW(pv,verl,ev)" pt="ww" pvagr="ev" pvtijd="verl" rel="hd" root="laat" sc="fixed([[in,het,midden],sbar],no_passive)" sense="in-het-midden-laat" stype="declarative" tense="past" word="liet" wvorm="pv"/>
      <node begin="2" cat="mwu" end="5" his="normal" his_1="normal" id="7" mwu_root="in het midden" mwu_sense="in het midden" rel="svp">
        <node begin="2" end="3" frame="fixed_part([in,het,midden])" id="8" lcat="fixed" lemma="in" pos="fixed" postag="VZ(init)" pt="vz" rel="mwp" root="in" sense="in" vztype="init" word="in"/>
        <node begin="3" end="4" frame="fixed_part([in,het,midden])" id="9" lcat="fixed" lemma="het" lwtype="bep" naamval="stan" npagr="evon" pos="fixed" postag="LID(bep,stan,evon)" pt="lid" rel="mwp" root="het" sense="het" word="het"/>
        <node begin="4" end="5" frame="fixed_part([in,het,midden])" id="10" lcat="fixed" lemma="midden" pos="fixed" postag="BW()" pt="bw" rel="mwp" root="midden" sense="midden" word="midden"/>
      </node>
      <node begin="5" cat="cp" end="30" id="11" rel="vc">
        <node begin="5" conjtype="onder" end="6" frame="complementizer(of)" his="normal" his_1="normal" id="12" lcat="cp" lemma="of" pos="comp" postag="VG(onder)" pt="vg" rel="cmp" root="of" sc="of" sense="of" word="of"/>
        <node begin="6" cat="conj" end="30" id="13" rel="body">
          <node begin="6" cat="ssub" end="15" id="14" rel="cnj">
            <node begin="6" cat="np" end="8" id="15" index="1" rel="su">
              <node begin="6" buiging="zonder" end="7" frame="determiner(het,nwh,nmod,pro,nparg)" his="normal" his_1="normal" id="16" infl="het" lcat="detp" lemma="dit" naamval="stan" npagr="evon" pdtype="det" pos="det" positie="prenom" postag="VNW(aanw,det,stan,prenom,zonder,evon)" pt="vnw" rel="det" root="dit" sense="dit" vwtype="aanw" wh="nwh" word="dit"/>
              <node begin="7" end="8" frame="noun(het,count,sg)" gen="het" genus="onz" getal="ev" graad="basis" his="normal" his_1="normal" id="17" lcat="np" lemma="budget" naamval="stan" ntype="soort" num="sg" pos="noun" postag="N(soort,ev,basis,onz,stan)" pt="n" rel="hd" rnum="sg" root="budget" sense="budget" word="budget"/>
            </node>
            <node begin="9" end="10" frame="verb('hebben/zijn',sg,modifier(aux(inf)))" his="normal" his_1="normal" id="18" infl="sg" lcat="ssub" lemma="moeten" pos="verb" postag="WW(pv,tgw,ev)" pt="ww" pvagr="ev" pvtijd="tgw" rel="hd" root="moet" sc="modifier(aux(inf))" sense="moet" tense="present" word="moet" wvorm="pv"/>
            <node begin="6" cat="inf" end="15" id="19" rel="vc">
              <node begin="6" end="8" id="20" index="1" rel="su"/>
              <node begin="8" end="9" frame="mod_noun(het,count,sg)" gen="het" genus="onz" getal="ev" graad="basis" his="normal" his_1="normal" id="21" lcat="np" lemma="deel" naamval="stan" ntype="soort" num="sg" pos="noun" postag="N(soort,ev,basis,onz,stan)" pt="n" rel="obj1" rnum="sg" root="deel" sense="deel" special="mod" word="deel"/>
              <node begin="10" buiging="zonder" end="11" frame="verb(hebben,inf,ninv(fixed([{[acc(deel),pc(van)]}],norm_passive),part_fixed(uit,[{[acc(deel),pc(van)]}],norm_passive)))" his="normal" his_1="part-V" id="22" infl="inf" lcat="inf" lemma="uit_maken" pos="verb" positie="vrij" postag="WW(inf,vrij,zonder)" pt="ww" rel="hd" root="maak_uit" sc="part_fixed(uit,[{[acc(deel),pc(van)]}],norm_passive)" sense="deel-maak_uit-van" word="uitmaken" wvorm="inf"/>
              <node begin="11" cat="pp" end="15" id="23" rel="pc">
                <node begin="11" end="12" frame="preposition(van,[af,uit,vandaan,[af,aan]])" his="normal" his_1="normal" id="24" lcat="pp" lemma="van" pos="prep" postag="VZ(init)" pt="vz" rel="hd" root="van" sense="van" vztype="init" word="van"/>
                <node begin="12" cat="np" end="15" id="25" rel="obj1">
                  <node begin="12" end="13" frame="determiner(de)" his="normal" his_1="normal" id="26" infl="de" lcat="detp" lemma="de" lwtype="bep" naamval="stan" npagr="rest" pos="det" postag="LID(bep,stan,rest)" pt="lid" rel="det" root="de" sense="de" word="de"/>
                  <node aform="base" begin="13" buiging="met-e" end="14" frame="adjective(e)" graad="basis" his="normal" his_1="normal" id="27" infl="e" lcat="ap" lemma="Europees" naamval="stan" pos="adj" positie="prenom" postag="ADJ(prenom,basis,met-e,stan)" pt="adj" rel="mod" root="Europees" sense="Europees" vform="adj" word="Europese"/>
                  <node begin="14" end="15" frame="noun(de,count,sg)" gen="de" genus="zijd" getal="ev" graad="basis" his="normal" his_1="normal" id="28" lcat="np" lemma="begroting" naamval="stan" ntype="soort" num="sg" pos="noun" postag="N(soort,ev,basis,zijd,stan)" pt="n" rel="hd" rnum="sg" root="begroting" sense="begroting" word="begroting"/>
                </node>
              </node>
            </node>
          </node>
          <node begin="16" conjtype="neven" end="17" frame="conj(of)" his="normal" his_1="normal" id="29" lcat="vg" lemma="of" pos="vg" postag="VG(neven)" pt="vg" rel="crd" root="of" sense="of" word="of"/>
          <node begin="6" cat="ssub" end="30" id="30" rel="cnj">
            <node begin="6" end="8" id="31" index="1" rel="su"/>
            <node begin="28" end="29" frame="verb(unacc,sg3,passive)" his="normal" his_1="normal" id="32" infl="sg3" lcat="ssub" lemma="worden" pos="verb" postag="WW(pv,tgw,met-t)" pt="ww" pvagr="met-t" pvtijd="tgw" rel="hd" root="word" sc="passive" sense="word" tense="present" word="wordt" wvorm="pv"/>
            <node begin="6" cat="ppart" end="30" id="33" rel="vc">
              <node begin="6" end="8" id="34" index="1" rel="obj1"/>
              <node begin="18" cat="cp" end="21" id="35" rel="mod">
                <node begin="18" conjtype="onder" end="19" frame="complementizer(zoals)" his="normal" his_1="normal" id="36" lcat="cp" lemma="zoals" pos="comp" postag="VG(onder)" pt="vg" rel="cmp" root="zoals" sc="zoals" sense="zoals" word="zoals"/>
                <node begin="19" cat="ssub" end="21" id="37" rel="body">
                  <node begin="19" end="20" frame="proper_name(sg,'PER')" genus="zijd" getal="ev" graad="basis" his="name" his_1="not_begin" id="38" lcat="np" lemma="Macron" naamval="stan" neclass="PER" ntype="eigen" num="sg" pos="name" postag="N(eigen,ev,basis,zijd,stan)" pt="n" rel="obj1" rnum="sg" root="Macron" sense="Macron" word="Macron"/>
                  <node begin="20" end="21" frame="verb(hebben,sg3,ninv(transitive,part_transitive(voor)))" his="normal" his_1="part-V" id="39" infl="sg3" lcat="ssub" lemma="voor_stellen" pos="verb" postag="WW(pv,tgw,met-t)" pt="ww" pvagr="met-t" pvtijd="tgw" rel="hd" root="stel_voor" sc="part_transitive(voor)" sense="stel_voor" tense="present" word="voorstelt" wvorm="pv"/>
                </node>
              </node>
              <node begin="22" cat="pp" end="28" id="40" rel="obj2">
                <node begin="22" end="23" frame="preposition(aan,[vooraf])" his="normal" his_1="normal" id="41" lcat="pp" lemma="aan" pos="prep" postag="VZ(init)" pt="vz" rel="hd" root="aan" sense="aan" vztype="init" word="aan"/>
                <node begin="23" cat="np" end="28" id="42" rel="obj1">
                  <node begin="23" end="24" frame="determiner(de)" his="normal" his_1="normal" id="43" infl="de" lcat="detp" lemma="de" lwtype="bep" naamval="stan" npagr="rest" pos="det" postag="LID(bep,stan,rest)" pt="lid" rel="det" root="de" sense="de" word="de"/>
                  <node aform="base" begin="24" buiging="met-e" end="25" frame="adjective(e)" graad="basis" his="normal" his_1="normal" id="44" infl="e" lcat="ap" lemma="Europees" naamval="stan" pos="adj" positie="prenom" postag="ADJ(prenom,basis,met-e,stan)" pt="adj" rel="mod" root="Europees" sense="Europees" vform="adj" word="Europese"/>
                  <node begin="25" end="26" frame="noun(de,count,pl)" gen="de" getal="mv" graad="basis" his="normal" his_1="normal" id="45" lcat="np" lemma="minister" ntype="soort" num="pl" pos="noun" postag="N(soort,mv,basis)" pt="n" rel="hd" rnum="pl" root="minister" sense="minister" word="ministers"/>
                  <node begin="26" cat="pp" end="28" id="46" rel="mod">
                    <node begin="26" end="27" frame="preposition(van,[af,uit,vandaan,[af,aan]])" his="normal" his_1="normal" id="47" lcat="pp" lemma="van" pos="prep" postag="VZ(init)" pt="vz" rel="hd" root="van" sense="van" vztype="init" word="van"/>
                    <node begin="27" end="28" frame="proper_name(sg,'ORG')" genus="zijd" getal="ev" graad="basis" his="normal" his_1="names_dictionary" id="48" lcat="np" lemma="Financiën" naamval="stan" neclass="ORG" ntype="eigen" num="sg" pos="name" postag="N(eigen,ev,basis,zijd,stan)" pt="n" rel="obj1" rnum="sg" root="Financiën" sense="Financiën" word="Financiën"/>
                  </node>
                </node>
              </node>
              <node begin="29" buiging="zonder" end="30" frame="verb(hebben,psp,ninv(so_pp_np,part_so_pp_np(toe)))" his="normal" his_1="part-V" id="49" infl="psp" lcat="ppart" lemma="toe_vertrouwen" pos="verb" positie="vrij" postag="WW(vd,vrij,zonder)" pt="ww" rel="hd" root="vertrouw_toe" sc="part_so_pp_np(toe)" sense="vertrouw_toe" word="toevertrouwd" wvorm="vd"/>
            </node>
          </node>
        </node>
      </node>
    </node>
    <node begin="30" end="31" frame="punct(punt)" his="normal" his_1="normal" id="50" lcat="punct" lemma="." pos="punct" postag="LET()" pt="let" rel="--" root="." sense="." special="punt" word="."/>
  </node>
  <sentence sentid="6">Merkel liet in het midden of dit budget deel moet uitmaken van de Europese begroting , of , zoals Macron voorstelt , aan de Europese ministers van Financiën wordt toevertrouwd .</sentence>
  <comments>
    <comment>Q#6|Merkel liet in het midden of dit budget deel moet uitmaken van de Europese begroting , of , zoals Macron voorstelt , aan de Europese ministers van Financiën wordt toevertrouwd .|1|1|-21.991945943950004</comment>
  </comments>
</alpino_ds>
