<?xml version="1.0" encoding="UTF-8"?>
<alpino_ds version="1.6">
  <parser cats="1" skips="0" />
  <node begin="0" cat="top" end="17" id="0" rel="top">
    <node begin="0" cat="smain" end="16" id="1" rel="--">
      <node begin="0" case="both" def="def" end="1" frame="pronoun(nwh,thi,both,de,both,def,wkpro)" gen="de" genus="fem" getal="ev" his="normal" his_1="decap" his_1_1="normal" id="2" lcat="np" lemma="ze" naamval="stan" num="both" pdtype="pron" per="thi" persoon="3" pos="pron" postag="VNW(pers,pron,stan,red,3,ev,fem)" pt="vnw" rel="su" rnum="sg" root="ze" sense="ze" special="wkpro" status="red" vwtype="pers" wh="nwh" word="Ze"/>
      <node begin="1" end="2" frame="verb(unacc,sg_heeft,copula)" his="normal" his_1="normal" id="3" infl="sg_heeft" lcat="smain" lemma="zijn" pos="verb" postag="WW(pv,tgw,ev)" pt="ww" pvagr="ev" pvtijd="tgw" rel="hd" root="ben" sc="copula" sense="ben" stype="declarative" tense="present" word="is" wvorm="pv"/>
      <node begin="2" end="3" frame="sentence_adverb" his="normal" his_1="normal" id="4" lcat="advp" lemma="ook" pos="adv" postag="BW()" pt="bw" rel="mod" root="ook" sense="ook" special="sentence" word="ook"/>
      <node begin="3" end="4" frame="noun(de,count,sg)" gen="de" genus="zijd" getal="ev" graad="basis" his="normal" his_1="normal" id="5" lcat="np" lemma="voorstander" naamval="stan" ntype="soort" num="sg" pos="noun" postag="N(soort,ev,basis,zijd,stan)" pt="n" rel="predc" rnum="sg" root="voorstander" sense="voorstander" word="voorstander"/>
      <node begin="4" cat="oti" end="16" id="6" rel="mod">
        <node begin="4" end="5" frame="complementizer(om)" his="normal" his_1="normal" id="7" lcat="oti" lemma="om" pos="comp" postag="VZ(init)" pt="vz" rel="cmp" root="om" sc="om" sense="om" vztype="init" word="om"/>
        <node begin="5" cat="ti" end="16" id="8" rel="body">
          <node begin="14" end="15" frame="complementizer(te)" his="normal" his_1="normal" id="9" lcat="ti" lemma="te" pos="comp" postag="VZ(init)" pt="vz" rel="cmp" root="te" sc="te" sense="te" vztype="init" word="te"/>
          <node begin="5" cat="inf" end="16" id="10" rel="body">
            <node begin="5" cat="np" end="11" id="11" rel="obj1">
              <node begin="5" end="6" frame="determiner(de)" his="normal" his_1="normal" id="12" infl="de" lcat="detp" lemma="de" lwtype="bep" naamval="stan" npagr="rest" pos="det" postag="LID(bep,stan,rest)" pt="lid" rel="det" root="de" sense="de" word="de"/>
              <node aform="base" begin="6" buiging="met-e" end="7" frame="adjective(e)" graad="basis" his="normal" his_1="normal" id="13" infl="e" lcat="ap" lemma="economisch" naamval="stan" pos="adj" positie="prenom" postag="ADJ(prenom,basis,met-e,stan)" pt="adj" rel="mod" root="economisch" sense="economisch" vform="adj" word="economische"/>
              <node begin="7" end="8" frame="noun(het,count,pl)" gen="het" getal="mv" graad="basis" his="normal" his_1="normal" id="14" lcat="np" lemma="verschil" ntype="soort" num="pl" pos="noun" postag="N(soort,mv,basis)" pt="n" rel="hd" rnum="pl" root="verschil" sense="verschil" word="verschillen"/>
              <node begin="8" cat="pp" end="11" id="15" rel="mod">
                <node begin="8" end="9" frame="preposition(in,[])" his="normal" his_1="normal" id="16" lcat="pp" lemma="in" pos="prep" postag="VZ(init)" pt="vz" rel="hd" root="in" sense="in" vztype="init" word="in"/>
                <node begin="9" cat="np" end="11" id="17" rel="obj1">
                  <node begin="9" end="10" frame="determiner(de)" his="normal" his_1="normal" id="18" infl="de" lcat="detp" lemma="de" lwtype="bep" naamval="stan" npagr="rest" pos="det" postag="LID(bep,stan,rest)" pt="lid" rel="det" root="de" sense="de" word="de"/>
                  <node begin="10" end="11" frame="noun(de,count,sg)" gen="de" genus="zijd" getal="ev" graad="basis" his="normal" his_1="normal" id="19" lcat="np" lemma="euro_zone" naamval="stan" ntype="soort" num="sg" pos="noun" postag="N(soort,ev,basis,zijd,stan)" pt="n" rel="hd" rnum="sg" root="euro_zone" sense="euro_zone" word="eurozone"/>
                </node>
              </node>
            </node>
            <node begin="11" cat="pp" end="14" id="20" rel="mod">
              <node begin="11" end="12" frame="preposition(met,[mee,[en,al]])" his="normal" his_1="normal" id="21" lcat="pp" lemma="met" pos="prep" postag="VZ(init)" pt="vz" rel="hd" root="met" sense="met" vztype="init" word="met"/>
              <node begin="12" cat="np" end="14" id="22" rel="obj1">
                <node aform="base" begin="12" buiging="zonder" end="13" frame="adjective(no_e(adv))" graad="basis" his="normal" his_1="normal" id="23" infl="no_e" lcat="ap" lemma="dergelijk" pos="adj" positie="prenom" postag="ADJ(prenom,basis,zonder)" pt="adj" rel="mod" root="dergelijk" sense="dergelijk" vform="adj" word="dergelijk"/>
                <node begin="13" end="14" frame="noun(het,count,sg)" gen="het" genus="onz" getal="ev" graad="basis" his="normal" his_1="normal" id="24" lcat="np" lemma="budget" naamval="stan" ntype="soort" num="sg" pos="noun" postag="N(soort,ev,basis,onz,stan)" pt="n" rel="hd" rnum="sg" root="budget" sense="budget" word="budget"/>
              </node>
            </node>
            <node begin="15" buiging="zonder" end="16" frame="verb(hebben,inf,transitive)" his="normal" his_1="normal" id="25" infl="inf" lcat="inf" lemma="compenseren" pos="verb" positie="vrij" postag="WW(inf,vrij,zonder)" pt="ww" rel="hd" root="compenseer" sc="transitive" sense="compenseer" word="compenseren" wvorm="inf"/>
          </node>
        </node>
      </node>
    </node>
    <node begin="16" end="17" frame="punct(punt)" his="normal" his_1="normal" id="26" lcat="punct" lemma="." pos="punct" postag="LET()" pt="let" rel="--" root="." sense="." special="punt" word="."/>
  </node>
  <sentence sentid="7">Ze is ook voorstander om de economische verschillen in de eurozone met dergelijk budget te compenseren .</sentence>
  <comments>
    <comment>Q#7|Ze is ook voorstander om de economische verschillen in de eurozone met dergelijk budget te compenseren .|1|1|-6.296669344810004</comment>
  </comments>
</alpino_ds>
