{"meta": {"id": "MH-DMF20180503_03494812-Oudolympisch_en_wereldkampioen_bevestigt_positieve.tsv", "author": "eventdna_anno_1"}, "doc": {"token_string": "Oud-olympisch en wereldkampioen bevestigt positieve dopingcontrole : Maar ik was slachtoffer van afpersing Asbel Kiprop , goed voor drie wereldtitels en olympisch goud op de 1.500 meter , zou eind 2017 bij een onaangekondigde dopingcontrole betrapt zijn op EPO . Volgens de Keniaanse krant The Standard liep een Keniaanse topatleet tegen de lamp , zonder daarbij de identiteit van de sporter te onthullen .", "token_ids": [0, 1, 2, 3, 4, 5, 6, 7, 8, 9, 10, 11, 12, 13, 14, 15, 16, 17, 18, 19, 20, 21, 22, 23, 24, 25, 26, 27, 28, 29, 30, 31, 32, 33, 34, 35, 36, 37, 38, 39, 40, 41, 42, 43, 44, 45, 46, 47, 48, 49, 50, 51, 52, 53, 54, 55, 56, 57, 58, 59, 60, 61, 62, 63], "sentences": {"sentence_1": {"token_ids": [0, 1, 2, 3, 4, 5, 6, 7, 8, 9, 10, 11, 12]}, "sentence_2": {"token_ids": [13, 14, 15, 16, 17, 18, 19, 20, 21, 22, 23, 24, 25, 26, 27, 28, 29, 30, 31, 32, 33, 34, 35, 36, 37, 38, 39]}, "sentence_3": {"token_ids": [40, 41, 42, 43, 44, 45, 46, 47, 48, 49, 50, 51, 52, 53, 54, 55, 56, 57, 58, 59, 60, 61, 62, 63]}}, "annotations": {"entities": {"entity_1": {"type": "entity", "string": "Oud-olympisch en wereldkampioen", "features": {"type": "PER", "span": [0, 1, 2], "individuality": "INDIV", "mention_level_type": "NOM", "head": {"type": "entityHead", "string": "wereldkampioen", "features": {"span": [2]}}}, "home_sentence": "sentence_1"}, "entity_2": {"type": "entity", "string": "ik", "features": {"type": "PER", "span": [8], "individuality": "INDIV", "mention_level_type": "PRON", "head": {"type": "entityHead", "string": "ik", "features": {"span": [8]}}}, "home_sentence": "sentence_1"}, "entity_3": {"type": "entity", "string": "Asbel Kiprop", "features": {"type": "PER", "span": [13, 14], "individuality": "INDIV", "mention_level_type": "NAM", "head": {"type": "entityHead", "string": "Asbel Kiprop", "features": {"span": [13, 14]}}}, "home_sentence": "sentence_2"}, "entity_4": {"type": "entity", "string": "EPO", "features": {"type": "MISC", "span": [38], "individuality": "INDIV", "mention_level_type": "NAM", "head": {"type": "entityHead", "string": "EPO", "features": {"span": [38]}}}, "home_sentence": "sentence_2"}, "entity_5": {"type": "entity", "string": "Keniaanse", "features": {"type": "LOC", "span": [42], "individuality": "INDIV", "mention_level_type": "NAM", "head": {"type": "entityHead", "string": "Keniaanse", "features": {"span": [42]}}}, "home_sentence": "sentence_3"}, "entity_6": {"type": "entity", "string": "The Standard", "features": {"type": "ORG", "span": [44, 45], "individuality": "INDIV", "mention_level_type": "NAM", "head": {"type": "entityHead", "string": "The Standard", "features": {"span": [44, 45]}}}, "home_sentence": "sentence_3"}, "entity_7": {"type": "entity", "string": "een Keniaanse topatleet", "features": {"type": "PER", "span": [47, 48, 49], "individuality": "INDIV", "mention_level_type": "NOM", "head": {"type": "entityHead", "string": "topatleet", "features": {"span": [49]}}}, "home_sentence": "sentence_3"}, "entity_8": {"type": "entity", "string": "Keniaanse", "features": {"type": "LOC", "span": [48], "individuality": "INDIV", "mention_level_type": "NAM", "head": {"type": "entityHead", "string": "Keniaanse", "features": {"span": [48]}}}, "home_sentence": "sentence_3"}, "entity_9": {"type": "entity", "string": "de sporter", "features": {"type": "PER", "span": [59, 60], "individuality": "INDIV", "mention_level_type": "NOM", "head": {"type": "entityHead", "string": "sporter", "features": {"span": [60]}}}, "home_sentence": "sentence_3"}}, "events": {"event_1": {"annotation_type": "event", "string": "Oud-olympisch en wereldkampioen bevestigt positieve dopingcontrole", "features": {"span": [0, 1, 2, 3, 4, 5], "arguments": [{"string": "Oud-olympisch en wereldkampioen", "features": {"span": [0, 1, 2], "argument_entity_type": "PER", "argument_role": "Entity"}}, {"string": "positieve dopingcontrole", "features": {"span": [4, 5], "argument_entity_type": "crime", "argument_role": "InvestigationTarget"}}], "type": "Justice", "subtype": "Justice", "modality": "Asserted", "pos_neg": "Positive", "prominence": "Main", "tense": "Present"}, "home_sentence": "sentence_1"}, "event_2": {"annotation_type": "event", "string": "ik was slachtoffer van afpersing", "features": {"span": [8, 9, 10, 11, 12], "arguments": [{"string": "afpersing", "features": {"span": [12], "argument_entity_type": "crime", "argument_role": "Crime"}}, {"string": "ik", "features": {"span": [8], "argument_entity_type": "PER", "argument_role": "Entity"}}], "type": "Justice", "subtype": "Justice", "modality": "Asserted", "pos_neg": "Positive", "prominence": "Main", "tense": "Past"}, "home_sentence": "sentence_1"}, "event_3": {"annotation_type": "event", "string": "Asbel Kiprop , goed voor drie wereldtitels", "features": {"span": [13, 14, 15, 16, 17, 18, 19], "arguments": [{"string": "Asbel Kiprop", "features": {"span": [13, 14], "argument_entity_type": "PER", "argument_role": "Participant"}}], "type": "Unknown", "subtype": "Unknown", "modality": "Asserted", "pos_neg": "Positive", "prominence": "Background", "tense": "Unspecified"}, "home_sentence": "sentence_2"}, "event_4": {"annotation_type": "event", "string": "Asbel Kiprop , goed voor", "features": {"span": [13, 14, 15, 16, 17], "arguments": [{"string": "Asbel Kiprop", "features": {"span": [13, 14], "argument_entity_type": "PER", "argument_role": "Participant"}}], "type": "Unknown", "subtype": "Unknown", "modality": "Asserted", "pos_neg": "Positive", "prominence": "Background", "tense": "Unspecified"}, "home_sentence": "sentence_2"}, "event_5": {"annotation_type": "event", "string": "Asbel Kiprop", "features": {"span": [13, 14], "arguments": [{"string": "eind 2017", "features": {"span": [29, 30], "argument_entity_type": "time", "argument_role": "Time"}}, {"string": "Asbel Kiprop", "features": {"span": [13, 14], "argument_entity_type": "PER", "argument_role": "Entity"}}], "type": "Justice", "subtype": "Justice", "modality": "Other", "pos_neg": "Positive", "prominence": "Main", "tense": "Past"}, "home_sentence": "sentence_2"}, "event_6": {"annotation_type": "event", "string": "Volgens de Keniaanse krant The Standard liep een Keniaanse topatleet tegen de lamp", "features": {"span": [40, 41, 42, 43, 44, 45, 46, 47, 48, 49, 50, 51, 52], "arguments": [{"string": "een Keniaanse topatleet", "features": {"span": [47, 48, 49], "argument_entity_type": "PER", "argument_role": "InvestigationTarget"}}, {"string": "The Standard", "features": {"span": [44, 45], "argument_entity_type": "ORG", "argument_role": "Investigator"}}], "type": "Journalism", "subtype": "Investigation", "modality": "Other", "pos_neg": "Positive", "prominence": "Background", "tense": "Past"}, "home_sentence": "sentence_3"}}, "coreference": {"entities": {"coref_bucket_1": ["entity_3", "entity_2", "entity_1"], "coref_bucket_2": ["entity_8", "entity_5"], "coref_bucket_3": ["entity_7", "entity_9"]}, "events": {"coref_bucket_4": ["event_1", "event_5"]}}, "iptc_codes": {"certain": [[["medtop:20001105", "drug abuse in sport"], ["medtop:20001104", "drug use in sport"], ["medtop:15000000", "sport"]], [["medtop:20001071", "swimming"], ["medtop:20000822", "competition discipline"], ["medtop:15000000", "sport"]]], "uncertain": []}}}}