{"meta": {"id": "MH-DMF20180403_03443484-NoordKoreaanse_buitenlandminister_in_Peking_landen.tsv", "author": "eventdna_anno_1"}, "doc": {"token_string": "Noord-Koreaanse buitenlandminister in Peking : landen willen nauwere samenwerking De Noord-Koreaanse minister van Buitenlandse Zaken Ri Yong-ho heeft dinsdag een ontmoeting gehad met zijn Chinese ambtgenoot Wang Yi , aldus de Chinese diplomatie . De twee landen willen nauwer samenwerken en een dooi in de diplomatieke relaties . In de aanloop naar de historische ontmoeting tussen de twee Korea's worden de diplomatieke contacten tussen de landen in de regio opgedreven . Eerder op de dag raakte al bekend dat de Japanse buitenlandminister volgende week afreist naar Seoel .", "token_ids": [0, 1, 2, 3, 4, 5, 6, 7, 8, 9, 10, 11, 12, 13, 14, 15, 16, 17, 18, 19, 20, 21, 22, 23, 24, 25, 26, 27, 28, 29, 30, 31, 32, 33, 34, 35, 36, 37, 38, 39, 40, 41, 42, 43, 44, 45, 46, 47, 48, 49, 50, 51, 52, 53, 54, 55, 56, 57, 58, 59, 60, 61, 62, 63, 64, 65, 66, 67, 68, 69, 70, 71, 72, 73, 74, 75, 76, 77, 78, 79, 80, 81, 82, 83, 84, 85, 86, 87], "sentences": {"sentence_1": {"token_ids": [0, 1, 2, 3, 4, 5, 6, 7, 8]}, "sentence_2": {"token_ids": [9, 10, 11, 12, 13, 14, 15, 16, 17, 18, 19, 20, 21, 22, 23, 24, 25, 26, 27, 28, 29, 30, 31, 32, 33]}, "sentence_3": {"token_ids": [34, 35, 36, 37, 38, 39, 40, 41, 42, 43, 44, 45, 46, 47]}, "sentence_4": {"token_ids": [48, 49, 50, 51, 52, 53, 54, 55, 56, 57, 58, 59, 60, 61, 62, 63, 64, 65, 66, 67, 68, 69, 70]}, "sentence_5": {"token_ids": [71, 72, 73, 74, 75, 76, 77, 78, 79, 80, 81, 82, 83, 84, 85, 86, 87]}}, "annotations": {"entities": {"entity_1": {"type": "entity", "string": "Noord-Koreaanse buitenlandminister", "features": {"type": "PER", "span": [0, 1], "individuality": "INDIV", "mention_level_type": "NOM", "head": {"type": "entityHead", "string": "buitenlandminister", "features": {"span": [1]}}}, "home_sentence": "sentence_1"}, "entity_2": {"type": "entity", "string": "Noord-Koreaanse", "features": {"type": "LOC", "span": [0], "individuality": "INDIV", "mention_level_type": "NAM", "head": {"type": "entityHead", "string": "Noord-Koreaanse", "features": {"span": [0]}}}, "home_sentence": "sentence_1"}, "entity_3": {"type": "entity", "string": "Peking", "features": {"type": "LOC", "span": [3], "individuality": "INDIV", "mention_level_type": "NAM", "head": {"type": "entityHead", "string": "Peking", "features": {"span": [3]}}}, "home_sentence": "sentence_1"}, "entity_4": {"type": "entity", "string": "Noord-Koreaanse", "features": {"type": "LOC", "span": [10], "individuality": "INDIV", "mention_level_type": "NAM", "head": {"type": "entityHead", "string": "Noord-Koreaanse", "features": {"span": [10]}}}, "home_sentence": "sentence_2"}, "entity_5": {"type": "entity", "string": "Ri Yong-ho", "features": {"type": "PER", "span": [15, 16], "individuality": "INDIV", "mention_level_type": "NAM", "head": {"type": "entityHead", "string": "Ri Yong-ho", "features": {"span": [15, 16]}}}, "home_sentence": "sentence_2"}, "entity_6": {"type": "entity", "string": "Chinese", "features": {"type": "LOC", "span": [24], "individuality": "INDIV", "mention_level_type": "NAM", "head": {"type": "entityHead", "string": "Chinese", "features": {"span": [24]}}}, "home_sentence": "sentence_2"}, "entity_7": {"type": "entity", "string": "Wang Yi", "features": {"type": "PER", "span": [26, 27], "individuality": "INDIV", "mention_level_type": "NAM", "head": {"type": "entityHead", "string": "Wang Yi", "features": {"span": [26, 27]}}}, "home_sentence": "sentence_2"}, "entity_8": {"type": "entity", "string": "de Chinese diplomatie", "features": {"type": "ORG", "span": [30, 31, 32], "individuality": "INDIV", "mention_level_type": "NOM", "head": {"type": "entityHead", "string": "diplomatie", "features": {"span": [32]}}}, "home_sentence": "sentence_2"}, "entity_9": {"type": "entity", "string": "Chinese", "features": {"type": "LOC", "span": [31], "individuality": "INDIV", "mention_level_type": "NAM", "head": {"type": "entityHead", "string": "Chinese", "features": {"span": [31]}}}, "home_sentence": "sentence_2"}, "entity_10": {"type": "entity", "string": "De twee landen", "features": {"type": "ORG", "span": [34, 35, 36], "individuality": "GROUP", "mention_level_type": "NOM", "head": {"type": "entityHead", "string": "landen", "features": {"span": [36]}}}, "home_sentence": "sentence_3"}, "entity_11": {"type": "entity", "string": "de twee Korea's", "features": {"type": "ORG", "span": [56, 57, 58], "individuality": "GROUP", "mention_level_type": "NOM", "head": {"type": "entityHead", "string": "Korea's", "features": {"span": [58]}}}, "home_sentence": "sentence_4"}, "entity_12": {"type": "entity", "string": "de landen in de regio", "features": {"type": "ORG", "span": [64, 65, 66, 67, 68], "individuality": "GROUP", "mention_level_type": "NOM", "head": {"type": "entityHead", "string": "landen", "features": {"span": [65]}}}, "home_sentence": "sentence_4"}, "entity_13": {"type": "entity", "string": "de Japanse buitenlandminister", "features": {"type": "PER", "span": [79, 80, 81], "individuality": "INDIV", "mention_level_type": "NOM", "head": {"type": "entityHead", "string": "buitenlandminister", "features": {"span": [81]}}}, "home_sentence": "sentence_5"}, "entity_14": {"type": "entity", "string": "Japanse", "features": {"type": "LOC", "span": [80], "individuality": "INDIV", "mention_level_type": "NAM", "head": {"type": "entityHead", "string": "Japanse", "features": {"span": [80]}}}, "home_sentence": "sentence_5"}, "entity_15": {"type": "entity", "string": "Seoel", "features": {"type": "LOC", "span": [86], "individuality": "INDIV", "mention_level_type": "NAM", "head": {"type": "entityHead", "string": "Seoel", "features": {"span": [86]}}}, "home_sentence": "sentence_5"}}, "events": {"event_1": {"annotation_type": "event", "string": "De Noord-Koreaanse minister van Buitenlandse Zaken Ri Yong-ho heeft dinsdag een ontmoeting gehad met zijn Chinese ambtgenoot Wang Yi", "features": {"span": [9, 10, 11, 12, 13, 14, 15, 16, 17, 18, 19, 20, 21, 22, 23, 24, 25, 26, 27], "arguments": [{"string": "Ri Yong-ho", "features": {"span": [15, 16], "argument_entity_type": "PER", "argument_role": "Entity"}}, {"string": "dinsdag", "features": {"span": [18], "argument_entity_type": "time", "argument_role": "Time"}}, {"string": "Wang Yi", "features": {"span": [26, 27], "argument_entity_type": "PER", "argument_role": "Entity"}}], "type": "Contact", "subtype": "Meet", "modality": "Asserted", "pos_neg": "Positive", "prominence": "Main", "tense": "Past"}, "home_sentence": "sentence_2"}, "event_2": {"annotation_type": "event", "string": "de historische ontmoeting tussen de twee Korea's", "features": {"span": [52, 53, 54, 55, 56, 57, 58], "arguments": [{"string": "de twee Korea's", "features": {"span": [56, 57, 58], "argument_entity_type": "ORG", "argument_role": "Entity"}}], "type": "Contact", "subtype": "Meet", "modality": "Asserted", "pos_neg": "Positive", "prominence": "Background", "tense": "Unspecified"}, "home_sentence": "sentence_4"}, "event_3": {"annotation_type": "event", "string": "de Japanse buitenlandminister volgende week afreist naar Seoel", "features": {"span": [79, 80, 81, 82, 83, 84, 85, 86], "arguments": [{"string": "de Japanse buitenlandminister", "features": {"span": [79, 80, 81], "argument_entity_type": "PER", "argument_role": "Person"}}, {"string": "volgende week", "features": {"span": [82, 83], "argument_entity_type": "time", "argument_role": "Time"}}, {"string": "Seoel", "features": {"span": [86], "argument_entity_type": "LOC", "argument_role": "Destination"}}], "type": "Movement", "subtype": "TransportPerson", "modality": "Asserted", "pos_neg": "Positive", "prominence": "Background", "tense": "Future"}, "home_sentence": "sentence_5"}}, "coreference": {"entities": {"coref_bucket_1": ["entity_1", "entity_5"], "coref_bucket_2": ["entity_2", "entity_4"], "coref_bucket_3": ["entity_9", "entity_6"]}, "events": {}}, "iptc_codes": {"certain": [[["medtop:20000639", "diplomacy"], ["medtop:20000638", "international relations"], ["medtop:11000000", "politics"]]], "uncertain": []}}}}