{"meta": {"id": "MH-DMF20171028_03158532-Bobbejaanland_gelast_vuurwerk_af_na.tsv", "author": "eventdna_anno_4"}, "doc": {"token_string": "Bobbejaanland gelast vuurwerk af na ongeluk bij attractie In Bobbejaanland is zaterdagmiddag een Antwerpse zestigplusser een drietal meter naar beneden gevallen , nadat hij de ' Aztek Express ' wou instappen . Het pretpark gelast uit respect het geplande vuurwerk af .", "token_ids": [0, 1, 2, 3, 4, 5, 6, 7, 8, 9, 10, 11, 12, 13, 14, 15, 16, 17, 18, 19, 20, 21, 22, 23, 24, 25, 26, 27, 28, 29, 30, 31, 32, 33, 34, 35, 36, 37, 38, 39, 40, 41], "sentences": {"sentence_1": {"token_ids": [0, 1, 2, 3, 4, 5, 6, 7]}, "sentence_2": {"token_ids": [8, 9, 10, 11, 12, 13, 14, 15, 16, 17, 18, 19, 20, 21, 22, 23, 24, 25, 26, 27, 28, 29, 30, 31]}, "sentence_3": {"token_ids": [32, 33, 34, 35, 36, 37, 38, 39, 40, 41]}}, "annotations": {"entities": {"entity_1": {"type": "entity", "string": "Bobbejaanland", "features": {"type": "ORG", "span": [0], "individuality": "INDIV", "mention_level_type": "NAM", "head": {"type": "entityHead", "string": "Bobbejaanland", "features": {"span": [0]}}}, "home_sentence": "sentence_1"}, "entity_2": {"type": "entity", "string": "attractie", "features": {"type": "MISC", "span": [7], "individuality": "INDIV", "mention_level_type": "NOM", "head": {"type": "entityHead", "string": "attractie", "features": {"span": [7]}}}, "home_sentence": "sentence_1"}, "entity_3": {"type": "entity", "string": "Bobbejaanland", "features": {"type": "LOC", "span": [9], "individuality": "INDIV", "mention_level_type": "NAM", "head": {"type": "entityHead", "string": "Bobbejaanland", "features": {"span": [9]}}}, "home_sentence": "sentence_2"}, "entity_4": {"type": "entity", "string": "een Antwerpse zestigplusser", "features": {"type": "PER", "span": [12, 13, 14], "individuality": "INDIV", "mention_level_type": "NOM", "head": {"type": "entityHead", "string": "zestigplusser", "features": {"span": [14]}}}, "home_sentence": "sentence_2"}, "entity_5": {"type": "entity", "string": "Antwerpse", "features": {"type": "LOC", "span": [13], "individuality": "INDIV", "mention_level_type": "NAM", "head": {"type": "entityHead", "string": "Antwerpse", "features": {"span": [13]}}}, "home_sentence": "sentence_2"}, "entity_6": {"type": "entity", "string": "hij", "features": {"type": "PER", "span": [23], "individuality": "INDIV", "mention_level_type": "PRON", "head": {"type": "entityHead", "string": "hij", "features": {"span": [23]}}}, "home_sentence": "sentence_2"}, "entity_7": {"type": "entity", "string": "Aztek Express", "features": {"type": "MISC", "span": [26, 27], "individuality": "INDIV", "mention_level_type": "NAM", "head": {"type": "entityHead", "string": "Aztek Express", "features": {"span": [26, 27]}}}, "home_sentence": "sentence_2"}, "entity_8": {"type": "entity", "string": "Het pretpark", "features": {"type": "ORG", "span": [32, 33], "individuality": "INDIV", "mention_level_type": "NOM", "head": {"type": "entityHead", "string": "pretpark", "features": {"span": [33]}}}, "home_sentence": "sentence_3"}}, "events": {"event_1": {"annotation_type": "event", "string": "Bobbejaanland gelast vuurwerk af", "features": {"span": [0, 1, 2, 3], "arguments": [{"string": "Bobbejaanland", "features": {"span": [0], "argument_entity_type": "ORG", "argument_role": "Participant"}}], "type": "Unknown", "subtype": "Unknown", "modality": "Asserted", "pos_neg": "Positive", "prominence": "Main", "tense": "Present"}, "home_sentence": "sentence_1"}, "event_2": {"annotation_type": "event", "string": "ongeluk bij attractie", "features": {"span": [5, 6, 7], "arguments": [], "type": "Life", "subtype": "Injure", "modality": "Asserted", "pos_neg": "Positive", "prominence": "Main", "tense": "Present"}, "home_sentence": "sentence_1"}, "event_3": {"annotation_type": "event", "string": "In Bobbejaanland is zaterdagmiddag een Antwerpse zestigplusser een drietal meter naar beneden gevallen", "features": {"span": [8, 9, 10, 11, 12, 13, 14, 15, 16, 17, 18, 19, 20], "arguments": [{"string": "een Antwerpse zestigplusser", "features": {"span": [12, 13, 14], "argument_entity_type": "PER", "argument_role": "Victim"}}, {"string": "Bobbejaanland", "features": {"span": [9], "argument_entity_type": "LOC", "argument_role": "Place"}}, {"string": "zaterdagmiddag", "features": {"span": [11], "argument_entity_type": "time", "argument_role": "Time"}}], "type": "Life", "subtype": "Injure", "modality": "Asserted", "pos_neg": "Positive", "prominence": "Main", "tense": "Past"}, "home_sentence": "sentence_2"}, "event_4": {"annotation_type": "event", "string": "Het pretpark gelast uit respect het geplande vuurwerk af", "features": {"span": [32, 33, 34, 35, 36, 37, 38, 39, 40], "arguments": [{"string": "Het pretpark", "features": {"span": [32, 33], "argument_entity_type": "ORG", "argument_role": "Participant"}}], "type": "Unknown", "subtype": "Unknown", "modality": "Asserted", "pos_neg": "Positive", "prominence": "Main", "tense": "Present"}, "home_sentence": "sentence_3"}}, "coreference": {"entities": {"coref_bucket_1": ["entity_6", "entity_4"], "coref_bucket_2": ["entity_2", "entity_7"]}, "events": {"coref_bucket_3": ["event_2", "event_3"], "coref_bucket_4": ["event_4", "event_1"]}}, "iptc_codes": {"certain": [[["medtop:20000041", "festive event (culture)"], ["medtop:20000038", "culture"], ["medtop:01000000", "arts, culture, entertainment and media"]], [["medtop:20000139", "accident and emergency incident"], ["medtop:03000000", "disaster, accident and emergency incident"]]], "uncertain": []}}}}