{"meta": {"id": "MH-DMF20180112_03295116-VN_vreest_al_in_2040.tsv", "author": "eventdna_anno_1"}, "doc": {"token_string": "VN vreest al in 2040 stevige opwarming aarde Als er niet snel nieuwe maatregelen worden genomen in de strijd tegen klimaatverandering , dan zal de gemiddelde temperatuur op aarde al in 2040 met 1,5 graden zijn toegenomen . Dat blijkt uit de ontwerptekst van een rapport van het IPCC , het VN-panel van klimaatexperts .", "token_ids": [0, 1, 2, 3, 4, 5, 6, 7, 8, 9, 10, 11, 12, 13, 14, 15, 16, 17, 18, 19, 20, 21, 22, 23, 24, 25, 26, 27, 28, 29, 30, 31, 32, 33, 34, 35, 36, 37, 38, 39, 40, 41, 42, 43, 44, 45, 46, 47, 48, 49, 50, 51, 52, 53, 54], "sentences": {"sentence_1": {"token_ids": [0, 1, 2, 3, 4, 5, 6, 7]}, "sentence_2": {"token_ids": [8, 9, 10, 11, 12, 13, 14, 15, 16, 17, 18, 19, 20, 21, 22, 23, 24, 25, 26, 27, 28, 29, 30, 31, 32, 33, 34, 35, 36, 37]}, "sentence_3": {"token_ids": [38, 39, 40, 41, 42, 43, 44, 45, 46, 47, 48, 49, 50, 51, 52, 53, 54]}}, "annotations": {"entities": {"entity_1": {"type": "entity", "string": "VN", "features": {"type": "ORG", "span": [0], "individuality": "INDIV", "mention_level_type": "NAM", "head": {"type": "entityHead", "string": "VN", "features": {"span": [0]}}}, "home_sentence": "sentence_1"}, "entity_2": {"type": "entity", "string": "aarde", "features": {"type": "LOC", "span": [7], "individuality": "INDIV", "mention_level_type": "NAM", "head": {"type": "entityHead", "string": "aarde", "features": {"span": [7]}}}, "home_sentence": "sentence_1"}, "entity_3": {"type": "entity", "string": "aarde", "features": {"type": "LOC", "span": [28], "individuality": "INDIV", "mention_level_type": "NAM", "head": {"type": "entityHead", "string": "aarde", "features": {"span": [28]}}}, "home_sentence": "sentence_2"}, "entity_4": {"type": "entity", "string": "IPCC", "features": {"type": "ORG", "span": [48], "individuality": "INDIV", "mention_level_type": "NAM", "head": {"type": "entityHead", "string": "IPCC", "features": {"span": [48]}}}, "home_sentence": "sentence_3"}, "entity_5": {"type": "entity", "string": "het VN-panel van klimaatexperts", "features": {"type": "ORG", "span": [50, 51, 52, 53], "individuality": "INDIV", "mention_level_type": "NOM", "head": {"type": "entityHead", "string": "VN-panel", "features": {"span": [51]}}}, "home_sentence": "sentence_3"}}, "events": {"event_1": {"annotation_type": "event", "string": "in 2040 stevige opwarming aarde", "features": {"span": [3, 4, 5, 6, 7], "arguments": [{"string": "2040", "features": {"span": [4], "argument_entity_type": "time", "argument_role": "Time"}}, {"string": "aarde", "features": {"span": [7], "argument_entity_type": "LOC", "argument_role": "Place"}}], "type": "Unknown", "subtype": "Unknown", "modality": "Other", "pos_neg": "Positive", "prominence": "Main", "tense": "Unspecified"}, "home_sentence": "sentence_1"}, "event_2": {"annotation_type": "event", "string": "zal de gemiddelde temperatuur op aarde al in 2040 met 1,5 graden zijn toegenomen .", "features": {"span": [23, 24, 25, 26, 27, 28, 29, 30, 31, 32, 33, 34, 35, 36, 37], "arguments": [{"string": "aarde", "features": {"span": [28], "argument_entity_type": "LOC", "argument_role": "Place"}}, {"string": "2040", "features": {"span": [31], "argument_entity_type": "time", "argument_role": "Time"}}], "type": "Unknown", "subtype": "Unknown", "modality": "Other", "pos_neg": "Positive", "prominence": "Main", "tense": "Future"}, "home_sentence": "sentence_2"}}, "coreference": {"entities": {"coref_bucket_1": ["entity_2", "entity_3"], "coref_bucket_2": ["entity_5", "entity_4"]}, "events": {"coref_bucket_3": ["event_1", "event_2"]}}, "iptc_codes": {"certain": [[["medtop:20000419", "global warming"], ["medtop:20000418", "climate change"], ["medtop:06000000", "environment"]], [["medtop:20000644", "international organisation"], ["medtop:20000638", "international relations"], ["medtop:11000000", "politics"]]], "uncertain": []}}}}