<?xml version="1.0" encoding="UTF-8"?>
<alpino_ds version="1.6">
  <parser cats="1" skips="0" />
  <node begin="0" cat="top" end="8" id="0" rel="top">
    <node begin="0" cat="smain" end="8" id="1" rel="--">
      <node begin="0" end="1" frame="proper_name(both,'ORG')" genus="zijd" getal="ev" graad="basis" his="normal" his_1="names_dictionary" id="2" lcat="np" lemma="VN" naamval="stan" neclass="ORG" ntype="eigen" num="both" pos="name" postag="N(eigen,ev,basis,zijd,stan)" pt="n" rel="su" rnum="sg" root="VN" sense="VN" word="VN"/>
      <node begin="1" end="2" frame="verb(hebben,sg3,transitive)" his="normal" his_1="normal" id="3" infl="sg3" lcat="smain" lemma="vrezen" pos="verb" postag="WW(pv,tgw,met-t)" pt="ww" pvagr="met-t" pvtijd="tgw" rel="hd" root="vrees" sc="transitive" sense="vrees" stype="declarative" tense="present" word="vreest" wvorm="pv"/>
      <node begin="2" end="3" frame="adverb" his="normal" his_1="normal" id="4" lcat="advp" lemma="al" pos="adv" postag="BW()" pt="bw" rel="mod" root="al" sense="al" word="al"/>
      <node begin="3" cat="pp" end="5" id="5" rel="mod">
        <node begin="3" end="4" frame="preposition(in,[])" his="normal" his_1="normal" id="6" lcat="pp" lemma="in" pos="prep" postag="VZ(init)" pt="vz" rel="hd" root="in" sense="in" vztype="init" word="in"/>
        <node begin="4" end="5" frame="number(hoofd(pl_num))" his="normal" his_1="normal" id="7" infl="pl_num" lcat="np" lemma="2040" numtype="hoofd" pos="num" positie="vrij" postag="TW(hoofd,vrij)" pt="tw" rel="obj1" rnum="pl" root="2040" sense="2040" special="hoofd" word="2040"/>
      </node>
      <node begin="5" cat="np" end="8" id="8" rel="obj1">
        <node aform="base" begin="5" buiging="met-e" end="6" frame="adjective(e)" graad="basis" his="normal" his_1="normal" id="9" infl="e" lcat="ap" lemma="stevig" naamval="stan" pos="adj" positie="prenom" postag="ADJ(prenom,basis,met-e,stan)" pt="adj" rel="mod" root="stevig" sense="stevig" vform="adj" word="stevige"/>
        <node begin="6" cat="mwu" end="8" his="normal" his_1="english_compound" id="10" mwu_root="opwarming_aarde" mwu_sense="opwarming_aarde" rel="hd">
          <node begin="6" end="7" frame="noun(de,count,sg)" gen="de" genus="zijd" getal="ev" graad="basis" id="11" lcat="np" lemma="opwarming" naamval="stan" ntype="soort" num="sg" pos="noun" postag="N(soort,ev,basis,zijd,stan)" pt="n" rel="mwp" rnum="sg" root="opwarming" sense="opwarming" word="opwarming"/>
          <node begin="7" end="8" frame="noun(de,count,sg)" gen="de" genus="zijd" getal="ev" graad="basis" id="12" lcat="np" lemma="aarde" naamval="stan" ntype="soort" num="sg" pos="noun" postag="N(soort,ev,basis,zijd,stan)" pt="n" rel="mwp" rnum="sg" root="aarde" sense="aarde" word="aarde"/>
        </node>
      </node>
    </node>
  </node>
  <sentence sentid="1">VN vreest al in 2040 stevige opwarming aarde</sentence>
  <comments>
    <comment>Q#1|VN vreest al in 2040 stevige opwarming aarde|1|1|4.43145823083</comment>
  </comments>
</alpino_ds>
