<?xml version="1.0" encoding="UTF-8"?>
<alpino_ds version="1.6">
  <parser cats="1" skips="0" />
  <node begin="0" cat="top" end="30" id="0" rel="top">
    <node begin="13" end="14" frame="punct(komma)" his="normal" his_1="normal" id="1" lcat="punct" lemma="," pos="punct" postag="LET()" pt="let" rel="--" root="," sense="," special="komma" word=","/>
    <node begin="0" cat="du" end="29" id="2" rel="--">
      <node begin="0" cat="cp" end="13" id="3" rel="sat">
        <node begin="0" conjtype="onder" end="1" frame="complementizer(als)" his="normal" his_1="decap" his_1_1="normal" id="4" lcat="cp" lemma="als" pos="comp" postag="VG(onder)" pt="vg" rel="cmp" root="als" sc="als" sense="als" word="Als"/>
        <node begin="1" cat="ssub" end="13" id="5" rel="body">
          <node begin="4" cat="np" end="6" id="6" index="1" rel="su">
            <node aform="base" begin="4" buiging="met-e" end="5" frame="adjective(e)" graad="basis" his="normal" his_1="normal" id="7" infl="e" lcat="ap" lemma="nieuw" naamval="stan" pos="adj" positie="prenom" postag="ADJ(prenom,basis,met-e,stan)" pt="adj" rel="mod" root="nieuw" sense="nieuw" vform="adj" word="nieuwe"/>
            <node begin="5" end="6" frame="noun(de,count,pl)" gen="de" getal="mv" graad="basis" his="normal" his_1="normal" id="8" lcat="np" lemma="maatregel" ntype="soort" num="pl" pos="noun" postag="N(soort,mv,basis)" pt="n" rel="hd" rnum="pl" root="maatregel" sense="maatregel" word="maatregelen"/>
          </node>
          <node begin="6" end="7" frame="verb(unacc,pl,passive)" his="normal" his_1="normal" id="9" infl="pl" lcat="ssub" lemma="worden" pos="verb" postag="WW(pv,tgw,mv)" pt="ww" pvagr="mv" pvtijd="tgw" rel="hd" root="word" sc="passive" sense="word" tense="present" word="worden" wvorm="pv"/>
          <node begin="1" cat="ppart" end="13" id="10" rel="vc">
            <node begin="1" end="2" frame="er_vp_adverb" getal="getal" his="normal" his_1="normal" id="11" lcat="advp" lemma="er" naamval="stan" pdtype="adv-pron" persoon="3" pos="adv" postag="VNW(aanw,adv-pron,stan,red,3,getal)" pt="vnw" rel="mod" root="er" sense="er" special="er" status="red" vwtype="aanw" word="er"/>
            <node begin="2" end="3" frame="adverb" his="normal" his_1="normal" id="12" lcat="advp" lemma="niet" pos="adv" postag="BW()" pt="bw" rel="mod" root="niet" sense="niet" word="niet"/>
            <node aform="base" begin="3" buiging="zonder" end="4" frame="adjective(no_e(adv))" graad="basis" his="normal" his_1="normal" id="13" infl="no_e" lcat="ap" lemma="snel" pos="adj" positie="vrij" postag="ADJ(vrij,basis,zonder)" pt="adj" rel="mod" root="snel" sense="snel" vform="adj" word="snel"/>
            <node begin="4" end="6" id="14" index="1" rel="obj1"/>
            <node begin="7" buiging="zonder" end="8" frame="verb(hebben,psp,np_ld_pp)" his="normal" his_1="normal" id="15" infl="psp" lcat="ppart" lemma="nemen" pos="verb" positie="vrij" postag="WW(vd,vrij,zonder)" pt="ww" rel="hd" root="neem" sc="np_ld_pp" sense="neem" word="genomen" wvorm="vd"/>
            <node begin="8" cat="pp" end="13" id="16" rel="ld">
              <node begin="8" end="9" frame="preposition(in,[])" his="normal" his_1="normal" id="17" lcat="pp" lemma="in" pos="prep" postag="VZ(init)" pt="vz" rel="hd" root="in" sense="in" vztype="init" word="in"/>
              <node begin="9" cat="np" end="13" id="18" rel="obj1">
                <node begin="9" end="10" frame="determiner(de)" his="normal" his_1="normal" id="19" infl="de" lcat="detp" lemma="de" lwtype="bep" naamval="stan" npagr="rest" pos="det" postag="LID(bep,stan,rest)" pt="lid" rel="det" root="de" sense="de" word="de"/>
                <node begin="10" end="11" frame="noun(de,count,sg)" gen="de" genus="zijd" getal="ev" graad="basis" his="normal" his_1="normal" id="20" lcat="np" lemma="strijd" naamval="stan" ntype="soort" num="sg" pos="noun" postag="N(soort,ev,basis,zijd,stan)" pt="n" rel="hd" rnum="sg" root="strijd" sense="strijd" word="strijd"/>
                <node begin="11" cat="pp" end="13" id="21" rel="mod">
                  <node begin="11" end="12" frame="preposition(tegen,[aan,in,op])" his="normal" his_1="normal" id="22" lcat="pp" lemma="tegen" pos="prep" postag="VZ(init)" pt="vz" rel="hd" root="tegen" sense="tegen" vztype="init" word="tegen"/>
                  <node begin="12" end="13" frame="noun(de,count,sg)" gen="de" genus="zijd" getal="ev" graad="basis" his="normal" his_1="normal" id="23" lcat="np" lemma="klimaat_verandering" naamval="stan" ntype="soort" num="sg" pos="noun" postag="N(soort,ev,basis,zijd,stan)" pt="n" rel="obj1" rnum="sg" root="klimaat_verandering" sense="klimaat_verandering" word="klimaatverandering"/>
                </node>
              </node>
            </node>
          </node>
        </node>
      </node>
      <node begin="14" cat="smain" end="29" id="24" rel="nucl">
        <node begin="15" end="16" frame="verb(hebben,modal_not_u,aux(inf))" his="normal" his_1="normal" id="25" infl="modal_not_u" lcat="smain" lemma="zullen" pos="verb" postag="WW(pv,tgw,ev)" pt="ww" pvagr="ev" pvtijd="tgw" rel="hd" root="zal" sc="aux(inf)" sense="zal" stype="declarative" tense="present" word="zal" wvorm="pv"/>
        <node begin="16" cat="np" end="21" id="26" index="2" rel="su">
          <node begin="16" end="17" frame="determiner(de)" his="normal" his_1="normal" id="27" infl="de" lcat="detp" lemma="de" lwtype="bep" naamval="stan" npagr="rest" pos="det" postag="LID(bep,stan,rest)" pt="lid" rel="det" root="de" sense="de" word="de"/>
          <node aform="base" begin="17" buiging="met-e" end="18" frame="adjective(ge_e)" graad="basis" his="normal" his_1="normal" id="28" infl="e" lcat="ppart" lemma="gemiddeld" naamval="stan" pos="adj" positie="prenom" postag="ADJ(prenom,basis,met-e,stan)" pt="adj" rel="mod" root="gemiddeld" sense="gemiddeld" vform="psp" word="gemiddelde"/>
          <node begin="18" end="19" frame="noun(de,count,sg)" gen="de" genus="zijd" getal="ev" graad="basis" his="normal" his_1="normal" id="29" lcat="np" lemma="temperatuur" naamval="stan" ntype="soort" num="sg" pos="noun" postag="N(soort,ev,basis,zijd,stan)" pt="n" rel="hd" rnum="sg" root="temperatuur" sense="temperatuur" word="temperatuur"/>
          <node begin="19" cat="pp" end="21" id="30" rel="mod">
            <node begin="19" end="20" frame="preposition(op,[af,na])" his="normal" his_1="normal" id="31" lcat="pp" lemma="op" pos="prep" postag="VZ(init)" pt="vz" rel="hd" root="op" sense="op" vztype="init" word="op"/>
            <node begin="20" end="21" frame="noun(de,count,sg)" gen="de" genus="zijd" getal="ev" graad="basis" his="normal" his_1="normal" id="32" lcat="np" lemma="aarde" naamval="stan" ntype="soort" num="sg" pos="noun" postag="N(soort,ev,basis,zijd,stan)" pt="n" rel="obj1" rnum="sg" root="aarde" sense="aarde" word="aarde"/>
          </node>
        </node>
        <node begin="14" cat="inf" end="29" id="33" rel="vc">
          <node begin="16" end="21" id="34" index="2" rel="su"/>
          <node begin="27" buiging="zonder" end="28" frame="verb(unacc,inf,aux_psp_zijn)" his="normal" his_1="normal" id="35" infl="inf" lcat="inf" lemma="zijn" pos="verb" positie="vrij" postag="WW(inf,vrij,zonder)" pt="ww" rel="hd" root="ben" sc="aux_psp_zijn" sense="ben" word="zijn" wvorm="inf"/>
          <node begin="14" cat="ppart" end="29" id="36" rel="vc">
            <node begin="14" end="15" frame="tmp_adverb" his="normal" his_1="normal" id="37" lcat="advp" lemma="dan" pos="adv" postag="BW()" pt="bw" rel="mod" root="dan" sense="dan" special="tmp" word="dan"/>
            <node begin="16" end="21" id="38" index="2" rel="su"/>
            <node begin="21" end="22" frame="adverb" his="normal" his_1="normal" id="39" lcat="advp" lemma="al" pos="adv" postag="BW()" pt="bw" rel="mod" root="al" sense="al" word="al"/>
            <node begin="22" cat="pp" end="24" id="40" rel="mod">
              <node begin="22" end="23" frame="preposition(in,[])" his="normal" his_1="normal" id="41" lcat="pp" lemma="in" pos="prep" postag="VZ(init)" pt="vz" rel="hd" root="in" sense="in" vztype="init" word="in"/>
              <node begin="23" end="24" frame="np(year)" his="normal" his_1="normal" id="42" lcat="np" lemma="2040" neclass="year" numtype="hoofd" pos="noun" positie="vrij" postag="TW(hoofd,vrij)" pt="tw" rel="obj1" rnum="sg" root="2040" sense="2040" word="2040"/>
            </node>
            <node begin="24" cat="pp" end="27" id="43" rel="mod">
              <node begin="24" end="25" frame="preposition(met,[mee,[en,al]])" his="normal" his_1="normal" id="44" lcat="pp" lemma="met" pos="prep" postag="VZ(init)" pt="vz" rel="hd" root="met" sense="met" vztype="init" word="met"/>
              <node begin="25" cat="np" end="27" id="45" rel="obj1">
                <node begin="25" end="26" frame="number(hoofd(both))" his="normal" his_1="normal" id="46" infl="both" lcat="detp" lemma="1,5" naamval="stan" numtype="hoofd" pos="num" positie="prenom" postag="TW(hoofd,prenom,stan)" pt="tw" rel="det" root="1,5" sense="1,5" special="hoofd" word="1,5"/>
                <node begin="26" end="27" frame="meas_mod_noun(de,count,meas)" gen="de" getal="mv" graad="basis" his="normal" his_1="normal" id="47" lcat="np" lemma="graad" ntype="soort" num="meas" pos="noun" postag="N(soort,mv,basis)" pt="n" rel="hd" rnum="sg" root="graad" sense="graad" special="meas_mod" word="graden"/>
              </node>
            </node>
            <node begin="28" buiging="zonder" end="29" frame="verb(zijn,psp,ninv(intransitive,part_intransitive(toe)))" his="normal" his_1="part-V" id="48" infl="psp" lcat="ppart" lemma="toe_nemen" pos="verb" positie="vrij" postag="WW(vd,vrij,zonder)" pt="ww" rel="hd" root="neem_toe" sc="part_intransitive(toe)" sense="neem_toe" word="toegenomen" wvorm="vd"/>
          </node>
        </node>
      </node>
    </node>
    <node begin="29" end="30" frame="punct(punt)" his="normal" his_1="normal" id="49" lcat="punct" lemma="." pos="punct" postag="LET()" pt="let" rel="--" root="." sense="." special="punt" word="."/>
  </node>
  <sentence sentid="2">Als er niet snel nieuwe maatregelen worden genomen in de strijd tegen klimaatverandering , dan zal de gemiddelde temperatuur op aarde al in 2040 met 1,5 graden zijn toegenomen .</sentence>
  <comments>
    <comment>Q#2|Als er niet snel nieuwe maatregelen worden genomen in de strijd tegen klimaatverandering , dan zal de gemiddelde temperatuur op aarde al in 2040 met 1,5 graden zijn toegenomen .|1|1|-12.639589008319977</comment>
  </comments>
</alpino_ds>
