<?xml version="1.0" encoding="UTF-8"?>
<alpino_ds version="1.6">
  <parser cats="1" skips="0" />
  <node begin="0" cat="top" end="5" id="0" rel="top">
    <node begin="0" cat="smain" end="5" id="1" rel="--">
      <node begin="0" end="1" frame="proper_name(sg,'ORG')" genus="zijd" getal="ev" graad="basis" his="normal" his_1="names_dictionary" id="2" lcat="np" lemma="VN-Veiligheidsraad" naamval="stan" neclass="ORG" ntype="eigen" num="sg" pos="name" postag="N(eigen,ev,basis,zijd,stan)" pt="n" rel="su" rnum="sg" root="VN-Veiligheidsraad" sense="VN-Veiligheidsraad" word="VN-Veiligheidsraad"/>
      <node begin="1" end="2" frame="verb(hebben,sg3,transitive)" his="normal" his_1="normal" id="3" infl="sg3" lcat="smain" lemma="houden" pos="verb" postag="WW(pv,tgw,met-t)" pt="ww" pvagr="met-t" pvtijd="tgw" rel="hd" root="houd" sc="transitive" sense="houd" stype="declarative" tense="present" word="houdt" wvorm="pv"/>
      <node begin="2" cat="np" end="5" id="4" rel="obj1">
        <node begin="2" end="3" frame="noun(de,count,sg)" gen="de" genus="zijd" getal="ev" graad="basis" his="normal" his_1="normal" id="5" lcat="np" lemma="spoedzitting" naamval="stan" ntype="soort" num="sg" pos="noun" postag="N(soort,ev,basis,zijd,stan)" pt="n" rel="hd" rnum="sg" root="spoedzitting" sense="spoedzitting" word="spoedzitting"/>
        <node begin="3" cat="pp" end="5" id="6" rel="mod">
          <node begin="3" end="4" frame="preposition(over,[heen])" his="normal" his_1="normal" id="7" lcat="pp" lemma="over" pos="prep" postag="VZ(init)" pt="vz" rel="hd" root="over" sense="over" vztype="init" word="over"/>
          <node begin="4" end="5" frame="proper_name(sg,'LOC')" genus="onz" getal="ev" graad="basis" his="normal" his_1="names_dictionary" id="8" lcat="np" lemma="Jeruzalem" naamval="stan" neclass="LOC" ntype="eigen" num="sg" pos="name" postag="N(eigen,ev,basis,onz,stan)" pt="n" rel="obj1" rnum="sg" root="Jeruzalem" sense="Jeruzalem" word="Jeruzalem"/>
        </node>
      </node>
    </node>
  </node>
  <sentence sentid="1">VN-Veiligheidsraad houdt spoedzitting over Jeruzalem</sentence>
  <comments>
    <comment>Q#1|VN-Veiligheidsraad houdt spoedzitting over Jeruzalem|1|1|-1.5678415053700006</comment>
  </comments>
</alpino_ds>
