<?xml version="1.0" encoding="UTF-8"?>
<alpino_ds version="1.6">
  <parser cats="1" skips="0" />
  <node begin="0" cat="top" end="30" id="0" rel="top">
    <node begin="0" cat="smain" end="29" id="1" rel="--">
      <node begin="0" cat="np" end="2" id="2" rel="su">
        <node begin="0" end="1" frame="determiner(de)" his="normal" his_1="decap" his_1_1="normal" id="3" infl="de" lcat="detp" lemma="de" lwtype="bep" naamval="stan" npagr="rest" pos="det" postag="LID(bep,stan,rest)" pt="lid" rel="det" root="de" sense="de" word="De"/>
        <node begin="1" end="2" frame="proper_name(sg,'ORG')" genus="zijd" getal="ev" graad="basis" his="normal" his_1="names_dictionary" id="4" lcat="np" lemma="VN-Veiligheidsraad" naamval="stan" neclass="ORG" ntype="eigen" num="sg" pos="name" postag="N(eigen,ev,basis,zijd,stan)" pt="n" rel="hd" rnum="sg" root="VN-Veiligheidsraad" sense="VN-Veiligheidsraad" word="VN-Veiligheidsraad"/>
      </node>
      <node begin="2" end="3" frame="verb(zijn,sg3,intransitive)" his="normal" his_1="normal" id="5" infl="sg3" lcat="smain" lemma="komen" pos="verb" postag="WW(pv,tgw,met-t)" pt="ww" pvagr="met-t" pvtijd="tgw" rel="hd" root="kom" sc="intransitive" sense="kom" stype="declarative" tense="present" word="komt" wvorm="pv"/>
      <node begin="3" cat="np" end="6" id="6" rel="mod">
        <node begin="3" end="4" frame="tmp_noun(de,count,sg)" gen="de" genus="zijd" getal="ev" graad="basis" his="normal" his_1="normal" id="7" lcat="np" lemma="vrijdag" naamval="stan" ntype="eigen" num="sg" pos="noun" postag="N(eigen,ev,basis,zijd,stan)" pt="n" rel="hd" rnum="sg" root="vrijdag" sense="vrijdag" special="tmp" word="vrijdag"/>
        <node begin="4" cat="pp" end="6" id="8" rel="mod">
          <node begin="4" end="5" frame="preposition(in,[])" his="normal" his_1="normal" id="9" lcat="pp" lemma="in" pos="prep" postag="VZ(init)" pt="vz" rel="hd" root="in" sense="in" vztype="init" word="in"/>
          <node begin="5" end="6" frame="noun(de,count,sg)" gen="de" genus="zijd" getal="ev" graad="basis" his="normal" his_1="normal" id="10" lcat="np" lemma="spoedzitting" naamval="stan" ntype="soort" num="sg" pos="noun" postag="N(soort,ev,basis,zijd,stan)" pt="n" rel="obj1" rnum="sg" root="spoedzitting" sense="spoedzitting" word="spoedzitting"/>
        </node>
      </node>
      <node aform="base" begin="6" end="7" frame="adjective(pred(adv))" his="normal" his_1="normal" id="11" infl="pred" lcat="ap" lemma="bijeen" pos="adj" postag="BW()" pt="bw" rel="mod" root="bijeen" sense="bijeen" vform="adj" word="bijeen"/>
      <node begin="7" cat="oti" end="29" id="12" rel="mod">
        <node begin="7" end="8" frame="complementizer(om)" his="normal" his_1="normal" id="13" lcat="oti" lemma="om" pos="comp" postag="VZ(init)" pt="vz" rel="cmp" root="om" sc="om" sense="om" vztype="init" word="om"/>
        <node begin="8" cat="ti" end="29" id="14" rel="body">
          <node begin="9" end="10" frame="complementizer(te)" his="normal" his_1="normal" id="15" lcat="ti" lemma="te" pos="comp" postag="VZ(init)" pt="vz" rel="cmp" root="te" sc="te" sense="te" vztype="init" word="te"/>
          <node begin="8" cat="inf" end="29" id="16" rel="body">
            <node begin="8" end="9" frame="reflexive(u_thi,both)" getal="getal" his="normal" his_1="normal" id="17" lcat="np" lemma="zich" naamval="obl" num="both" pdtype="pron" per="u_thi" persoon="3" pos="pron" postag="VNW(refl,pron,obl,red,3,getal)" pt="vnw" refl="refl" rel="se" root="zich" sense="zich" status="red" vwtype="refl" word="zich"/>
            <node begin="10" buiging="zonder" end="11" frame="verb(hebben,inf,refl_pc_pp(over))" his="normal" his_1="normal" id="18" infl="inf" lcat="inf" lemma="beraden" pos="verb" positie="vrij" postag="WW(inf,vrij,zonder)" pt="ww" rel="hd" root="beraad" sc="refl_pc_pp(over)" sense="zich-beraad-over" word="beraden" wvorm="inf"/>
            <node begin="11" cat="pp" end="20" id="19" rel="pc">
              <node begin="11" end="12" frame="preposition(over,[heen])" his="normal" his_1="normal" id="20" lcat="pp" lemma="over" pos="prep" postag="VZ(init)" pt="vz" rel="hd" root="over" sense="over" vztype="init" word="over"/>
              <node begin="12" cat="np" end="20" id="21" rel="obj1">
                <node begin="12" end="13" frame="determiner(de)" his="normal" his_1="normal" id="22" infl="de" lcat="detp" lemma="de" lwtype="bep" naamval="stan" npagr="rest" pos="det" postag="LID(bep,stan,rest)" pt="lid" rel="det" root="de" sense="de" word="de"/>
                <node begin="13" end="14" frame="noun(de,count,sg)" gen="de" genus="zijd" getal="ev" graad="basis" his="normal" his_1="normal" id="23" lcat="np" lemma="beslissing" naamval="stan" ntype="soort" num="sg" pos="noun" postag="N(soort,ev,basis,zijd,stan)" pt="n" rel="hd" rnum="sg" root="beslissing" sense="beslissing" word="beslissing"/>
                <node begin="14" cat="pp" end="20" id="24" rel="mod">
                  <node begin="14" end="15" frame="preposition(van,[af,uit,vandaan,[af,aan]])" his="normal" his_1="normal" id="25" lcat="pp" lemma="van" pos="prep" postag="VZ(init)" pt="vz" rel="hd" root="van" sense="van" vztype="init" word="van"/>
                  <node begin="15" cat="np" end="20" id="26" rel="obj1">
                    <node begin="15" end="16" frame="determiner(de)" his="normal" his_1="normal" id="27" infl="de" lcat="detp" lemma="de" lwtype="bep" naamval="stan" npagr="rest" pos="det" postag="LID(bep,stan,rest)" pt="lid" rel="det" root="de" sense="de" word="de"/>
                    <node aform="base" begin="16" buiging="met-e" end="17" frame="adjective(e)" graad="basis" his="normal" his_1="normal" id="28" infl="e" lcat="ap" lemma="Amerikaans" naamval="stan" pos="adj" positie="prenom" postag="ADJ(prenom,basis,met-e,stan)" pt="adj" rel="mod" root="Amerikaans" sense="Amerikaans" vform="adj" word="Amerikaanse"/>
                    <node begin="17" end="18" frame="noun(de,count,sg)" gen="de" genus="zijd" getal="ev" graad="basis" his="normal" his_1="normal" id="29" lcat="np" lemma="president" naamval="stan" ntype="soort" num="sg" pos="noun" postag="N(soort,ev,basis,zijd,stan)" pt="n" rel="hd" rnum="sg" root="president" sense="president" word="president"/>
                    <node begin="18" cat="mwu" end="20" his="normal" his_1="names_dictionary" id="30" mwu_root="Donald Trump" mwu_sense="Donald Trump" rel="app">
                      <node begin="18" end="19" frame="proper_name(sg,'PER')" id="31" lcat="np" lemma="Donald" neclass="PER" num="sg" pos="name" postag="SPEC(deeleigen)" pt="spec" rel="mwp" rnum="sg" root="Donald" sense="Donald" spectype="deeleigen" word="Donald"/>
                      <node begin="19" end="20" frame="proper_name(sg,'PER')" id="32" lcat="np" lemma="Trump" neclass="PER" num="sg" pos="name" postag="SPEC(deeleigen)" pt="spec" rel="mwp" rnum="sg" root="Trump" sense="Trump" spectype="deeleigen" word="Trump"/>
                    </node>
                  </node>
                </node>
              </node>
            </node>
            <node begin="20" cat="oti" end="29" id="33" rel="mod">
              <node begin="20" end="21" frame="complementizer(om)" his="normal" his_1="normal" id="34" lcat="oti" lemma="om" pos="comp" postag="VZ(init)" pt="vz" rel="cmp" root="om" sc="om" sense="om" vztype="init" word="om"/>
              <node begin="21" cat="ti" end="29" id="35" rel="body">
                <node begin="23" end="24" frame="complementizer(te)" his="normal" his_1="normal" id="36" lcat="ti" lemma="te" pos="comp" postag="VZ(init)" pt="vz" rel="cmp" root="te" sc="te" sense="te" vztype="init" word="te"/>
                <node begin="21" cat="inf" end="29" id="37" rel="body">
                  <node begin="21" cat="np" end="23" id="38" rel="obj1">
                    <node aform="base" begin="21" buiging="zonder" end="22" frame="adjective(no_e(adv))" graad="basis" his="normal" his_1="normal" id="39" infl="no_e" lcat="ap" lemma="eenzijdig" pos="adj" positie="prenom" postag="ADJ(prenom,basis,zonder)" pt="adj" rel="mod" root="eenzijdig" sense="eenzijdig" vform="adj" word="eenzijdig"/>
                    <node begin="22" end="23" frame="proper_name(sg,'LOC')" genus="onz" getal="ev" graad="basis" his="normal" his_1="names_dictionary" id="40" lcat="np" lemma="Jeruzalem" naamval="stan" neclass="LOC" ntype="eigen" num="sg" pos="name" postag="N(eigen,ev,basis,onz,stan)" pt="n" rel="hd" rnum="sg" root="Jeruzalem" sense="Jeruzalem" word="Jeruzalem"/>
                  </node>
                  <node begin="24" buiging="zonder" end="25" frame="verb(hebben,inf,als_pred_np)" his="normal" his_1="normal" id="41" infl="inf" lcat="inf" lemma="erkennen" pos="verb" positie="vrij" postag="WW(inf,vrij,zonder)" pt="ww" rel="hd" root="erken" sc="als_pred_np" sense="erken" word="erkennen" wvorm="inf"/>
                  <node begin="25" cat="cp" end="29" id="42" rel="predc">
                    <node begin="25" end="26" frame="complementizer(als)" his="normal" his_1="normal" id="43" lcat="cp" lemma="als" pos="comp" postag="VZ(init)" pt="vz" rel="cmp" root="als" sc="als" sense="als" vztype="init" word="als"/>
                    <node begin="26" cat="np" end="29" id="44" rel="body">
                      <node begin="26" end="27" frame="noun(de,count,sg)" gen="de" genus="zijd" getal="ev" graad="basis" his="normal" his_1="normal" id="45" lcat="np" lemma="hoofdstad" naamval="stan" ntype="soort" num="sg" pos="noun" postag="N(soort,ev,basis,zijd,stan)" pt="n" rel="hd" rnum="sg" root="hoofdstad" sense="hoofdstad" word="hoofdstad"/>
                      <node begin="27" cat="pp" end="29" id="46" rel="mod">
                        <node begin="27" end="28" frame="preposition(van,[af,uit,vandaan,[af,aan]])" his="normal" his_1="normal" id="47" lcat="pp" lemma="van" pos="prep" postag="VZ(init)" pt="vz" rel="hd" root="van" sense="van" vztype="init" word="van"/>
                        <node begin="28" end="29" frame="proper_name(sg,'LOC')" genus="onz" getal="ev" graad="basis" his="normal" his_1="names_dictionary" id="48" lcat="np" lemma="Israël" naamval="stan" neclass="LOC" ntype="eigen" num="sg" pos="name" postag="N(eigen,ev,basis,onz,stan)" pt="n" rel="obj1" rnum="sg" root="Israël" sense="Israël" word="Israël"/>
                      </node>
                    </node>
                  </node>
                </node>
              </node>
            </node>
          </node>
        </node>
      </node>
    </node>
    <node begin="29" end="30" frame="punct(punt)" his="normal" his_1="normal" id="49" lcat="punct" lemma="." pos="punct" postag="LET()" pt="let" rel="--" root="." sense="." special="punt" word="."/>
  </node>
  <sentence sentid="2">De VN-Veiligheidsraad komt vrijdag in spoedzitting bijeen om zich te beraden over de beslissing van de Amerikaanse president Donald Trump om eenzijdig Jeruzalem te erkennen als hoofdstad van Israël .</sentence>
  <comments>
    <comment>Q#2|De VN-Veiligheidsraad komt vrijdag in spoedzitting bijeen om zich te beraden over de beslissing van de Amerikaanse president Donald Trump om eenzijdig Jeruzalem te erkennen als hoofdstad van Israël .|1|1|-5.730997931069986</comment>
  </comments>
</alpino_ds>
