{"meta": {"id": "MH-DMF20180227_03379993-Belgi_en_GrootBrittanni_slaan_handen.tsv", "author": "eventdna_anno_2"}, "doc": {"token_string": "Belgi\u00eb en Groot-Brittanni\u00eb slaan handen in elkaar in strijd tegen transmigratie Belgi\u00eb en Groot-Brittanni\u00eb gaan samenwerken in de strijd tegen transmigratie . Dat zijn minister van Binnenlandse Zaken Jan Jambon en staatssecretaris voor Asiel en Migratie Theo Francken maandag tijdens een bezoek aan Londen overeengekomen met de Britse binnenlandminister Amber Rudd . Er komt onder meer een informatie- en ontradingscampagne die de verhalen van smokkelaars moet ontkrachten .", "token_ids": [0, 1, 2, 3, 4, 5, 6, 7, 8, 9, 10, 11, 12, 13, 14, 15, 16, 17, 18, 19, 20, 21, 22, 23, 24, 25, 26, 27, 28, 29, 30, 31, 32, 33, 34, 35, 36, 37, 38, 39, 40, 41, 42, 43, 44, 45, 46, 47, 48, 49, 50, 51, 52, 53, 54, 55, 56, 57, 58, 59, 60, 61, 62, 63, 64, 65, 66, 67], "sentences": {"sentence_1": {"token_ids": [0, 1, 2, 3, 4, 5, 6, 7, 8, 9, 10]}, "sentence_2": {"token_ids": [11, 12, 13, 14, 15, 16, 17, 18, 19, 20, 21]}, "sentence_3": {"token_ids": [22, 23, 24, 25, 26, 27, 28, 29, 30, 31, 32, 33, 34, 35, 36, 37, 38, 39, 40, 41, 42, 43, 44, 45, 46, 47, 48, 49, 50, 51]}, "sentence_4": {"token_ids": [52, 53, 54, 55, 56, 57, 58, 59, 60, 61, 62, 63, 64, 65, 66, 67]}}, "annotations": {"entities": {"entity_1": {"type": "entity", "string": "Belgi\u00eb", "features": {"type": "ORG", "span": [0], "individuality": "INDIV", "mention_level_type": "NAM", "head": {"type": "entityHead", "string": "Belgi\u00eb", "features": {"span": [0]}}}, "home_sentence": "sentence_1"}, "entity_2": {"type": "entity", "string": "Groot-Brittanni\u00eb", "features": {"type": "ORG", "span": [2], "individuality": "INDIV", "mention_level_type": "NAM", "head": {"type": "entityHead", "string": "Groot-Brittanni\u00eb", "features": {"span": [2]}}}, "home_sentence": "sentence_1"}, "entity_3": {"type": "entity", "string": "Belgi\u00eb", "features": {"type": "ORG", "span": [11], "individuality": "INDIV", "mention_level_type": "NAM", "head": {"type": "entityHead", "string": "Belgi\u00eb", "features": {"span": [11]}}}, "home_sentence": "sentence_2"}, "entity_4": {"type": "entity", "string": "Groot-Brittanni\u00eb", "features": {"type": "ORG", "span": [13], "individuality": "INDIV", "mention_level_type": "NAM", "head": {"type": "entityHead", "string": "Groot-Brittanni\u00eb", "features": {"span": [13]}}}, "home_sentence": "sentence_2"}, "entity_5": {"type": "entity", "string": "Jan Jambon", "features": {"type": "PER", "span": [28, 29], "individuality": "INDIV", "mention_level_type": "NAM", "head": {"type": "entityHead", "string": "Jan Jambon", "features": {"span": [28, 29]}}}, "home_sentence": "sentence_3"}, "entity_6": {"type": "entity", "string": "Theo Francken", "features": {"type": "PER", "span": [36, 37], "individuality": "INDIV", "mention_level_type": "NAM", "head": {"type": "entityHead", "string": "Theo Francken", "features": {"span": [36, 37]}}}, "home_sentence": "sentence_3"}, "entity_7": {"type": "entity", "string": "Londen", "features": {"type": "LOC", "span": [43], "individuality": "INDIV", "mention_level_type": "NAM", "head": {"type": "entityHead", "string": "Londen", "features": {"span": [43]}}}, "home_sentence": "sentence_3"}, "entity_8": {"type": "entity", "string": "Britse", "features": {"type": "LOC", "span": [47], "individuality": "INDIV", "mention_level_type": "NAM", "head": {"type": "entityHead", "string": "Britse", "features": {"span": [47]}}}, "home_sentence": "sentence_3"}, "entity_9": {"type": "entity", "string": "Amber Rudd", "features": {"type": "PER", "span": [49, 50], "individuality": "INDIV", "mention_level_type": "NAM", "head": {"type": "entityHead", "string": "Amber Rudd", "features": {"span": [49, 50]}}}, "home_sentence": "sentence_3"}}, "events": {"event_1": {"annotation_type": "event", "string": "Belgi\u00eb en Groot-Brittanni\u00eb slaan handen in elkaar in strijd tegen transmigratie", "features": {"span": [0, 1, 2, 3, 4, 5, 6, 7, 8, 9, 10], "arguments": [{"string": "Belgi\u00eb", "features": {"span": [0], "argument_entity_type": "LOC", "argument_role": "Participant"}}, {"string": "Groot-Brittanni\u00eb", "features": {"span": [2], "argument_entity_type": "LOC", "argument_role": "Participant"}}], "type": "Unknown", "subtype": "Unknown", "modality": "Asserted", "pos_neg": "Positive", "prominence": "Main", "tense": "Present"}, "home_sentence": "sentence_1"}, "event_2": {"annotation_type": "event", "string": "transmigratie", "features": {"span": [10], "arguments": [], "type": "Movement", "subtype": "TransportPerson", "modality": "Asserted", "pos_neg": "Positive", "prominence": "Background", "tense": "Unspecified"}, "home_sentence": "sentence_1"}, "event_3": {"annotation_type": "event", "string": "Belgi\u00eb en Groot-Brittanni\u00eb gaan samenwerken in de strijd tegen transmigratie .", "features": {"span": [11, 12, 13, 14, 15, 16, 17, 18, 19, 20, 21], "arguments": [{"string": "Belgi\u00eb", "features": {"span": [11], "argument_entity_type": "LOC", "argument_role": "Participant"}}, {"string": "Groot-Brittanni\u00eb", "features": {"span": [13], "argument_entity_type": "LOC", "argument_role": "Participant"}}], "type": "Unknown", "subtype": "Unknown", "modality": "Asserted", "pos_neg": "Positive", "prominence": "Main", "tense": "Future"}, "home_sentence": "sentence_2"}, "event_4": {"annotation_type": "event", "string": "transmigratie", "features": {"span": [20], "arguments": [], "type": "Movement", "subtype": "TransportPerson", "modality": "Asserted", "pos_neg": "Positive", "prominence": "Background", "tense": "Unspecified"}, "home_sentence": "sentence_2"}, "event_5": {"annotation_type": "event", "string": "Dat zijn minister van Binnenlandse Zaken Jan Jambon en staatssecretaris voor Asiel en Migratie Theo Francken maandag tijdens een bezoek aan Londen overeengekomen met de Britse binnenlandminister Amber Rudd .", "features": {"span": [22, 23, 24, 25, 26, 27, 28, 29, 30, 31, 32, 33, 34, 35, 36, 37, 38, 39, 40, 41, 42, 43, 44, 45, 46, 47, 48, 49, 50, 51], "arguments": [{"string": "Jan Jambon", "features": {"span": [28, 29], "argument_entity_type": "PER", "argument_role": "Participant"}}, {"string": "Amber Rudd", "features": {"span": [49, 50], "argument_entity_type": "LOC", "argument_role": "Participant"}}, {"string": "Theo Francken", "features": {"span": [36, 37], "argument_entity_type": "PER", "argument_role": "Participant"}}, {"string": "Londen", "features": {"span": [43], "argument_entity_type": "LOC", "argument_role": "Place"}}, {"string": "maandag", "features": {"span": [38], "argument_entity_type": "time", "argument_role": "Time"}}], "type": "Contact", "subtype": "Contact", "modality": "Asserted", "pos_neg": "Positive", "prominence": "Background", "tense": "Past"}, "home_sentence": "sentence_3"}, "event_6": {"annotation_type": "event", "string": "een bezoek aan Londen", "features": {"span": [40, 41, 42, 43], "arguments": [{"string": "Londen", "features": {"span": [43], "argument_entity_type": "LOC", "argument_role": "Destination"}}], "type": "Movement", "subtype": "TransportPerson", "modality": "Asserted", "pos_neg": "Positive", "prominence": "Background", "tense": "Unspecified"}, "home_sentence": "sentence_3"}, "event_7": {"annotation_type": "event", "string": "Er komt onder meer een informatie- en ontradingscampagne die de verhalen van smokkelaars moet ontkrachten .", "features": {"span": [52, 53, 54, 55, 56, 57, 58, 59, 60, 61, 62, 63, 64, 65, 66, 67], "arguments": [{"string": "smokkelaars", "features": {"span": [64], "argument_entity_type": "PER", "argument_role": "Participant"}}], "type": "Unknown", "subtype": "Unknown", "modality": "Asserted", "pos_neg": "Positive", "prominence": "Background", "tense": "Future"}, "home_sentence": "sentence_4"}}, "coreference": {"entities": {"coref_bucket_1": ["entity_3", "entity_1"], "coref_bucket_2": ["entity_8", "entity_4", "entity_2"]}, "events": {"coref_bucket_3": ["event_1", "event_3"], "coref_bucket_4": ["event_2", "event_4"]}}, "iptc_codes": {"certain": [[["medtop:20000634", "migration of people"], ["medtop:20000621", "government policy"], ["medtop:11000000", "politics"]], [["medtop:20000643", "foreign aid"], ["medtop:20000638", "international relations"], ["medtop:11000000", "politics"]], [["medtop:20000613", "ministers (government)"], ["medtop:20000593", "government"], ["medtop:11000000", "politics"]]], "uncertain": []}}}}