<?xml version="1.0" encoding="UTF-8"?>
<alpino_ds version="1.6">
  <parser cats="1" skips="0" />
  <node begin="0" cat="top" end="13" id="0" rel="top">
    <node begin="2" end="3" frame="punct(dubb_punt)" his="normal" his_1="normal" id="1" lcat="punct" lemma=":" pos="punct" postag="LET()" pt="let" rel="--" root=":" sense=":" special="dubb_punt" word=":"/>
    <node begin="3" end="4" frame="punct(aanhaal_both)" his="normal" his_1="normal" id="2" lcat="punct" lemma="&apos;" pos="punct" postag="LET()" pt="let" rel="--" root="&apos;" sense="&apos;" special="aanhaal_both" word="&apos;"/>
    <node begin="6" end="7" frame="punct(komma)" his="normal" his_1="normal" id="3" lcat="punct" lemma="," pos="punct" postag="LET()" pt="let" rel="--" root="," sense="," special="komma" word=","/>
    <node begin="0" cat="du" end="12" id="4" rel="--">
      <node begin="0" cat="np" end="2" id="5" rel="tag">
        <node begin="0" end="1" frame="noun(de,count,pl)" gen="de" getal="mv" graad="basis" his="normal" his_1="decap" his_1_1="normal" id="6" lcat="np" lemma="bosbrand" ntype="soort" num="pl" pos="noun" postag="N(soort,mv,basis)" pt="n" rel="hd" rnum="pl" root="bosbrand" sense="bosbrand" word="Bosbranden"/>
        <node begin="1" end="2" frame="proper_name(sg,'LOC')" genus="onz" getal="ev" graad="basis" his="normal" his_1="names_dictionary" id="7" lcat="np" lemma="Californië" naamval="stan" neclass="LOC" ntype="eigen" num="sg" pos="name" postag="N(eigen,ev,basis,onz,stan)" pt="n" rel="app" rnum="sg" root="Californië" sense="Californië" word="Californië"/>
      </node>
      <node begin="4" cat="conj" end="12" id="8" rel="nucl">
        <node begin="4" cat="np" end="6" id="9" rel="cnj">
          <node begin="4" end="5" frame="determiner(een)" his="normal" his_1="decap" his_1_1="normal" id="10" infl="een" lcat="detp" lemma="een" lwtype="onbep" naamval="stan" npagr="agr" pos="det" postag="LID(onbep,stan,agr)" pt="lid" rel="det" root="een" sense="een" word="Een"/>
          <node begin="5" end="6" frame="noun(het,count,sg)" gen="het" genus="onz" getal="ev" graad="basis" his="normal" his_1="normal" id="11" lcat="np" lemma="beest" naamval="stan" ntype="soort" num="sg" pos="noun" postag="N(soort,ev,basis,onz,stan)" pt="n" rel="hd" rnum="sg" root="beest" sense="beest" word="beest"/>
        </node>
        <node begin="7" conjtype="neven" end="8" frame="conj(maar)" his="normal" his_1="normal" id="12" lcat="vg" lemma="maar" pos="vg" postag="VG(neven)" pt="vg" rel="crd" root="maar" sense="maar" word="maar"/>
        <node begin="8" cat="smain" end="12" id="13" rel="cnj">
          <node begin="8" case="nom" def="def" end="9" frame="pronoun(nwh,fir,pl,de,nom,def,wkpro)" gen="de" getal="mv" his="normal" his_1="normal" id="14" index="1" lcat="np" lemma="we" naamval="nomin" num="pl" pdtype="pron" per="fir" persoon="1" pos="pron" postag="VNW(pers,pron,nomin,red,1,mv)" pt="vnw" rel="su" rnum="pl" root="we" sense="we" special="wkpro" status="red" vwtype="pers" wh="nwh" word="we"/>
          <node begin="9" end="10" frame="verb(hebben,pl,aux(inf))" his="normal" his_1="normal" id="15" infl="pl" lcat="smain" lemma="zullen" pos="verb" postag="WW(pv,tgw,mv)" pt="ww" pvagr="mv" pvtijd="tgw" rel="hd" root="zal" sc="aux(inf)" sense="zal" stype="declarative" tense="present" word="zullen" wvorm="pv"/>
          <node begin="8" cat="inf" end="12" id="16" rel="vc">
            <node begin="8" end="9" id="17" index="1" rel="su"/>
            <node begin="10" end="11" frame="determiner(het,nwh,nmod,pro,nparg,wkpro)" genus="onz" getal="ev" his="normal" his_1="normal" id="18" infl="het" lcat="np" lemma="het" naamval="stan" pdtype="pron" persoon="3" pos="det" postag="VNW(pers,pron,stan,red,3,ev,onz)" pt="vnw" rel="obj1" rnum="sg" root="het" sense="het" status="red" vwtype="pers" wh="nwh" word="het"/>
            <node begin="11" buiging="zonder" end="12" frame="verb(hebben,inf,transitive)" his="normal" his_1="normal" id="19" infl="inf" lcat="inf" lemma="doden" pos="verb" positie="vrij" postag="WW(inf,vrij,zonder)" pt="ww" rel="hd" root="dood" sc="transitive" sense="dood" word="doden" wvorm="inf"/>
          </node>
        </node>
      </node>
    </node>
    <node begin="12" end="13" frame="punct(aanhaal_both)" his="normal" his_1="normal" id="20" lcat="punct" lemma="&apos;" pos="punct" postag="LET()" pt="let" rel="--" root="&apos;" sense="&apos;" special="aanhaal_both" word="&apos;"/>
  </node>
  <sentence sentid="1">Bosbranden Californië : &apos; Een beest , maar we zullen het doden &apos;</sentence>
  <comments>
    <comment>Q#1|Bosbranden Californië : &apos; Een beest , maar we zullen het doden &apos;|1|1|0.7820055491299979</comment>
  </comments>
</alpino_ds>
