<?xml version="1.0" encoding="UTF-8"?>
<alpino_ds version="1.6">
  <parser cats="1" skips="0" />
  <node begin="0" cat="top" end="13" id="0" rel="top">
    <node begin="0" cat="smain" end="12" id="1" rel="--">
      <node begin="0" cat="np" end="3" id="2" index="1" rel="su">
        <node begin="0" end="1" frame="determiner(een)" his="normal" his_1="decap" his_1_1="normal" id="3" infl="een" lcat="detp" lemma="een" lwtype="onbep" naamval="stan" npagr="agr" pos="det" postag="LID(onbep,stan,agr)" pt="lid" rel="det" root="een" sense="een" word="Een"/>
        <node aform="base" begin="1" buiging="met-e" end="2" frame="adjective(e)" graad="basis" his="normal" his_1="normal" id="4" infl="e" lcat="ap" lemma="hevig" naamval="stan" pos="adj" positie="prenom" postag="ADJ(prenom,basis,met-e,stan)" pt="adj" rel="mod" root="hevig" sense="hevig" vform="adj" word="hevige"/>
        <node begin="2" end="3" frame="noun(de,count,sg)" gen="de" genus="zijd" getal="ev" graad="basis" his="normal" his_1="normal" id="5" lcat="np" lemma="bosbrand" naamval="stan" ntype="soort" num="sg" pos="noun" postag="N(soort,ev,basis,zijd,stan)" pt="n" rel="hd" rnum="sg" root="bosbrand" sense="bosbrand" word="bosbrand"/>
      </node>
      <node begin="3" end="4" frame="verb(unacc,sg3,aux(inf))" his="normal" his_1="normal" id="6" infl="sg3" lcat="smain" lemma="blijven" pos="verb" postag="WW(pv,tgw,met-t)" pt="ww" pvagr="met-t" pvtijd="tgw" rel="hd" root="blijf" sc="aux(inf)" sense="blijf" stype="declarative" tense="present" word="blijft" wvorm="pv"/>
      <node begin="0" cat="inf" end="12" id="7" rel="vc">
        <node begin="0" end="3" id="8" index="1" rel="su"/>
        <node begin="4" cat="pp" end="6" id="9" rel="pc">
          <node begin="4" end="5" frame="preposition(voor,[aan,door,uit,[in,de,plaats]])" his="normal" his_1="normal" id="10" lcat="pp" lemma="voor" pos="prep" postag="VZ(init)" pt="vz" rel="hd" root="voor" sense="voor" vztype="init" word="voor"/>
          <node begin="5" end="6" frame="noun(het,count,sg)" gen="het" genus="onz" getal="ev" graad="basis" his="normal" his_1="normal" id="11" lcat="np" lemma="gevaar" naamval="stan" ntype="soort" num="sg" pos="noun" postag="N(soort,ev,basis,onz,stan)" pt="n" rel="obj1" rnum="sg" root="gevaar" sense="gevaar" word="gevaar"/>
        </node>
        <node begin="6" buiging="zonder" end="7" frame="verb(hebben,inf,pc_pp(voor))" his="normal" his_1="normal" id="12" infl="inf" lcat="inf" lemma="zorgen" pos="verb" positie="vrij" postag="WW(inf,vrij,zonder)" pt="ww" rel="hd" root="zorg" sc="pc_pp(voor)" sense="zorg-voor" word="zorgen" wvorm="inf"/>
        <node begin="7" cat="pp" end="12" id="13" rel="mod">
          <node begin="7" end="8" frame="preposition(in,[])" his="normal" his_1="normal" id="14" lcat="pp" lemma="in" pos="prep" postag="VZ(init)" pt="vz" rel="hd" root="in" sense="in" vztype="init" word="in"/>
          <node begin="8" cat="np" end="12" id="15" rel="obj1">
            <node begin="8" end="9" frame="determiner(de)" his="normal" his_1="normal" id="16" infl="de" lcat="detp" lemma="de" lwtype="bep" naamval="stan" npagr="rest" pos="det" postag="LID(bep,stan,rest)" pt="lid" rel="det" root="de" sense="de" word="de"/>
            <node aform="base" begin="9" buiging="met-e" end="10" frame="adjective(e)" graad="basis" his="normal" his_1="normal" id="17" infl="e" lcat="ap" lemma="Amerikaans" naamval="stan" pos="adj" positie="prenom" postag="ADJ(prenom,basis,met-e,stan)" pt="adj" rel="mod" root="Amerikaans" sense="Amerikaans" vform="adj" word="Amerikaanse"/>
            <node begin="10" end="11" frame="noun(de,count,sg)" gen="de" genus="zijd" getal="ev" graad="basis" his="normal" his_1="normal" id="18" lcat="np" lemma="staat" naamval="stan" ntype="soort" num="sg" pos="noun" postag="N(soort,ev,basis,zijd,stan)" pt="n" rel="hd" rnum="sg" root="staat" sense="staat" word="staat"/>
            <node begin="11" end="12" frame="proper_name(sg,'LOC')" genus="onz" getal="ev" graad="basis" his="normal" his_1="names_dictionary" id="19" lcat="np" lemma="Californië" naamval="stan" neclass="LOC" ntype="eigen" num="sg" pos="name" postag="N(eigen,ev,basis,onz,stan)" pt="n" rel="app" rnum="sg" root="Californië" sense="Californië" word="Californië"/>
          </node>
        </node>
      </node>
    </node>
    <node begin="12" end="13" frame="punct(punt)" his="normal" his_1="normal" id="20" lcat="punct" lemma="." pos="punct" postag="LET()" pt="let" rel="--" root="." sense="." special="punt" word="."/>
  </node>
  <sentence sentid="2">Een hevige bosbrand blijft voor gevaar zorgen in de Amerikaanse staat Californië .</sentence>
  <comments>
    <comment>Q#2|Een hevige bosbrand blijft voor gevaar zorgen in de Amerikaanse staat Californië .|1|1|-6.691127372460004</comment>
  </comments>
</alpino_ds>
