<?xml version="1.0" encoding="UTF-8"?>
<alpino_ds version="1.6">
  <parser cats="1" skips="0" />
  <node begin="0" cat="top" end="10" id="0" rel="top">
    <node begin="0" cat="smain" end="9" id="1" rel="--">
      <node begin="1" end="2" frame="verb(unacc,pl,passive)" his="normal" his_1="normal" id="2" infl="pl" lcat="smain" lemma="worden" pos="verb" postag="WW(pv,tgw,mv)" pt="ww" pvagr="mv" pvtijd="tgw" rel="hd" root="word" sc="passive" sense="word" stype="declarative" tense="present" word="worden" wvorm="pv"/>
      <node begin="3" cat="np" end="8" id="3" index="1" rel="su">
        <node begin="3" end="4" frame="determiner(de)" his="normal" his_1="normal" id="4" infl="de" lcat="detp" lemma="de" lwtype="bep" naamval="stan" npagr="rest" pos="det" postag="LID(bep,stan,rest)" pt="lid" rel="det" root="de" sense="de" word="de"/>
        <node begin="4" end="5" frame="noun(het,count,pl)" gen="het" getal="mv" graad="basis" his="normal" his_1="normal" id="5" lcat="np" lemma="gebied" ntype="soort" num="pl" pos="noun" postag="N(soort,mv,basis)" pt="n" rel="hd" rnum="pl" root="gebied" sense="gebied" word="gebieden"/>
        <node begin="5" cat="pp" end="8" id="6" rel="mod">
          <node begin="5" end="6" frame="preposition(rond,[heen])" his="normal" his_1="normal" id="7" lcat="pp" lemma="rond" pos="prep" postag="VZ(init)" pt="vz" rel="hd" root="rond" sense="rond" vztype="init" word="rond"/>
          <node begin="6" cat="mwu" end="8" his="normal" his_1="names_dictionary" id="8" mwu_root="Santa Barbara" mwu_sense="Santa Barbara" rel="obj1">
            <node begin="6" end="7" frame="proper_name(sg,'LOC')" id="9" lcat="np" lemma="Santa" neclass="LOC" num="sg" pos="name" postag="SPEC(deeleigen)" pt="spec" rel="mwp" rnum="sg" root="Santa" sense="Santa" spectype="deeleigen" word="Santa"/>
            <node begin="7" end="8" frame="proper_name(sg,'LOC')" id="10" lcat="np" lemma="Barbara" neclass="LOC" num="sg" pos="name" postag="SPEC(deeleigen)" pt="spec" rel="mwp" rnum="sg" root="Barbara" sense="Barbara" spectype="deeleigen" word="Barbara"/>
          </node>
        </node>
      </node>
      <node begin="0" cat="ppart" end="9" id="11" rel="vc">
        <node begin="0" end="1" frame="tmp_adverb" his="normal" his_1="decap" his_1_1="normal" id="12" lcat="advp" lemma="nu" pos="adv" postag="BW()" pt="bw" rel="mod" root="nu" sense="nu" special="tmp" word="Nu"/>
        <node begin="2" end="3" frame="sentence_adverb" his="normal" his_1="normal" id="13" lcat="advp" lemma="ook" pos="adv" postag="BW()" pt="bw" rel="mod" root="ook" sense="ook" special="sentence" word="ook"/>
        <node begin="3" end="8" id="14" index="1" rel="obj1"/>
        <node begin="8" buiging="zonder" end="9" frame="verb(hebben,psp,transitive)" his="normal" his_1="normal" id="15" infl="psp" lcat="ppart" lemma="evacueren" pos="verb" positie="vrij" postag="WW(vd,vrij,zonder)" pt="ww" rel="hd" root="evacueer" sc="transitive" sense="evacueer" word="geëvacueerd" wvorm="vd"/>
      </node>
    </node>
    <node begin="9" end="10" frame="punct(punt)" his="normal" his_1="normal" id="16" lcat="punct" lemma="." pos="punct" postag="LET()" pt="let" rel="--" root="." sense="." special="punt" word="."/>
  </node>
  <sentence sentid="3">Nu worden ook de gebieden rond Santa Barbara geëvacueerd .</sentence>
  <comments>
    <comment>Q#3|Nu worden ook de gebieden rond Santa Barbara geëvacueerd .|1|1|-7.365590417349999</comment>
  </comments>
</alpino_ds>
