{"meta": {"id": "MH-DMF20180224_03375565-Ondanks_initieel_verzet_Rusland_VNVeiligheidsraad.tsv", "author": "eventdna_anno_2"}, "doc": {"token_string": "Ondanks initieel verzet Rusland : VN-Veiligheidsraad unaniem voor wapenstilstand in Syri\u00eb De VN-veiligheidsraad heeft zaterdag unaniem een resolutie goedgekeurd waarin wordt opgeroepen tot een onmiddellijk humanitair staakt-het-vuren van dertig dagen in Syri\u00eb .", "token_ids": [0, 1, 2, 3, 4, 5, 6, 7, 8, 9, 10, 11, 12, 13, 14, 15, 16, 17, 18, 19, 20, 21, 22, 23, 24, 25, 26, 27, 28, 29, 30, 31, 32], "sentences": {"sentence_1": {"token_ids": [0, 1, 2, 3, 4, 5, 6, 7, 8, 9, 10]}, "sentence_2": {"token_ids": [11, 12, 13, 14, 15, 16, 17, 18, 19, 20, 21, 22, 23, 24, 25, 26, 27, 28, 29, 30, 31, 32]}}, "annotations": {"entities": {"entity_1": {"type": "entity", "string": "Rusland", "features": {"type": "ORG", "span": [3], "individuality": "INDIV", "mention_level_type": "NAM", "head": {"type": "entityHead", "string": "Rusland", "features": {"span": [3]}}}, "home_sentence": "sentence_1"}, "entity_2": {"type": "entity", "string": "VN-Veiligheidsraad", "features": {"type": "ORG", "span": [5], "individuality": "INDIV", "mention_level_type": "NAM", "head": {"type": "entityHead", "string": "VN-Veiligheidsraad", "features": {"span": [5]}}}, "home_sentence": "sentence_1"}, "entity_3": {"type": "entity", "string": "Syri\u00eb", "features": {"type": "LOC", "span": [10], "individuality": "INDIV", "mention_level_type": "NAM", "head": {"type": "entityHead", "string": "Syri\u00eb", "features": {"span": [10]}}}, "home_sentence": "sentence_1"}, "entity_4": {"type": "entity", "string": "VN-veiligheidsraad", "features": {"type": "ORG", "span": [12], "individuality": "INDIV", "mention_level_type": "NAM", "head": {"type": "entityHead", "string": "VN-veiligheidsraad", "features": {"span": [12]}}}, "home_sentence": "sentence_2"}, "entity_5": {"type": "entity", "string": "Syri\u00eb", "features": {"type": "LOC", "span": [31], "individuality": "INDIV", "mention_level_type": "NAM", "head": {"type": "entityHead", "string": "Syri\u00eb", "features": {"span": [31]}}}, "home_sentence": "sentence_2"}}, "events": {"event_1": {"annotation_type": "event", "string": "initieel verzet Rusland", "features": {"span": [1, 2, 3], "arguments": [{"string": "Rusland", "features": {"span": [3], "argument_entity_type": "ORG", "argument_role": "Participant"}}], "type": "Unknown", "subtype": "Unknown", "modality": "Asserted", "pos_neg": "Positive", "prominence": "Background", "tense": "Unspecified"}, "home_sentence": "sentence_1"}, "event_2": {"annotation_type": "event", "string": "VN-Veiligheidsraad unaniem voor wapenstilstand in Syri\u00eb", "features": {"span": [5, 6, 7, 8, 9, 10], "arguments": [{"string": "VN-Veiligheidsraad", "features": {"span": [5], "argument_entity_type": "ORG", "argument_role": "Voter"}}, {"string": "wapenstilstand in Syri\u00eb", "features": {"span": [8, 9, 10], "argument_entity_type": "topic", "argument_role": "Topic"}}], "type": "Politics", "subtype": "Vote", "modality": "Asserted", "pos_neg": "Positive", "prominence": "Main", "tense": "Unspecified"}, "home_sentence": "sentence_1"}, "event_3": {"annotation_type": "event", "string": "wapenstilstand in Syri\u00eb", "features": {"span": [8, 9, 10], "arguments": [{"string": "Syri\u00eb", "features": {"span": [10], "argument_entity_type": "LOC", "argument_role": "Place"}}], "type": "Conflict", "subtype": "Attack", "modality": "Asserted", "pos_neg": "Negative", "prominence": "Background", "tense": "Unspecified"}, "home_sentence": "sentence_1"}, "event_4": {"annotation_type": "event", "string": "De VN-veiligheidsraad heeft zaterdag unaniem een resolutie goedgekeurd waarin wordt opgeroepen tot een onmiddellijk humanitair staakt-het-vuren van dertig dagen in Syri\u00eb .", "features": {"span": [11, 12, 13, 14, 15, 16, 17, 18, 19, 20, 21, 22, 23, 24, 25, 26, 27, 28, 29, 30, 31, 32], "arguments": [{"string": "De VN-veiligheidsraad", "features": {"span": [11, 12], "argument_entity_type": "ORG", "argument_role": "Voter"}}, {"string": "zaterdag", "features": {"span": [14], "argument_entity_type": "time", "argument_role": "Time"}}, {"string": "een onmiddellijk humanitair staakt-het-vuren van dertig dagen in Syri\u00eb", "features": {"span": [23, 24, 25, 26, 27, 28, 29, 30, 31], "argument_entity_type": "topic", "argument_role": "Topic"}}], "type": "Politics", "subtype": "Vote", "modality": "Asserted", "pos_neg": "Positive", "prominence": "Main", "tense": "Past"}, "home_sentence": "sentence_2"}, "event_5": {"annotation_type": "event", "string": "een onmiddellijk humanitair staakt-het-vuren van dertig dagen in Syri\u00eb", "features": {"span": [23, 24, 25, 26, 27, 28, 29, 30, 31], "arguments": [{"string": "dertig dagen", "features": {"span": [28, 29], "argument_entity_type": "time", "argument_role": "Time"}}, {"string": "Syri\u00eb", "features": {"span": [31], "argument_entity_type": "LOC", "argument_role": "Place"}}], "type": "Conflict", "subtype": "Attack", "modality": "Asserted", "pos_neg": "Negative", "prominence": "Background", "tense": "Unspecified"}, "home_sentence": "sentence_2"}}, "coreference": {"entities": {"coref_bucket_1": ["entity_4", "entity_2"], "coref_bucket_2": ["entity_3", "entity_5"]}, "events": {"coref_bucket_3": ["event_4", "event_2"], "coref_bucket_4": ["event_5", "event_3"]}}, "iptc_codes": {"certain": [[["medtop:20000063", "civil war"], ["medtop:20000062", "war"], ["medtop:20000056", "armed conflict"], ["medtop:16000000", "conflict, war and peace"]], [["medtop:20000076", "peace talks"], ["medtop:20000073", "peace process"], ["medtop:16000000", "conflict, war and peace"]], [["medtop:20000644", "international organisation"], ["medtop:20000638", "international relations"], ["medtop:11000000", "politics"]]], "uncertain": [[["medtop:20000639", "diplomacy"], ["medtop:20000638", "international relations"], ["medtop:11000000", "politics"]], [["medtop:20000643", "foreign aid"], ["medtop:20000638", "international relations"], ["medtop:11000000", "politics"]], [["medtop:20000647", "political crisis"], ["medtop:11000000", "politics"]]]}}}}