{"meta": {"id": "MH-DMF20171213_03240800-Antwerpse_exdealer_klapt_uit_de.tsv", "author": "eventdna_anno_1"}, "doc": {"token_string": "Antwerpse ex-dealer klapt uit de biecht : dit verdiende hij met verkoop van drugs Het duidingsprogramma ' Pano ' op E\u00e9n gaat woensdag op bezoek in Antwerpen bij drugsdealers , radeloze ouders en jongeren die op een of andere manier betrokken zijn bij de drugsmaffia . Reporter Stef Meerbergen zocht in de stad jongeren die het grote geld ruiken in het drugsmilieu , om dan te beseffen dat het aartsmoeilijk is om nog uit het criminele web te ontsnappen . Ge wilt hebben wat andere mensen hebben . Dan denk je : ' Ik wil ook zo'n huis ' .", "token_ids": [0, 1, 2, 3, 4, 5, 6, 7, 8, 9, 10, 11, 12, 13, 14, 15, 16, 17, 18, 19, 20, 21, 22, 23, 24, 25, 26, 27, 28, 29, 30, 31, 32, 33, 34, 35, 36, 37, 38, 39, 40, 41, 42, 43, 44, 45, 46, 47, 48, 49, 50, 51, 52, 53, 54, 55, 56, 57, 58, 59, 60, 61, 62, 63, 64, 65, 66, 67, 68, 69, 70, 71, 72, 73, 74, 75, 76, 77, 78, 79, 80, 81, 82, 83, 84, 85, 86, 87, 88, 89, 90, 91, 92, 93, 94, 95, 96, 97, 98, 99], "sentences": {"sentence_1": {"token_ids": [0, 1, 2, 3, 4, 5, 6, 7, 8, 9, 10, 11, 12, 13]}, "sentence_2": {"token_ids": [14, 15, 16, 17, 18, 19, 20, 21, 22, 23, 24, 25, 26, 27, 28, 29, 30, 31, 32, 33, 34, 35, 36, 37, 38, 39, 40, 41, 42, 43, 44, 45]}, "sentence_3": {"token_ids": [46, 47, 48, 49, 50, 51, 52, 53, 54, 55, 56, 57, 58, 59, 60, 61, 62, 63, 64, 65, 66, 67, 68, 69, 70, 71, 72, 73, 74, 75, 76, 77, 78, 79]}, "sentence_4": {"token_ids": [80, 81, 82, 83, 84, 85, 86, 87]}, "sentence_5": {"token_ids": [88, 89, 90, 91, 92, 93, 94, 95, 96, 97, 98, 99]}}, "annotations": {"entities": {"entity_1": {"type": "entity", "string": "Antwerpse ex-dealer", "features": {"type": "PER", "span": [0, 1], "individuality": "INDIV", "mention_level_type": "NOM", "head": {"type": "entityHead", "string": "Antwerpse ex-dealer", "features": {"span": [0, 1]}}}, "home_sentence": "sentence_1"}, "entity_2": {"type": "entity", "string": "Antwerpse", "features": {"type": "LOC", "span": [0], "individuality": "INDIV", "mention_level_type": "NAM", "head": {"type": "entityHead", "string": "Antwerpse", "features": {"span": [0]}}}, "home_sentence": "sentence_1"}, "entity_3": {"type": "entity", "string": "hij", "features": {"type": "PER", "span": [9], "individuality": "INDIV", "mention_level_type": "PRON", "head": {"type": "entityHead", "string": "hij", "features": {"span": [9]}}}, "home_sentence": "sentence_1"}, "entity_4": {"type": "entity", "string": "Pano", "features": {"type": "ORG", "span": [17], "individuality": "INDIV", "mention_level_type": "NAM", "head": {"type": "entityHead", "string": "Pano", "features": {"span": [17]}}}, "home_sentence": "sentence_2"}, "entity_5": {"type": "entity", "string": "E\u00e9n", "features": {"type": "ORG", "span": [20], "individuality": "INDIV", "mention_level_type": "NAM", "head": {"type": "entityHead", "string": "E\u00e9n", "features": {"span": [20]}}}, "home_sentence": "sentence_2"}, "entity_6": {"type": "entity", "string": "Antwerpen", "features": {"type": "LOC", "span": [26], "individuality": "INDIV", "mention_level_type": "NAM", "head": {"type": "entityHead", "string": "Antwerpen", "features": {"span": [26]}}}, "home_sentence": "sentence_2"}, "entity_7": {"type": "entity", "string": "drugsdealers", "features": {"type": "PER", "span": [28], "individuality": "GROUP", "mention_level_type": "NOM", "head": {"type": "entityHead", "string": "drugsdealers", "features": {"span": [28]}}}, "home_sentence": "sentence_2"}, "entity_8": {"type": "entity", "string": "radeloze ouders en jongeren die op een of andere manier betrokken zijn bij de drugsmaffia", "features": {"type": "PER", "span": [30, 31, 32, 33, 34, 35, 36, 37, 38, 39, 40, 41, 42, 43, 44], "individuality": "GROUP", "mention_level_type": "NOM", "head": {"type": "entityHead", "string": "ouders en jongeren", "features": {"span": [31, 32, 33]}}}, "home_sentence": "sentence_2"}, "entity_9": {"type": "entity", "string": "Stef Meerbergen", "features": {"type": "PER", "span": [47, 48], "individuality": "INDIV", "mention_level_type": "NAM", "head": {"type": "entityHead", "string": "Stef Meerbergen", "features": {"span": [47, 48]}}}, "home_sentence": "sentence_3"}, "entity_10": {"type": "entity", "string": "de stad", "features": {"type": "LOC", "span": [51, 52], "individuality": "INDIV", "mention_level_type": "NOM", "head": {"type": "entityHead", "string": "stad", "features": {"span": [52]}}}, "home_sentence": "sentence_3"}, "entity_11": {"type": "entity", "string": "jongeren die het grote geld ruiken in het drugsmilieu , om dan te beseffen dat het aartsmoeilijk is om nog uit het criminele web te ontsnappen", "features": {"type": "PER", "span": [53, 54, 55, 56, 57, 58, 59, 60, 61, 62, 63, 64, 65, 66, 67, 68, 69, 70, 71, 72, 73, 74, 75, 76, 77, 78], "individuality": "GROUP", "mention_level_type": "NOM", "head": {"type": "entityHead", "string": "jongeren", "features": {"span": [53]}}}, "home_sentence": "sentence_3"}}, "events": {"event_1": {"annotation_type": "event", "string": "Antwerpse ex-dealer klapt uit de biecht", "features": {"span": [0, 1, 2, 3, 4, 5], "arguments": [{"string": "Antwerpse ex-dealer", "features": {"span": [0, 1], "argument_entity_type": "PER", "argument_role": "Entity"}}], "type": "Contact", "subtype": "Meet", "modality": "Asserted", "pos_neg": "Positive", "prominence": "Main", "tense": "Present"}, "home_sentence": "sentence_1"}, "event_2": {"annotation_type": "event", "string": "Het duidingsprogramma ' Pano ' op E\u00e9n gaat woensdag op bezoek in Antwerpen bij drugsdealers", "features": {"span": [14, 15, 16, 17, 18, 19, 20, 21, 22, 23, 24, 25, 26, 27, 28], "arguments": [{"string": "drugsdealers", "features": {"span": [28], "argument_entity_type": "PER", "argument_role": "InvestigationTarget"}}, {"string": "Pano", "features": {"span": [17], "argument_entity_type": "ORG", "argument_role": "Investigator"}}, {"string": "Antwerpen", "features": {"span": [26], "argument_entity_type": "LOC", "argument_role": "Place"}}, {"string": "woensdag", "features": {"span": [22], "argument_entity_type": "time", "argument_role": "Time"}}], "type": "Journalism", "subtype": "Investigation", "modality": "Asserted", "pos_neg": "Positive", "prominence": "Main", "tense": "Future"}, "home_sentence": "sentence_2"}, "event_3": {"annotation_type": "event", "string": "Reporter Stef Meerbergen zocht in de stad jongeren die het grote geld ruiken in het drugsmilieu , om dan te beseffen dat het aartsmoeilijk is om nog uit het criminele web te ontsnappen .", "features": {"span": [46, 47, 48, 49, 50, 51, 52, 53, 54, 55, 56, 57, 58, 59, 60, 61, 62, 63, 64, 65, 66, 67, 68, 69, 70, 71, 72, 73, 74, 75, 76, 77, 78, 79], "arguments": [{"string": "de stad", "features": {"span": [51, 52], "argument_entity_type": "LOC", "argument_role": "Place"}}, {"string": "Stef Meerbergen", "features": {"span": [47, 48], "argument_entity_type": "PER", "argument_role": "Investigator"}}, {"string": "jongeren die het grote geld ruiken in het drugsmilieu , om dan te beseffen dat het aartsmoeilijk is om nog uit het criminele web te ontsnappen .", "features": {"span": [53, 54, 55, 56, 57, 58, 59, 60, 61, 62, 63, 64, 65, 66, 67, 68, 69, 70, 71, 72, 73, 74, 75, 76, 77, 78, 79], "argument_entity_type": "PER", "argument_role": "InvestigationTarget"}}], "type": "Journalism", "subtype": "Investigation", "modality": "Asserted", "pos_neg": "Positive", "prominence": "Main", "tense": "Past"}, "home_sentence": "sentence_3"}}, "coreference": {"entities": {"coref_bucket_1": ["entity_3", "entity_1"], "coref_bucket_2": ["entity_6", "entity_2", "entity_10"], "coref_bucket_3": ["entity_8", "entity_7"]}, "events": {"coref_bucket_4": ["event_2", "event_3"]}}, "iptc_codes": {"certain": [[["medtop:20000051", "television"], ["medtop:20000045", "mass media"], ["medtop:01000000", "arts, culture, entertainment and media"]], [["medtop:20000095", "drug related crimes"], ["medtop:20000082", "crime"], ["medtop:02000000", "crime, law and justice"]]], "uncertain": []}}}}