<?xml version="1.0" encoding="UTF-8"?>
<alpino_ds version="1.6">
  <parser cats="1" skips="0" />
  <node begin="0" cat="top" end="17" id="0" rel="top">
    <node begin="3" end="4" frame="punct(dubb_punt)" his="normal" his_1="normal" id="1" lcat="punct" lemma=":" pos="punct" postag="LET()" pt="let" rel="--" root=":" sense=":" special="dubb_punt" word=":"/>
    <node begin="12" end="13" frame="punct(komma)" his="normal" his_1="normal" id="2" lcat="punct" lemma="," pos="punct" postag="LET()" pt="let" rel="--" root="," sense="," special="komma" word=","/>
    <node begin="0" cat="du" end="17" id="3" rel="--">
      <node begin="0" cat="conj" end="3" id="4" rel="tag">
        <node begin="0" end="1" frame="noun(de,count,sg)" gen="de" genus="zijd" getal="ev" graad="basis" his="normal" his_1="decap" his_1_1="normal" id="5" lcat="np" lemma="fraude" naamval="stan" ntype="soort" num="sg" pos="noun" postag="N(soort,ev,basis,zijd,stan)" pt="n" rel="cnj" rnum="sg" root="fraude" sense="fraude" word="Fraude"/>
        <node begin="1" conjtype="neven" end="2" frame="conj(en)" his="normal" his_1="normal" id="6" lcat="vg" lemma="en" pos="vg" postag="VG(neven)" pt="vg" rel="crd" root="en" sense="en" word="en"/>
        <node begin="2" end="3" frame="noun(het,mass,sg)" gen="het" genus="onz" getal="ev" graad="basis" his="normal" his_1="normal" id="7" lcat="np" lemma="gesjoemel" naamval="stan" ntype="soort" num="sg" pos="noun" postag="N(soort,ev,basis,onz,stan)" pt="n" rel="cnj" rnum="sg" root="gesjoemel" sense="gesjoemel" word="gesjoemel"/>
      </node>
      <node begin="4" cat="du" end="17" id="8" rel="nucl">
        <node begin="4" cat="smain" end="12" id="9" rel="dp">
          <node begin="4" cat="np" end="8" id="10" rel="su">
            <node begin="4" end="5" frame="noun(de,count,sg)" gen="de" genus="zijd" getal="ev" graad="basis" his="normal" his_1="normal" id="11" lcat="np" lemma="peet_vader" naamval="stan" ntype="soort" num="sg" pos="noun" postag="N(soort,ev,basis,zijd,stan)" pt="n" rel="hd" rnum="sg" root="peet_vader" sense="peet_vader" word="peetvader"/>
            <node begin="5" cat="pp" end="8" id="12" rel="mod">
              <node begin="5" end="6" frame="preposition(van,[af,uit,vandaan,[af,aan]])" his="normal" his_1="normal" id="13" lcat="pp" lemma="van" pos="prep" postag="VZ(init)" pt="vz" rel="hd" root="van" sense="van" vztype="init" word="van"/>
              <node begin="6" cat="np" end="8" id="14" rel="obj1">
                <node aform="base" begin="6" buiging="zonder" end="7" frame="adjective(no_e(nonadv))" graad="basis" his="normal" his_1="normal" id="15" infl="no_e" lcat="ap" lemma="Kroatisch" pos="adj" positie="prenom" postag="ADJ(prenom,basis,zonder)" pt="adj" rel="mod" root="Kroatisch" sense="Kroatisch" vform="adj" word="Kroatisch"/>
                <node begin="7" end="8" frame="noun(het,mass,sg)" gen="het" genus="onz" getal="ev" graad="basis" his="normal" his_1="normal" id="16" lcat="np" lemma="voetbal" naamval="stan" ntype="soort" num="sg" pos="noun" postag="N(soort,ev,basis,onz,stan)" pt="n" rel="hd" rnum="sg" root="voetbal" sense="voetbal" word="voetbal"/>
              </node>
            </node>
          </node>
          <node begin="8" end="9" frame="verb(hebben,sg3,intransitive)" his="normal" his_1="normal" id="17" infl="sg3" lcat="smain" lemma="vliegen" pos="verb" postag="WW(pv,tgw,met-t)" pt="ww" pvagr="met-t" pvtijd="tgw" rel="hd" root="vlieg" sc="intransitive" sense="vlieg" stype="declarative" tense="present" word="vliegt" wvorm="pv"/>
          <node begin="9" cat="pp" end="12" id="18" rel="mod">
            <node begin="9" end="10" frame="preposition(achter,[aan,door,langs,om,uit,vandaan])" his="normal" his_1="normal" id="19" lcat="pp" lemma="achter" pos="prep" postag="VZ(init)" pt="vz" rel="hd" root="achter" sense="achter" vztype="init" word="achter"/>
            <node begin="10" cat="np" end="12" id="20" rel="obj1">
              <node begin="10" end="11" frame="determiner(de)" his="normal" his_1="normal" id="21" infl="de" lcat="detp" lemma="de" lwtype="bep" naamval="stan" npagr="rest" pos="det" postag="LID(bep,stan,rest)" pt="lid" rel="det" root="de" sense="de" word="de"/>
              <node begin="11" end="12" frame="noun(de,count,pl)" gen="de" getal="mv" graad="basis" his="normal" his_1="normal" id="22" lcat="np" lemma="tralie" ntype="soort" num="pl" pos="noun" postag="N(soort,mv,basis)" pt="n" rel="hd" rnum="pl" root="tralie" sense="tralie" word="tralies"/>
            </node>
          </node>
        </node>
        <node begin="13" cat="smain" end="17" id="23" rel="dp">
          <node begin="13" cat="np" end="15" id="24" rel="su">
            <node begin="13" end="14" frame="modal_adverb" his="normal" his_1="normal" id="25" lcat="advp" lemma="ook" pos="adv" postag="BW()" pt="bw" rel="mod" root="ook" sc="modal" sense="ook" word="ook"/>
            <node begin="14" end="15" frame="noun(de,count,sg)" gen="de" genus="zijd" getal="ev" graad="basis" his="compound" his_1="hyphen" id="26" lcat="np" lemma="Real_speler" naamval="stan" ntype="soort" num="sg" pos="noun" postag="N(soort,ev,basis,zijd,stan)" pt="n" rel="hd" rnum="sg" root="Real_speler" sense="Real_speler" word="Real-speler"/>
          </node>
          <node begin="15" end="16" frame="verb(hebben,sg3,transitive)" his="normal" his_1="normal" id="27" infl="sg3" lcat="smain" lemma="riskeren" pos="verb" postag="WW(pv,tgw,met-t)" pt="ww" pvagr="met-t" pvtijd="tgw" rel="hd" root="riskeer" sc="transitive" sense="riskeer" stype="declarative" tense="present" word="riskeert" wvorm="pv"/>
          <node begin="16" end="17" frame="noun(de,count,sg)" gen="de" genus="zijd" getal="ev" graad="basis" his="normal" his_1="normal" id="28" lcat="np" lemma="straf" naamval="stan" ntype="soort" num="sg" pos="noun" postag="N(soort,ev,basis,zijd,stan)" pt="n" rel="obj1" rnum="sg" root="straf" sense="straf" word="straf"/>
        </node>
      </node>
    </node>
  </node>
  <sentence sentid="1">Fraude en gesjoemel : peetvader van Kroatisch voetbal vliegt achter de tralies , ook Real-speler riskeert straf</sentence>
  <comments>
    <comment>Q#1|Fraude en gesjoemel : peetvader van Kroatisch voetbal vliegt achter de tralies , ook Real-speler riskeert straf|1|1|3.7987049736500027</comment>
  </comments>
</alpino_ds>
