<?xml version="1.0" encoding="UTF-8"?>
<alpino_ds version="1.6">
  <parser cats="1" skips="0" />
  <node begin="0" cat="top" end="24" id="0" rel="top">
    <node begin="7" end="8" frame="punct(komma)" his="normal" his_1="normal" id="1" lcat="punct" lemma="," pos="punct" postag="LET()" pt="let" rel="--" root="," sense="," special="komma" word=","/>
    <node begin="10" end="11" frame="punct(komma)" his="normal" his_1="normal" id="2" lcat="punct" lemma="," pos="punct" postag="LET()" pt="let" rel="--" root="," sense="," special="komma" word=","/>
    <node begin="0" cat="smain" end="23" id="3" rel="--">
      <node begin="0" cat="np" end="10" id="4" index="1" rel="su">
        <node begin="0" end="1" frame="determiner(de)" his="normal" his_1="decap" his_1_1="normal" id="5" infl="de" lcat="detp" lemma="de" lwtype="bep" naamval="stan" npagr="rest" pos="det" postag="LID(bep,stan,rest)" pt="lid" rel="det" root="de" sense="de" word="De"/>
        <node aform="super" begin="1" buiging="met-e" end="2" frame="adjective(ste)" graad="sup" his="normal" his_1="normal" id="6" infl="e" lcat="ap" lemma="machtig" naamval="stan" pos="adj" positie="prenom" postag="ADJ(prenom,sup,met-e,stan)" pt="adj" rel="mod" root="machtig" sense="machtig" vform="adj" word="machtigste"/>
        <node begin="2" end="3" frame="noun(de,count,bare_meas)" gen="de" genus="zijd" getal="ev" graad="basis" his="normal" his_1="normal" id="7" lcat="np" lemma="man" naamval="stan" ntype="soort" num="bare_meas" pos="noun" postag="N(soort,ev,basis,zijd,stan)" pt="n" rel="hd" rnum="sg" root="man" sense="man" word="man"/>
        <node begin="3" cat="pp" end="7" id="8" rel="mod">
          <node begin="3" end="4" frame="preposition(in,[])" his="normal" his_1="normal" id="9" lcat="pp" lemma="in" pos="prep" postag="VZ(init)" pt="vz" rel="hd" root="in" sense="in" vztype="init" word="in"/>
          <node begin="4" cat="np" end="7" id="10" rel="obj1">
            <node begin="4" end="5" frame="determiner(het,nwh,nmod,pro,nparg,wkpro)" his="normal" his_1="normal" id="11" infl="het" lcat="detp" lemma="het" lwtype="bep" naamval="stan" npagr="evon" pos="det" postag="LID(bep,stan,evon)" pt="lid" rel="det" root="het" sense="het" wh="nwh" word="het"/>
            <node aform="base" begin="5" buiging="met-e" end="6" frame="adjective(e)" graad="basis" his="normal" his_1="normal" id="12" infl="e" lcat="ap" lemma="Kroatisch" naamval="stan" pos="adj" positie="prenom" postag="ADJ(prenom,basis,met-e,stan)" pt="adj" rel="mod" root="Kroatisch" sense="Kroatisch" vform="adj" word="Kroatische"/>
            <node begin="6" end="7" frame="noun(het,mass,sg)" gen="het" genus="onz" getal="ev" graad="basis" his="normal" his_1="normal" id="13" lcat="np" lemma="voetbal" naamval="stan" ntype="soort" num="sg" pos="noun" postag="N(soort,ev,basis,onz,stan)" pt="n" rel="hd" rnum="sg" root="voetbal" sense="voetbal" word="voetbal"/>
          </node>
        </node>
        <node begin="8" cat="mwu" end="10" his="name" his_1="not_begin" id="14" mwu_root="Zdravko Mamic" mwu_sense="Zdravko Mamic" rel="app">
          <node begin="8" end="9" frame="proper_name(sg,'PER')" id="15" lcat="np" lemma="Zdravko" neclass="PER" num="sg" pos="name" postag="SPEC(deeleigen)" pt="spec" rel="mwp" rnum="sg" root="Zdravko" sense="Zdravko" spectype="deeleigen" word="Zdravko"/>
          <node begin="9" end="10" frame="proper_name(sg,'PER')" id="16" lcat="np" lemma="Mamic" neclass="PER" num="sg" pos="name" postag="SPEC(deeleigen)" pt="spec" rel="mwp" rnum="sg" root="Mamic" sense="Mamic" spectype="deeleigen" word="Mamic"/>
        </node>
      </node>
      <node begin="11" end="12" frame="verb(unacc,sg_heeft,passive)" his="normal" his_1="normal" id="17" infl="sg_heeft" lcat="smain" lemma="zijn" pos="verb" postag="WW(pv,tgw,ev)" pt="ww" pvagr="ev" pvtijd="tgw" rel="hd" root="ben" sc="passive" sense="ben" stype="declarative" tense="present" word="is" wvorm="pv"/>
      <node begin="0" cat="ppart" end="23" id="18" rel="vc">
        <node begin="0" end="10" id="19" index="1" rel="obj1"/>
        <node begin="12" end="13" frame="tmp_noun(de,count,sg)" gen="de" genus="zijd" getal="ev" graad="basis" his="normal" his_1="normal" id="20" lcat="np" lemma="woensdag" naamval="stan" ntype="eigen" num="sg" pos="noun" postag="N(eigen,ev,basis,zijd,stan)" pt="n" rel="mod" rnum="sg" root="woensdag" sense="woensdag" special="tmp" word="woensdag"/>
        <node begin="13" cat="pp" end="18" id="21" rel="mod">
          <node begin="13" end="14" frame="preposition(door,[heen])" his="normal" his_1="normal" id="22" lcat="pp" lemma="door" pos="prep" postag="VZ(init)" pt="vz" rel="hd" root="door" sense="door" vztype="init" word="door"/>
          <node begin="14" cat="np" end="18" id="23" rel="obj1">
            <node begin="14" end="15" frame="determiner(een)" his="normal" his_1="normal" id="24" infl="een" lcat="detp" lemma="een" lwtype="onbep" naamval="stan" npagr="agr" pos="det" postag="LID(onbep,stan,agr)" pt="lid" rel="det" root="een" sense="een" word="een"/>
            <node begin="15" end="16" frame="noun(de,count,sg)" gen="de" genus="zijd" getal="ev" graad="basis" his="normal" his_1="normal" id="25" lcat="np" lemma="rechter" naamval="stan" ntype="soort" num="sg" pos="noun" postag="N(soort,ev,basis,zijd,stan)" pt="n" rel="hd" rnum="sg" root="rechter" sense="rechter" word="rechter"/>
            <node begin="16" cat="pp" end="18" id="26" rel="mod">
              <node begin="16" end="17" frame="preposition(in,[])" his="normal" his_1="normal" id="27" lcat="pp" lemma="in" pos="prep" postag="VZ(init)" pt="vz" rel="hd" root="in" sense="in" vztype="init" word="in"/>
              <node begin="17" end="18" frame="proper_name(both,'LOC')" genus="onz" getal="ev" graad="basis" his="name" his_1="not_begin" id="28" lcat="np" lemma="Osijek" naamval="stan" neclass="LOC" ntype="eigen" num="both" pos="name" postag="N(eigen,ev,basis,onz,stan)" pt="n" rel="obj1" rnum="sg" root="Osijek" sense="Osijek" word="Osijek"/>
            </node>
          </node>
        </node>
        <node begin="18" buiging="zonder" end="19" frame="verb(hebben,psp,np_pc_pp(tot))" his="normal" his_1="normal" id="29" infl="psp" lcat="ppart" lemma="veroordelen" pos="verb" positie="vrij" postag="WW(vd,vrij,zonder)" pt="ww" rel="hd" root="veroordeel" sc="np_pc_pp(tot)" sense="veroordeel-tot" word="veroordeeld" wvorm="vd"/>
        <node begin="19" cat="pp" end="23" id="30" rel="pc">
          <node begin="19" end="20" frame="preposition(tot,[toe,[aan,toe]])" his="normal" his_1="normal" id="31" lcat="pp" lemma="tot" pos="prep" postag="VZ(init)" pt="vz" rel="hd" root="tot" sense="tot" vztype="init" word="tot"/>
          <node begin="20" cat="np" end="23" id="32" rel="obj1">
            <node begin="20" end="21" frame="number(hoofd(both))" his="normal" his_1="normal" id="33" infl="both" lcat="detp" lemma="6,5" naamval="stan" numtype="hoofd" pos="num" positie="prenom" postag="TW(hoofd,prenom,stan)" pt="tw" rel="det" root="6,5" sense="6,5" special="hoofd" word="6,5"/>
            <node begin="21" end="22" frame="tmp_noun(het,count,bare_meas,measure)" gen="het" genus="onz" getal="ev" graad="basis" his="normal" his_1="normal" id="34" lcat="np" lemma="jaar" naamval="stan" ntype="soort" num="bare_meas" pos="noun" postag="N(soort,ev,basis,onz,stan)" pt="n" rel="hd" rnum="sg" root="jaar" sc="measure" sense="jaar" special="tmp" word="jaar"/>
            <node begin="22" end="23" frame="noun(de,count,sg)" gen="de" genus="zijd" getal="ev" graad="basis" his="normal" his_1="normal" id="35" lcat="np" lemma="cel" naamval="stan" ntype="soort" num="sg" pos="noun" postag="N(soort,ev,basis,zijd,stan)" pt="n" rel="mod" rnum="sg" root="cel" sense="cel" word="cel"/>
          </node>
        </node>
      </node>
    </node>
    <node begin="23" end="24" frame="punct(punt)" his="normal" his_1="normal" id="36" lcat="punct" lemma="." pos="punct" postag="LET()" pt="let" rel="--" root="." sense="." special="punt" word="."/>
  </node>
  <sentence sentid="2">De machtigste man in het Kroatische voetbal , Zdravko Mamic , is woensdag door een rechter in Osijek veroordeeld tot 6,5 jaar cel .</sentence>
  <comments>
    <comment>Q#2|De machtigste man in het Kroatische voetbal , Zdravko Mamic , is woensdag door een rechter in Osijek veroordeeld tot 6,5 jaar cel .|1|1|-14.411233272039999</comment>
  </comments>
</alpino_ds>
