<?xml version="1.0" encoding="UTF-8"?>
<alpino_ds version="1.6">
  <parser cats="1" skips="0" />
  <node begin="0" cat="top" end="20" id="0" rel="top">
    <node begin="4" end="5" frame="punct(komma)" his="normal" his_1="normal" id="1" lcat="punct" lemma="," pos="punct" postag="LET()" pt="let" rel="--" root="," sense="," special="komma" word=","/>
    <node begin="10" end="11" frame="punct(komma)" his="normal" his_1="normal" id="2" lcat="punct" lemma="," pos="punct" postag="LET()" pt="let" rel="--" root="," sense="," special="komma" word=","/>
    <node begin="0" cat="smain" end="19" id="3" rel="--">
      <node begin="11" end="12" frame="verb(hebben,sg_heeft,aux_psp_hebben)" his="normal" his_1="normal" id="4" infl="sg_heeft" lcat="smain" lemma="hebben" pos="verb" postag="WW(pv,tgw,met-t)" pt="ww" pvagr="met-t" pvtijd="tgw" rel="hd" root="heb" sc="aux_psp_hebben" sense="heb" stype="declarative" tense="present" word="heeft" wvorm="pv"/>
      <node begin="12" case="nom" def="def" end="13" frame="pronoun(nwh,thi,sg,de,nom,def)" gen="de" genus="masc" getal="ev" his="normal" his_1="normal" id="5" index="1" lcat="np" lemma="hij" naamval="nomin" num="sg" pdtype="pron" per="thi" persoon="3" pos="pron" postag="VNW(pers,pron,nomin,vol,3,ev,masc)" pt="vnw" rel="su" rnum="sg" root="hij" sense="hij" status="vol" vwtype="pers" wh="nwh" word="hij"/>
      <node begin="0" cat="ppart" end="19" id="6" rel="vc">
        <node begin="0" cat="pp" end="10" id="7" rel="mod">
          <node begin="0" end="1" frame="preposition(bij,[vandaan])" his="normal" his_1="decap" his_1_1="normal" id="8" lcat="pp" lemma="bij" pos="prep" postag="VZ(init)" pt="vz" rel="hd" root="bij" sense="bij" vztype="init" word="Bij"/>
          <node begin="1" cat="np" end="10" id="9" rel="obj1">
            <node begin="1" end="2" frame="noun(het,mass,sg)" gen="het" genus="onz" getal="ev" graad="basis" his="normal" his_1="normal" id="10" lcat="np" lemma="gesjoemel" naamval="stan" ntype="soort" num="sg" pos="noun" postag="N(soort,ev,basis,onz,stan)" pt="n" rel="hd" rnum="sg" root="gesjoemel" sense="gesjoemel" word="gesjoemel"/>
            <node begin="2" cat="pp" end="10" id="11" rel="mod">
              <node begin="2" end="3" frame="preposition(met,[mee,[en,al]])" his="normal" his_1="normal" id="12" lcat="pp" lemma="met" pos="prep" postag="VZ(init)" pt="vz" rel="hd" root="met" sense="met" vztype="init" word="met"/>
              <node begin="3" cat="np" end="10" id="13" rel="obj1">
                <node begin="3" end="4" frame="noun(both,count,pl)" gen="both" getal="mv" graad="basis" his="normal" his_1="normal" id="14" lcat="np" lemma="transfer" ntype="soort" num="pl" pos="noun" postag="N(soort,mv,basis)" pt="n" rel="hd" rnum="pl" root="transfer" sense="transfer" word="transfers"/>
                <node begin="5" cat="pp" end="10" id="15" rel="mod">
                  <node begin="5" cat="mwu" end="7" his="normal" his_1="normal" id="16" mwu_root="onder meer" mwu_sense="onder meer" rel="mod">
                    <node begin="5" end="6" frame="modal_adverb" id="17" lcat="advp" lemma="onder" pos="adv" postag="VZ(init)" pt="vz" rel="mwp" root="onder" sc="modal" sense="onder" vztype="init" word="onder"/>
                    <node begin="6" buiging="zonder" end="7" frame="modal_adverb" graad="comp" id="18" lcat="advp" lemma="meer" naamval="stan" pdtype="grad" pos="adv" positie="vrij" postag="VNW(onbep,grad,stan,vrij,zonder,comp)" pt="vnw" rel="mwp" root="meer" sc="modal" sense="meer" vwtype="onbep" word="meer"/>
                  </node>
                  <node begin="7" end="8" frame="preposition(van,[af,uit,vandaan,[af,aan]])" his="normal" his_1="normal" id="19" lcat="pp" lemma="van" pos="prep" postag="VZ(init)" pt="vz" rel="hd" root="van" sense="van" vztype="init" word="van"/>
                  <node begin="8" cat="mwu" end="10" his="name" his_1="not_begin" id="20" mwu_root="Luka Modric" mwu_sense="Luka Modric" rel="obj1">
                    <node begin="8" end="9" frame="proper_name(sg,'PER')" id="21" lcat="np" lemma="Luka" neclass="PER" num="sg" pos="name" postag="SPEC(deeleigen)" pt="spec" rel="mwp" rnum="sg" root="Luka" sense="Luka" spectype="deeleigen" word="Luka"/>
                    <node begin="9" end="10" frame="proper_name(sg,'PER')" id="22" lcat="np" lemma="Modric" neclass="PER" num="sg" pos="name" postag="SPEC(deeleigen)" pt="spec" rel="mwp" rnum="sg" root="Modric" sense="Modric" spectype="deeleigen" word="Modric"/>
                  </node>
                </node>
              </node>
            </node>
          </node>
        </node>
        <node begin="12" end="13" id="23" index="1" rel="su"/>
        <node begin="13" cat="pp" end="18" id="24" rel="mod">
          <node begin="13" end="14" frame="preposition(voor,[aan,door,uit,[in,de,plaats]])" his="normal" his_1="normal" id="25" lcat="pp" lemma="voor" pos="prep" postag="VZ(init)" pt="vz" rel="hd" root="voor" sense="voor" vztype="init" word="voor"/>
          <node begin="14" cat="np" end="18" id="26" rel="obj1">
            <node begin="14" end="15" frame="modal_adverb(adv_noun_prep)" his="normal" his_1="normal" id="27" lcat="advp" lemma="bijna" pos="adv" postag="BW()" pt="bw" rel="mod" root="bijna" sc="adv_noun_prep" sense="bijna" word="bijna"/>
            <node begin="15" end="16" frame="number(hoofd(pl_num))" his="normal" his_1="normal" id="28" infl="pl_num" lcat="detp" lemma="20" naamval="stan" numtype="hoofd" pos="num" positie="prenom" postag="TW(hoofd,prenom,stan)" pt="tw" rel="det" root="20" sense="20" special="hoofd" word="20"/>
            <node begin="16" end="17" frame="meas_mod_noun(both,count,meas,measure)" gen="both" genus="onz" getal="ev" graad="basis" his="normal" his_1="normal" id="29" lcat="np" lemma="miljoen" naamval="stan" ntype="soort" num="meas" pos="noun" postag="N(soort,ev,basis,onz,stan)" pt="n" rel="hd" rnum="pl" root="miljoen" sc="measure" sense="miljoen" special="meas_mod" word="miljoen"/>
            <node begin="17" end="18" frame="meas_mod_noun(de,count,meas)" gen="de" genus="zijd" getal="ev" graad="basis" his="normal" his_1="normal" id="30" lcat="np" lemma="dollar" naamval="stan" ntype="soort" num="meas" pos="noun" postag="N(soort,ev,basis,zijd,stan)" pt="n" rel="mod" rnum="sg" root="dollar" sense="dollar" special="meas_mod" word="dollar"/>
          </node>
        </node>
        <node begin="18" buiging="zonder" end="19" frame="verb(hebben,psp,intransitive)" his="normal" his_1="normal" id="31" infl="psp" lcat="ppart" lemma="frauderen" pos="verb" positie="vrij" postag="WW(vd,vrij,zonder)" pt="ww" rel="hd" root="fraudeer" sc="intransitive" sense="fraudeer" word="gefraudeerd" wvorm="vd"/>
      </node>
    </node>
    <node begin="19" end="20" frame="punct(punt)" his="normal" his_1="normal" id="32" lcat="punct" lemma="." pos="punct" postag="LET()" pt="let" rel="--" root="." sense="." special="punt" word="."/>
  </node>
  <sentence sentid="3">Bij gesjoemel met transfers , onder meer van Luka Modric , heeft hij voor bijna 20 miljoen dollar gefraudeerd .</sentence>
  <comments>
    <comment>Q#3|Bij gesjoemel met transfers , onder meer van Luka Modric , heeft hij voor bijna 20 miljoen dollar gefraudeerd .|1|1|-7.210693361750007</comment>
  </comments>
</alpino_ds>
