{"meta": {"id": "MH-DMF20180317_03414736-In_Belgi_ondergedoken_internationaal_gezochte.tsv", "author": "eventdna_anno_3"}, "doc": {"token_string": "In Belgi\u00eb ondergedoken internationaal gezochte hacker opgepakt aan Poolse grens In samenwerking met de Belgische politie en Europol hebben Poolse speurders een Poolse cybercrimineel kunnen vatten die een tijdlang in ons land onderdook . De man wordt ervan verdacht duizenden computers en verschillende Poolse bedrijven gehackt te hebben , onder andere om geld wit te wassen .", "token_ids": [0, 1, 2, 3, 4, 5, 6, 7, 8, 9, 10, 11, 12, 13, 14, 15, 16, 17, 18, 19, 20, 21, 22, 23, 24, 25, 26, 27, 28, 29, 30, 31, 32, 33, 34, 35, 36, 37, 38, 39, 40, 41, 42, 43, 44, 45, 46, 47, 48, 49, 50, 51, 52, 53, 54, 55, 56], "sentences": {"sentence_1": {"token_ids": [0, 1, 2, 3, 4, 5, 6, 7, 8, 9]}, "sentence_2": {"token_ids": [10, 11, 12, 13, 14, 15, 16, 17, 18, 19, 20, 21, 22, 23, 24, 25, 26, 27, 28, 29, 30, 31, 32, 33]}, "sentence_3": {"token_ids": [34, 35, 36, 37, 38, 39, 40, 41, 42, 43, 44, 45, 46, 47, 48, 49, 50, 51, 52, 53, 54, 55, 56]}}, "annotations": {"entities": {"entity_1": {"type": "entity", "string": "In Belgi\u00eb ondergedoken internationaal gezochte hacker", "features": {"type": "PER", "span": [0, 1, 2, 3, 4, 5], "individuality": "INDIV", "mention_level_type": "NOM", "head": {"type": "entityHead", "string": "hacker", "features": {"span": [5]}}}, "home_sentence": "sentence_1"}, "entity_2": {"type": "entity", "string": "Belgi\u00eb", "features": {"type": "LOC", "span": [1], "individuality": "INDIV", "mention_level_type": "NAM", "head": {"type": "entityHead", "string": "Belgi\u00eb", "features": {"span": [1]}}}, "home_sentence": "sentence_1"}, "entity_3": {"type": "entity", "string": "Poolse grens", "features": {"type": "LOC", "span": [8, 9], "individuality": "INDIV", "mention_level_type": "NOM", "head": {"type": "entityHead", "string": "grens", "features": {"span": [9]}}}, "home_sentence": "sentence_1"}, "entity_4": {"type": "entity", "string": "Poolse", "features": {"type": "LOC", "span": [8], "individuality": "INDIV", "mention_level_type": "NAM", "head": {"type": "entityHead", "string": "Poolse", "features": {"span": [8]}}}, "home_sentence": "sentence_1"}, "entity_5": {"type": "entity", "string": "de Belgische politie", "features": {"type": "ORG", "span": [13, 14, 15], "individuality": "INDIV", "mention_level_type": "NOM", "head": {"type": "entityHead", "string": "politie", "features": {"span": [15]}}}, "home_sentence": "sentence_2"}, "entity_6": {"type": "entity", "string": "Belgische", "features": {"type": "LOC", "span": [14], "individuality": "INDIV", "mention_level_type": "NAM", "head": {"type": "entityHead", "string": "Belgische", "features": {"span": [14]}}}, "home_sentence": "sentence_2"}, "entity_7": {"type": "entity", "string": "Europol", "features": {"type": "ORG", "span": [17], "individuality": "INDIV", "mention_level_type": "NAM", "head": {"type": "entityHead", "string": "Europol", "features": {"span": [17]}}}, "home_sentence": "sentence_2"}, "entity_8": {"type": "entity", "string": "Poolse speurders", "features": {"type": "PER", "span": [19, 20], "individuality": "GROUP", "mention_level_type": "NOM", "head": {"type": "entityHead", "string": "speurders", "features": {"span": [20]}}}, "home_sentence": "sentence_2"}, "entity_9": {"type": "entity", "string": "Poolse", "features": {"type": "LOC", "span": [19], "individuality": "INDIV", "mention_level_type": "NAM", "head": {"type": "entityHead", "string": "Poolse", "features": {"span": [19]}}}, "home_sentence": "sentence_2"}, "entity_10": {"type": "entity", "string": "een Poolse cybercrimineel", "features": {"type": "PER", "span": [21, 22, 23], "individuality": "INDIV", "mention_level_type": "NOM", "head": {"type": "entityHead", "string": "cybercrimineel", "features": {"span": [23]}}}, "home_sentence": "sentence_2"}, "entity_11": {"type": "entity", "string": "Poolse", "features": {"type": "LOC", "span": [22], "individuality": "INDIV", "mention_level_type": "NAM", "head": {"type": "entityHead", "string": "Poolse", "features": {"span": [22]}}}, "home_sentence": "sentence_2"}, "entity_12": {"type": "entity", "string": "ons land", "features": {"type": "LOC", "span": [30, 31], "individuality": "INDIV", "mention_level_type": "NOM", "head": {"type": "entityHead", "string": "land", "features": {"span": [31]}}}, "home_sentence": "sentence_2"}, "entity_13": {"type": "entity", "string": "De man", "features": {"type": "PER", "span": [34, 35], "individuality": "INDIV", "mention_level_type": "NOM", "head": {"type": "entityHead", "string": "man", "features": {"span": [35]}}}, "home_sentence": "sentence_3"}, "entity_14": {"type": "entity", "string": "Poolse", "features": {"type": "LOC", "span": [43], "individuality": "INDIV", "mention_level_type": "NAM", "head": {"type": "entityHead", "string": "Poolse", "features": {"span": [43]}}}, "home_sentence": "sentence_3"}}, "events": {"event_1": {"annotation_type": "event", "string": "In Belgi\u00eb ondergedoken internationaal gezochte hacker opgepakt aan Poolse grens", "features": {"span": [0, 1, 2, 3, 4, 5, 6, 7, 8, 9], "arguments": [{"string": "Poolse grens", "features": {"span": [8, 9], "argument_entity_type": "LOC", "argument_role": "Place"}}, {"string": "In Belgi\u00eb ondergedoken internationaal gezochte hacker", "features": {"span": [0, 1, 2, 3, 4, 5], "argument_entity_type": "PER", "argument_role": "Person"}}], "type": "Justice", "subtype": "ArrestJail", "modality": "Asserted", "pos_neg": "Positive", "prominence": "Main", "tense": "Past"}, "home_sentence": "sentence_1"}, "event_2": {"annotation_type": "event", "string": "hebben Poolse speurders een Poolse cybercrimineel kunnen vatten die een tijdlang in ons land onderdook", "features": {"span": [18, 19, 20, 21, 22, 23, 24, 25, 26, 27, 28, 29, 30, 31, 32], "arguments": [{"string": "een Poolse cybercrimineel", "features": {"span": [21, 22, 23], "argument_entity_type": "PER", "argument_role": "Person"}}, {"string": "Poolse speurders", "features": {"span": [19, 20], "argument_entity_type": "PER", "argument_role": "Agent"}}], "type": "Justice", "subtype": "ArrestJail", "modality": "Asserted", "pos_neg": "Positive", "prominence": "Main", "tense": "Past"}, "home_sentence": "sentence_2"}, "event_3": {"annotation_type": "event", "string": "De man wordt ervan verdacht duizenden computers en verschillende Poolse bedrijven gehackt te hebben", "features": {"span": [34, 35, 36, 37, 38, 39, 40, 41, 42, 43, 44, 45, 46, 47], "arguments": [{"string": "De man", "features": {"span": [34, 35], "argument_entity_type": "PER", "argument_role": "InvestigationTarget"}}], "type": "Justice", "subtype": "Investigation", "modality": "Other", "pos_neg": "Positive", "prominence": "Background", "tense": "Past"}, "home_sentence": "sentence_3"}, "event_4": {"annotation_type": "event", "string": "De man wordt ervan verdacht duizenden computers en verschillende Poolse bedrijven gehackt te hebben", "features": {"span": [34, 35, 36, 37, 38, 39, 40, 41, 42, 43, 44, 45, 46, 47], "arguments": [{"string": "De man", "features": {"span": [34, 35], "argument_entity_type": "PER", "argument_role": "Entity"}}], "type": "Conflict", "subtype": "Conflict", "modality": "Other", "pos_neg": "Positive", "prominence": "Background", "tense": "Past"}, "home_sentence": "sentence_3"}}, "coreference": {"entities": {"coref_bucket_1": ["entity_6", "entity_2"], "coref_bucket_2": ["entity_9", "entity_11", "entity_4"], "coref_bucket_3": ["entity_10", "entity_13", "entity_1"], "coref_bucket_4": ["entity_9", "entity_14", "entity_11", "entity_4"], "coref_bucket_5": ["entity_5", "entity_12"], "coref_bucket_6": ["entity_9", "entity_14", "entity_11"]}, "events": {"coref_bucket_7": ["event_2", "event_1"]}}, "iptc_codes": {"certain": [[["medtop:20000086", "cyber crime"], ["medtop:20000082", "crime"], ["medtop:02000000", "crime, law and justice"]], [["medtop:20000130", "arrest"], ["medtop:20000129", "law enforcement"], ["medtop:02000000", "crime, law and justice"]], [["medtop:20000644", "international organisation"], ["medtop:20000638", "international relations"], ["medtop:11000000", "politics"]]], "uncertain": []}}}}