<?xml version="1.0" encoding="UTF-8"?>
<alpino_ds version="1.6">
  <parser cats="1" skips="0" />
  <node begin="0" cat="top" end="5" id="0" rel="top">
    <node begin="0" cat="smain" end="5" id="1" rel="--">
      <node begin="0" cat="np" end="3" id="2" rel="su">
        <node begin="0" end="1" frame="noun(de,count,sg)" gen="de" genus="zijd" getal="ev" graad="basis" his="normal" his_1="decap" his_1_1="normal" id="3" lcat="np" lemma="vracht_wagen" naamval="stan" ntype="soort" num="sg" pos="noun" postag="N(soort,ev,basis,zijd,stan)" pt="n" rel="hd" rnum="sg" root="vracht_wagen" sense="vracht_wagen" word="Vrachtwagen"/>
        <node begin="1" cat="pp" end="3" id="4" rel="mod">
          <node begin="1" end="2" frame="preposition(met,[mee,[en,al]])" his="normal" his_1="normal" id="5" lcat="pp" lemma="met" pos="prep" postag="VZ(init)" pt="vz" rel="hd" root="met" sense="met" vztype="init" word="met"/>
          <node begin="2" end="3" frame="noun(de,count,sg)" gen="de" genus="zijd" getal="ev" graad="basis" his="normal" his_1="normal" id="6" lcat="np" lemma="kraan" naamval="stan" ntype="soort" num="sg" pos="noun" postag="N(soort,ev,basis,zijd,stan)" pt="n" rel="obj1" rnum="sg" root="kraan" sense="kraan" word="kraan"/>
        </node>
      </node>
      <node begin="3" end="4" frame="verb(hebben,sg3,transitive)" his="normal" his_1="normal" id="7" infl="sg3" lcat="smain" lemma="beschadigen" pos="verb" postag="WW(pv,tgw,met-t)" pt="ww" pvagr="met-t" pvtijd="tgw" rel="hd" root="beschadig" sc="transitive" sense="beschadig" stype="declarative" tense="present" word="beschadigt" wvorm="pv"/>
      <node begin="4" end="5" frame="noun(de,count,sg)" gen="de" genus="zijd" getal="ev" graad="basis" his="normal" his_1="normal" id="8" lcat="np" lemma="brug" naamval="stan" ntype="soort" num="sg" pos="noun" postag="N(soort,ev,basis,zijd,stan)" pt="n" rel="obj1" rnum="sg" root="brug" sense="brug" word="brug"/>
    </node>
  </node>
  <sentence sentid="1">Vrachtwagen met kraan beschadigt brug</sentence>
  <comments>
    <comment>Q#1|Vrachtwagen met kraan beschadigt brug|1|1|-0.029323149719999275</comment>
  </comments>
</alpino_ds>
