<?xml version="1.0" encoding="UTF-8"?>
<alpino_ds version="1.6">
  <parser cats="1" skips="0" />
  <node begin="0" cat="top" end="20" id="0" rel="top">
    <node begin="0" cat="smain" end="19" id="1" rel="--">
      <node begin="5" end="6" frame="verb(hebben,sg_heeft,aux_psp_hebben)" his="normal" his_1="normal" id="2" infl="sg_heeft" lcat="smain" lemma="hebben" pos="verb" postag="WW(pv,tgw,met-t)" pt="ww" pvagr="met-t" pvtijd="tgw" rel="hd" root="heb" sc="aux_psp_hebben" sense="heb" stype="declarative" tense="present" word="heeft" wvorm="pv"/>
      <node begin="7" cat="np" end="13" id="3" index="1" rel="su">
        <node begin="7" end="8" frame="determiner(een)" his="normal" his_1="normal" id="4" infl="een" lcat="detp" lemma="een" lwtype="onbep" naamval="stan" npagr="agr" pos="det" postag="LID(onbep,stan,agr)" pt="lid" rel="det" root="een" sense="een" word="een"/>
        <node begin="8" end="9" frame="noun(de,count,sg)" gen="de" genus="zijd" getal="ev" graad="basis" his="normal" his_1="normal" id="5" lcat="np" lemma="vracht_wagen" naamval="stan" ntype="soort" num="sg" pos="noun" postag="N(soort,ev,basis,zijd,stan)" pt="n" rel="hd" rnum="sg" root="vracht_wagen" sense="vracht_wagen" word="vrachtwagen"/>
        <node begin="9" cat="rel" end="13" id="6" rel="mod">
          <node begin="9" case="no_obl" end="10" frame="rel_pronoun(de,no_obl)" gen="de" getal="getal" his="normal" his_1="normal" id="7" index="2" lcat="np" lemma="die" naamval="stan" pdtype="pron" persoon="persoon" pos="pron" postag="VNW(betr,pron,stan,vol,persoon,getal)" pt="vnw" rel="rhd" rnum="sg" root="die" sense="die" status="vol" vwtype="betr" wh="rel" word="die"/>
          <node begin="9" cat="ssub" end="13" id="8" rel="body">
            <node begin="9" end="10" id="9" index="2" rel="su"/>
            <node begin="10" cat="np" end="12" id="10" rel="obj1">
              <node begin="10" end="11" frame="determiner(een)" his="normal" his_1="normal" id="11" infl="een" lcat="detp" lemma="een" lwtype="onbep" naamval="stan" npagr="agr" pos="det" postag="LID(onbep,stan,agr)" pt="lid" rel="det" root="een" sense="een" word="een"/>
              <node begin="11" end="12" frame="noun(de,count,sg)" gen="de" genus="zijd" getal="ev" graad="basis" his="normal" his_1="normal" id="12" lcat="np" lemma="kraan" naamval="stan" ntype="soort" num="sg" pos="noun" postag="N(soort,ev,basis,zijd,stan)" pt="n" rel="hd" rnum="sg" root="kraan" sense="kraan" word="kraan"/>
            </node>
            <node begin="12" end="13" frame="verb(hebben,past(sg),transitive)" his="normal" his_1="normal" id="13" infl="sg" lcat="ssub" lemma="vervoeren" pos="verb" postag="WW(pv,verl,ev)" pt="ww" pvagr="ev" pvtijd="verl" rel="hd" root="vervoer" sc="transitive" sense="vervoer" tense="past" word="vervoerde" wvorm="pv"/>
          </node>
        </node>
      </node>
      <node begin="0" cat="ppart" end="19" id="14" rel="vc">
        <node begin="0" cat="pp" end="5" id="15" rel="mod">
          <node begin="0" end="1" frame="preposition(op,[af,na])" his="normal" his_1="decap" his_1_1="normal" id="16" lcat="pp" lemma="op" pos="prep" postag="VZ(init)" pt="vz" rel="hd" root="op" sense="op" vztype="init" word="Op"/>
          <node begin="1" cat="np" end="5" id="17" rel="obj1">
            <node begin="1" end="2" frame="determiner(de)" his="normal" his_1="normal" id="18" infl="de" lcat="detp" lemma="de" lwtype="bep" naamval="stan" npagr="rest" pos="det" postag="LID(bep,stan,rest)" pt="lid" rel="det" root="de" sense="de" word="de"/>
            <node begin="2" end="3" frame="proper_name(both,'LOC')" genus="onz" getal="ev" graad="basis" his="name" his_1="not_begin" id="19" lcat="np" lemma="Oudenaardsesteenweg" naamval="stan" neclass="LOC" ntype="eigen" num="both" pos="name" postag="N(eigen,ev,basis,onz,stan)" pt="n" rel="hd" rnum="sg" root="Oudenaardsesteenweg" sense="Oudenaardsesteenweg" word="Oudenaardsesteenweg"/>
            <node begin="3" cat="pp" end="5" id="20" rel="mod">
              <node begin="3" end="4" frame="preposition(in,[])" his="normal" his_1="normal" id="21" lcat="pp" lemma="in" pos="prep" postag="VZ(init)" pt="vz" rel="hd" root="in" sense="in" vztype="init" word="in"/>
              <node begin="4" end="5" frame="proper_name(sg,'LOC')" genus="onz" getal="ev" graad="basis" his="normal" his_1="names_dictionary" id="22" lcat="np" lemma="Erpe-Mere" naamval="stan" neclass="LOC" ntype="eigen" num="sg" pos="name" postag="N(eigen,ev,basis,onz,stan)" pt="n" rel="obj1" rnum="sg" root="Erpe-Mere" sense="Erpe-Mere" word="Erpe-Mere"/>
            </node>
          </node>
        </node>
        <node begin="6" end="7" frame="tmp_adverb" his="normal" his_1="normal" id="23" lcat="advp" lemma="gisteren" pos="adv" postag="BW()" pt="bw" rel="mod" root="gisteren" sense="gisteren" special="tmp" word="gisteren"/>
        <node begin="7" end="13" id="24" index="1" rel="su"/>
        <node begin="13" cat="np" end="18" id="25" rel="obj1">
          <node begin="13" end="14" frame="determiner(de)" his="normal" his_1="normal" id="26" infl="de" lcat="detp" lemma="de" lwtype="bep" naamval="stan" npagr="rest" pos="det" postag="LID(bep,stan,rest)" pt="lid" rel="det" root="de" sense="de" word="de"/>
          <node begin="14" end="15" frame="noun(de,count,sg)" gen="de" genus="zijd" getal="ev" graad="basis" his="normal" his_1="normal" id="27" lcat="np" lemma="brug" naamval="stan" ntype="soort" num="sg" pos="noun" postag="N(soort,ev,basis,zijd,stan)" pt="n" rel="hd" rnum="sg" root="brug" sense="brug" word="brug"/>
          <node begin="15" cat="pp" end="18" id="28" rel="mod">
            <node begin="15" end="16" frame="preposition(van,[af,uit,vandaan,[af,aan]])" his="normal" his_1="normal" id="29" lcat="pp" lemma="van" pos="prep" postag="VZ(init)" pt="vz" rel="hd" root="van" sense="van" vztype="init" word="van"/>
            <node begin="16" cat="np" end="18" id="30" rel="obj1">
              <node begin="16" end="17" frame="determiner(de)" his="normal" his_1="normal" id="31" infl="de" lcat="detp" lemma="de" lwtype="bep" naamval="stan" npagr="rest" pos="det" postag="LID(bep,stan,rest)" pt="lid" rel="det" root="de" sense="de" word="de"/>
              <node begin="17" end="18" frame="amount_meas_mod_noun(both,count,bare_meas)" gen="both" genus="zijd" getal="ev" graad="basis" his="normal" his_1="normal" id="32" lcat="np" lemma="E40" naamval="stan" ntype="soort" num="bare_meas" pos="noun" postag="N(soort,ev,basis,zijd,stan)" pt="n" rel="hd" rnum="sg" root="E40" sense="E40" special="amount_meas_mod" word="E40"/>
            </node>
          </node>
        </node>
        <node begin="18" buiging="zonder" end="19" frame="verb(hebben,psp,transitive)" his="normal" his_1="normal" id="33" infl="psp" lcat="ppart" lemma="beschadigen" pos="verb" positie="vrij" postag="WW(vd,vrij,zonder)" pt="ww" rel="hd" root="beschadig" sc="transitive" sense="beschadig" word="beschadigd" wvorm="vd"/>
      </node>
    </node>
    <node begin="19" end="20" frame="punct(punt)" his="normal" his_1="normal" id="34" lcat="punct" lemma="." pos="punct" postag="LET()" pt="let" rel="--" root="." sense="." special="punt" word="."/>
  </node>
  <sentence sentid="2">Op de Oudenaardsesteenweg in Erpe-Mere heeft gisteren een vrachtwagen die een kraan vervoerde de brug van de E40 beschadigd .</sentence>
  <comments>
    <comment>Q#2|Op de Oudenaardsesteenweg in Erpe-Mere heeft gisteren een vrachtwagen die een kraan vervoerde de brug van de E40 beschadigd .|1|1|-11.230843379519996</comment>
  </comments>
</alpino_ds>
