<?xml version="1.0" encoding="UTF-8"?>
<alpino_ds version="1.6">
  <parser cats="1" skips="0" />
  <node begin="0" cat="top" end="26" id="0" rel="top">
    <node begin="17" end="18" frame="punct(komma)" his="normal" his_1="normal" id="1" lcat="punct" lemma="," pos="punct" postag="LET()" pt="let" rel="--" root="," sense="," special="komma" word=","/>
    <node begin="0" cat="smain" end="25" id="2" rel="--">
      <node begin="0" cat="np" end="5" id="3" rel="su">
        <node begin="0" end="1" frame="determiner(de)" his="normal" his_1="decap" his_1_1="normal" id="4" infl="de" lcat="detp" lemma="de" lwtype="bep" naamval="stan" npagr="rest" pos="det" postag="LID(bep,stan,rest)" pt="lid" rel="det" root="de" sense="de" word="De"/>
        <node begin="1" end="2" frame="noun(de,count,sg)" gen="de" genus="zijd" getal="ev" graad="basis" his="normal" his_1="normal" id="5" lcat="np" lemma="bestuurder" naamval="stan" ntype="soort" num="sg" pos="noun" postag="N(soort,ev,basis,zijd,stan)" pt="n" rel="hd" rnum="sg" root="bestuurder" sense="bestuurder" word="bestuurder"/>
        <node begin="2" cat="pp" end="5" id="6" rel="mod">
          <node begin="2" end="3" frame="preposition(van,[af,uit,vandaan,[af,aan]])" his="normal" his_1="normal" id="7" lcat="pp" lemma="van" pos="prep" postag="VZ(init)" pt="vz" rel="hd" root="van" sense="van" vztype="init" word="van"/>
          <node begin="3" cat="np" end="5" id="8" rel="obj1">
            <node begin="3" end="4" frame="determiner(het,nwh,nmod,pro,nparg,wkpro)" his="normal" his_1="normal" id="9" infl="het" lcat="detp" lemma="het" lwtype="bep" naamval="stan" npagr="evon" pos="det" postag="LID(bep,stan,evon)" pt="lid" rel="det" root="het" sense="het" wh="nwh" word="het"/>
            <node begin="4" end="5" frame="noun(het,count,sg)" gen="het" genus="onz" getal="ev" graad="basis" his="normal" his_1="normal" id="10" lcat="np" lemma="voertuig" naamval="stan" ntype="soort" num="sg" pos="noun" postag="N(soort,ev,basis,onz,stan)" pt="n" rel="hd" rnum="sg" root="voertuig" sense="voertuig" word="voertuig"/>
          </node>
        </node>
      </node>
      <node begin="5" end="6" frame="verb(hebben,past(sg),sbar)" his="normal" his_1="normal" id="11" infl="sg" lcat="smain" lemma="menen" pos="verb" postag="WW(pv,verl,ev)" pt="ww" pvagr="ev" pvtijd="verl" rel="hd" root="meen" sc="sbar" sense="meen" stype="declarative" tense="past" word="meende" wvorm="pv"/>
      <node begin="6" cat="cp" end="25" id="12" rel="vc">
        <node begin="6" conjtype="onder" end="7" frame="complementizer(dat)" his="normal" his_1="normal" id="13" lcat="cp" lemma="dat" pos="comp" postag="VG(onder)" pt="vg" rel="cmp" root="dat" sc="dat" sense="dat" word="dat"/>
        <node begin="7" cat="ssub" end="25" id="14" rel="body">
          <node begin="7" case="nom" def="def" end="8" frame="pronoun(nwh,thi,sg,de,nom,def)" gen="de" genus="masc" getal="ev" his="normal" his_1="normal" id="15" lcat="np" lemma="hij" naamval="nomin" num="sg" pdtype="pron" per="thi" persoon="3" pos="pron" postag="VNW(pers,pron,nomin,vol,3,ev,masc)" pt="vnw" rel="su" rnum="sg" root="hij" sense="hij" status="vol" vwtype="pers" wh="nwh" word="hij"/>
          <node begin="8" cat="pp" end="12" id="16" rel="mod">
            <node begin="8" end="9" frame="preposition(met,[mee,[en,al]])" his="normal" his_1="normal" id="17" lcat="pp" lemma="met" pos="prep" postag="VZ(init)" pt="vz" rel="hd" root="met" sense="met" vztype="init" word="met"/>
            <node begin="9" cat="np" end="12" id="18" rel="obj1">
              <node begin="9" buiging="zonder" end="10" frame="determiner(pron)" getal="ev" his="normal" his_1="normal" id="19" infl="pron" lcat="detp" lemma="zijn" naamval="stan" npagr="agr" pdtype="det" persoon="3" pos="det" positie="prenom" postag="VNW(bez,det,stan,vol,3,ev,prenom,zonder,agr)" pron="true" pt="vnw" rel="det" root="zijn" sense="zijn" status="vol" vwtype="bez" word="zijn"/>
              <node aform="base" begin="10" buiging="zonder" end="11" frame="adjective(no_e(adv))" graad="basis" his="normal" his_1="normal" id="20" infl="no_e" lcat="ap" lemma="speciaal" pos="adj" positie="prenom" postag="ADJ(prenom,basis,zonder)" pt="adj" rel="mod" root="speciaal" sense="speciaal" vform="adj" word="speciaal"/>
              <node begin="11" end="12" frame="noun(het,count,sg)" gen="het" genus="onz" getal="ev" graad="basis" his="normal" his_1="normal" id="21" lcat="np" lemma="transport" naamval="stan" ntype="soort" num="sg" pos="noun" postag="N(soort,ev,basis,onz,stan)" pt="n" rel="hd" rnum="sg" root="transport" sense="transport" word="transport"/>
            </node>
          </node>
          <node begin="12" cat="pp" end="16" id="22" rel="mod">
            <node begin="12" end="13" frame="modal_adverb" his="normal" his_1="normal" id="23" lcat="advp" lemma="net" pos="adv" postag="BW()" pt="bw" rel="mod" root="net" sc="modal" sense="net" word="net"/>
            <node begin="13" end="14" frame="preposition(onder,[door,vandaan])" his="normal" his_1="normal" id="24" lcat="pp" lemma="onder" pos="prep" postag="VZ(init)" pt="vz" rel="hd" root="onder" sense="onder" vztype="init" word="onder"/>
            <node begin="14" cat="np" end="16" id="25" rel="obj1">
              <node begin="14" end="15" frame="determiner(de)" his="normal" his_1="normal" id="26" infl="de" lcat="detp" lemma="de" lwtype="bep" naamval="stan" npagr="rest" pos="det" postag="LID(bep,stan,rest)" pt="lid" rel="det" root="de" sense="de" word="de"/>
              <node begin="15" end="16" frame="noun(de,count,sg)" gen="de" genus="zijd" getal="ev" graad="basis" his="normal" his_1="normal" id="27" lcat="np" lemma="brug" naamval="stan" ntype="soort" num="sg" pos="noun" postag="N(soort,ev,basis,zijd,stan)" pt="n" rel="hd" rnum="sg" root="brug" sense="brug" word="brug"/>
            </node>
          </node>
          <node begin="16" end="17" frame="verb(hebben,past(sg),transitive_ndev_ndev)" his="normal" his_1="normal" id="28" infl="sg" lcat="ssub" lemma="kunnen" pos="verb" postag="WW(pv,verl,ev)" pt="ww" pvagr="ev" pvtijd="verl" rel="hd" root="kan" sc="transitive_ndev_ndev" sense="kan" tense="past" word="kon" wvorm="pv"/>
          <node begin="18" cat="whrel" end="25" id="29" rel="obj1">
            <node begin="18" case="both" def="indef" end="19" frame="pronoun(ywh,thi,sg,het,both,indef,nparg)" gen="het" getal="ev" his="normal" his_1="normal" id="30" index="1" lcat="np" lemma="wat" naamval="stan" num="sg" pdtype="pron" per="thi" persoon="3o" pos="pron" postag="VNW(vb,pron,stan,vol,3o,ev)" pt="vnw" rel="rhd" rnum="sg" root="wat" sense="wat" special="nparg" status="vol" vwtype="vb" wh="ywh" word="wat"/>
            <node begin="18" cat="ssub" end="25" id="31" rel="body">
              <node begin="18" end="19" id="32" index="1" rel="su"/>
              <node begin="22" end="23" frame="verb(unacc,past(sg),aux(te))" his="normal" his_1="normal" id="33" infl="sg" lcat="ssub" lemma="blijken" pos="verb" postag="WW(pv,verl,ev)" pt="ww" pvagr="ev" pvtijd="verl" rel="hd" root="blijk" sc="aux(te)" sense="blijk" tense="past" word="bleek" wvorm="pv"/>
              <node begin="18" cat="ti" end="25" id="34" rel="vc">
                <node begin="23" end="24" frame="complementizer(te)" his="normal" his_1="normal" id="35" lcat="ti" lemma="te" pos="comp" postag="VZ(init)" pt="vz" rel="cmp" root="te" sc="te" sense="te" vztype="init" word="te"/>
                <node begin="18" cat="inf" end="25" id="36" rel="body">
                  <node begin="18" end="19" id="37" index="1" rel="su"/>
                  <node begin="19" end="20" frame="adverb" his="normal" his_1="normal" id="38" lcat="advp" lemma="niet" pos="adv" postag="BW()" pt="bw" rel="mod" root="niet" sense="niet" word="niet"/>
                  <node begin="20" cat="np" end="22" id="39" rel="predc">
                    <node begin="20" end="21" frame="determiner(het,nwh,nmod,pro,nparg,wkpro)" his="normal" his_1="normal" id="40" infl="het" lcat="detp" lemma="het" lwtype="bep" naamval="stan" npagr="evon" pos="det" postag="LID(bep,stan,evon)" pt="lid" rel="det" root="het" sense="het" wh="nwh" word="het"/>
                    <node begin="21" end="22" frame="noun(both,count,sg)" gen="both" genus="onz" getal="ev" graad="basis" his="normal" his_1="normal" id="41" lcat="np" lemma="geval" naamval="stan" ntype="soort" num="sg" pos="noun" postag="N(soort,ev,basis,onz,stan)" pt="n" rel="hd" rnum="sg" root="geval" sense="geval" word="geval"/>
                  </node>
                  <node begin="24" buiging="zonder" end="25" frame="verb(unacc,inf,copula)" his="normal" his_1="normal" id="42" infl="inf" lcat="inf" lemma="zijn" pos="verb" positie="vrij" postag="WW(inf,vrij,zonder)" pt="ww" rel="hd" root="ben" sc="copula" sense="ben" word="zijn" wvorm="inf"/>
                </node>
              </node>
            </node>
          </node>
        </node>
      </node>
    </node>
    <node begin="25" end="26" frame="punct(punt)" his="normal" his_1="normal" id="43" lcat="punct" lemma="." pos="punct" postag="LET()" pt="let" rel="--" root="." sense="." special="punt" word="."/>
  </node>
  <sentence sentid="3">De bestuurder van het voertuig meende dat hij met zijn speciaal transport net onder de brug kon , wat niet het geval bleek te zijn .</sentence>
  <comments>
    <comment>Q#3|De bestuurder van het voertuig meende dat hij met zijn speciaal transport net onder de brug kon , wat niet het geval bleek te zijn .|1|1|-7.414317137009984</comment>
  </comments>
</alpino_ds>
