<?xml version="1.0" encoding="UTF-8"?>
<alpino_ds version="1.6">
  <parser cats="1" skips="0" />
  <node begin="0" cat="top" end="8" id="0" rel="top">
    <node begin="0" cat="smain" end="7" id="1" rel="--">
      <node begin="0" cat="pp" end="3" id="2" rel="mod">
        <node begin="0" end="1" frame="preposition(door,[heen])" his="normal" his_1="decap" his_1_1="normal" id="3" lcat="pp" lemma="door" pos="prep" postag="VZ(init)" pt="vz" rel="hd" root="door" sense="door" vztype="init" word="Door"/>
        <node begin="1" cat="np" end="3" id="4" rel="obj1">
          <node begin="1" end="2" frame="determiner(de)" his="normal" his_1="normal" id="5" infl="de" lcat="detp" lemma="de" lwtype="bep" naamval="stan" npagr="rest" pos="det" postag="LID(bep,stan,rest)" pt="lid" rel="det" root="de" sense="de" word="de"/>
          <node begin="2" end="3" frame="noun(de,count,sg)" gen="de" genus="zijd" getal="ev" graad="basis" his="normal" his_1="normal" id="6" lcat="np" lemma="botsing" naamval="stan" ntype="soort" num="sg" pos="noun" postag="N(soort,ev,basis,zijd,stan)" pt="n" rel="hd" rnum="sg" root="botsing" sense="botsing" word="botsing"/>
        </node>
      </node>
      <node begin="3" end="4" frame="verb(unacc,past(pl),ld_pp)" his="normal" his_1="normal" id="7" infl="pl" lcat="smain" lemma="vallen" pos="verb" postag="WW(pv,verl,mv)" pt="ww" pvagr="mv" pvtijd="verl" rel="hd" root="val" sc="ld_pp" sense="val" stype="declarative" tense="past" word="vielen" wvorm="pv"/>
      <node begin="4" end="5" frame="noun(het,count,pl)" gen="het" getal="mv" graad="basis" his="normal" his_1="normal" id="8" lcat="np" lemma="brokstuk" ntype="soort" num="pl" pos="noun" postag="N(soort,mv,basis)" pt="n" rel="su" rnum="pl" root="brokstuk" sense="brokstuk" word="brokstukken"/>
      <node begin="5" cat="pp" end="7" id="9" rel="ld">
        <node begin="5" end="6" frame="preposition(naar,[toe],loc_adv)" his="normal" his_1="normal" id="10" lcat="pp" lemma="naar" pos="prep" postag="VZ(init)" pt="vz" rel="hd" root="naar" sc="loc_adv" sense="naar" vztype="init" word="naar"/>
        <node begin="6" end="7" frame="loc_adverb" his="normal" his_1="normal" id="11" lcat="advp" lemma="beneden" pos="adv" postag="VZ(fin)" pt="vz" rel="obj1" root="beneden" sense="beneden" special="loc" vztype="fin" word="beneden"/>
      </node>
    </node>
    <node begin="7" end="8" frame="punct(punt)" his="normal" his_1="normal" id="12" lcat="punct" lemma="." pos="punct" postag="LET()" pt="let" rel="--" root="." sense="." special="punt" word="."/>
  </node>
  <sentence sentid="4">Door de botsing vielen brokstukken naar beneden .</sentence>
  <comments>
    <comment>Q#4|Door de botsing vielen brokstukken naar beneden .|1|1|-4.688356078370003</comment>
  </comments>
</alpino_ds>
