<?xml version="1.0" encoding="UTF-8"?>
<alpino_ds version="1.6">
  <parser cats="1" skips="0" />
  <node begin="0" cat="top" end="19" id="0" rel="top">
    <node begin="8" end="9" frame="punct(komma)" his="normal" his_1="normal" id="1" lcat="punct" lemma="," pos="punct" postag="LET()" pt="let" rel="--" root="," sense="," special="komma" word=","/>
    <node begin="0" cat="conj" end="18" id="2" rel="--">
      <node begin="0" cat="smain" end="8" id="3" rel="cnj">
        <node begin="0" cat="np" end="2" id="4" rel="su">
          <node begin="0" end="1" frame="determiner(de)" his="normal" his_1="decap" his_1_1="normal" id="5" infl="de" lcat="detp" lemma="de" lwtype="bep" naamval="stan" npagr="rest" pos="det" postag="LID(bep,stan,rest)" pt="lid" rel="det" root="de" sense="de" word="De"/>
          <node begin="1" end="2" frame="noun(de,mass,sg)" gen="de" genus="zijd" getal="ev" graad="basis" his="normal" his_1="normal" id="6" lcat="np" lemma="politie" naamval="stan" ntype="soort" num="sg" pos="noun" postag="N(soort,ev,basis,zijd,stan)" pt="n" rel="hd" rnum="sg" root="politie" sense="politie" word="politie"/>
        </node>
        <node begin="2" end="3" frame="verb(hebben,past(sg),part_transitive(af))" his="normal" his_1="normal" id="7" infl="sg" lcat="smain" lemma="af_sluiten" pos="verb" postag="WW(pv,verl,ev)" pt="ww" pvagr="ev" pvtijd="verl" rel="hd" root="sluit_af" sc="part_transitive(af)" sense="sluit_af" stype="declarative" tense="past" word="sloot" wvorm="pv"/>
        <node begin="3" cat="np" end="5" id="8" rel="obj1">
          <node begin="3" end="4" frame="determiner(het,nwh,nmod,pro,nparg,wkpro)" his="normal" his_1="normal" id="9" infl="het" lcat="detp" lemma="het" lwtype="bep" naamval="stan" npagr="evon" pos="det" postag="LID(bep,stan,evon)" pt="lid" rel="det" root="het" sense="het" wh="nwh" word="het"/>
          <node begin="4" end="5" frame="noun(het,count,sg)" gen="het" genus="onz" getal="ev" graad="basis" his="compound" his_1="2" id="10" lcat="np" lemma="rij_vak" naamval="stan" ntype="soort" num="sg" pos="noun" postag="N(soort,ev,basis,onz,stan)" pt="n" rel="hd" rnum="sg" root="rij_vak" sense="rij_vak" word="rijvak"/>
        </node>
        <node begin="5" cat="np" end="7" id="11" rel="mod">
          <node begin="5" buiging="met-e" end="6" frame="adj_number(enkele)" his="normal" his_1="normal" id="12" infl="enkele" lcat="detp" lemma="enkel" naamval="stan" npagr="rest" pdtype="det" pos="det" positie="prenom" postag="VNW(onbep,det,stan,prenom,met-e,rest)" pt="vnw" rel="det" root="enkel" sense="enkel" special="adj_number" vwtype="onbep" word="enkele"/>
          <node begin="6" end="7" frame="tmp_noun(het,count,pl)" gen="het" getal="mv" graad="basis" his="normal" his_1="normal" id="13" lcat="np" lemma="uur" ntype="soort" num="pl" pos="noun" postag="N(soort,mv,basis)" pt="n" rel="hd" rnum="pl" root="uur" sense="uur" special="tmp" word="uren"/>
        </node>
        <node begin="7" end="8" frame="particle(af)" his="normal" his_1="normal" id="14" lcat="part" lemma="af" pos="part" postag="VZ(fin)" pt="vz" rel="svp" root="af" sense="af" vztype="fin" word="af"/>
      </node>
      <node begin="9" conjtype="neven" end="10" frame="conj(maar)" his="normal" his_1="normal" id="15" lcat="vg" lemma="maar" pos="vg" postag="VG(neven)" pt="vg" rel="crd" root="maar" sense="maar" word="maar"/>
      <node begin="10" cat="smain" end="18" id="16" rel="cnj">
        <node begin="10" cat="np" end="12" id="17" rel="su">
          <node begin="10" end="11" frame="determiner(het,nwh,nmod,pro,nparg,wkpro)" his="normal" his_1="normal" id="18" infl="het" lcat="detp" lemma="het" lwtype="bep" naamval="stan" npagr="evon" pos="det" postag="LID(bep,stan,evon)" pt="lid" rel="det" root="het" sense="het" wh="nwh" word="het"/>
          <node begin="11" end="12" frame="noun(het,mass,sg)" gen="het" genus="onz" getal="ev" graad="basis" his="normal" his_1="normal" id="19" lcat="np" lemma="verkeer" naamval="stan" ntype="soort" num="sg" pos="noun" postag="N(soort,ev,basis,onz,stan)" pt="n" rel="hd" rnum="sg" root="verkeer" sense="verkeer" word="verkeer"/>
        </node>
        <node begin="12" end="13" frame="verb(hebben,past(sg),transitive)" his="normal" his_1="normal" id="20" infl="sg" lcat="smain" lemma="ondervinden" pos="verb" postag="WW(pv,verl,ev)" pt="ww" pvagr="ev" pvtijd="verl" rel="hd" root="ondervind" sc="transitive" sense="ondervind" stype="declarative" tense="past" word="ondervond" wvorm="pv"/>
        <node begin="13" cat="np" end="18" id="21" rel="obj1">
          <node begin="13" cat="ap" end="17" id="22" rel="det">
            <node begin="13" cat="mwu" end="16" his="normal" his_1="normal" id="23" mwu_root="al bij al" mwu_sense="al bij al" rel="mod">
              <node begin="13" end="14" frame="adverb" id="24" lcat="advp" lemma="al" pos="adv" postag="BW()" pt="bw" rel="mwp" root="al" sense="al" word="al"/>
              <node begin="14" end="15" frame="adverb" id="25" lcat="advp" lemma="bij" pos="adv" postag="BW()" pt="bw" rel="mwp" root="bij" sense="bij" word="bij"/>
              <node begin="15" end="16" frame="adverb" id="26" lcat="advp" lemma="al" pos="adv" postag="BW()" pt="bw" rel="mwp" root="al" sense="al" word="al"/>
            </node>
            <node aform="base" begin="16" buiging="zonder" end="17" frame="adjective(no_e(odet_adv))" graad="basis" his="normal" his_1="normal" id="27" infl="no_e" lcat="ap" lemma="weinig" naamval="stan" npagr="agr" pdtype="grad" pos="adj" positie="prenom" postag="VNW(onbep,grad,stan,prenom,zonder,agr,basis)" pt="vnw" rel="hd" root="weinig" sense="weinig" vform="adj" vwtype="onbep" word="weinig"/>
          </node>
          <node begin="17" end="18" frame="noun(de,mass,sg)" gen="de" genus="zijd" getal="ev" graad="basis" his="normal" his_1="normal" id="28" lcat="np" lemma="hinder" naamval="stan" ntype="soort" num="sg" pos="noun" postag="N(soort,ev,basis,zijd,stan)" pt="n" rel="hd" rnum="sg" root="hinder" sense="hinder" word="hinder"/>
        </node>
      </node>
    </node>
    <node begin="18" end="19" frame="punct(punt)" his="normal" his_1="normal" id="29" lcat="punct" lemma="." pos="punct" postag="LET()" pt="let" rel="--" root="." sense="." special="punt" word="."/>
  </node>
  <sentence sentid="5">De politie sloot het rijvak enkele uren af , maar het verkeer ondervond al bij al weinig hinder .</sentence>
  <comments>
    <comment>Q#5|De politie sloot het rijvak enkele uren af , maar het verkeer ondervond al bij al weinig hinder .|1|1|-11.107184928960006</comment>
  </comments>
</alpino_ds>
