{"meta": {"id": "MH-DMF20171208_03232512-VNVeiligheidsraad_houdt_spoedzitting_over_Jeruzalem.tsv", "author": "eventdna_anno_1"}, "doc": {"token_string": "VN-Veiligheidsraad houdt spoedzitting over Jeruzalem De VN-Veiligheidsraad komt vrijdag in spoedzitting bijeen om zich te beraden over de beslissing van de Amerikaanse president Donald Trump om eenzijdig Jeruzalem te erkennen als hoofdstad van Isra\u00ebl .", "token_ids": [0, 1, 2, 3, 4, 5, 6, 7, 8, 9, 10, 11, 12, 13, 14, 15, 16, 17, 18, 19, 20, 21, 22, 23, 24, 25, 26, 27, 28, 29, 30, 31, 32, 33, 34], "sentences": {"sentence_1": {"token_ids": [0, 1, 2, 3, 4]}, "sentence_2": {"token_ids": [5, 6, 7, 8, 9, 10, 11, 12, 13, 14, 15, 16, 17, 18, 19, 20, 21, 22, 23, 24, 25, 26, 27, 28, 29, 30, 31, 32, 33, 34]}}, "annotations": {"entities": {"entity_1": {"type": "entity", "string": "VN-Veiligheidsraad", "features": {"type": "ORG", "span": [0], "individuality": "INDIV", "mention_level_type": "NAM", "head": {"type": "entityHead", "string": "VN-Veiligheidsraad", "features": {"span": [0]}}}, "home_sentence": "sentence_1"}, "entity_2": {"type": "entity", "string": "Jeruzalem", "features": {"type": "LOC", "span": [4], "individuality": "INDIV", "mention_level_type": "NAM", "head": {"type": "entityHead", "string": "Jeruzalem", "features": {"span": [4]}}}, "home_sentence": "sentence_1"}, "entity_3": {"type": "entity", "string": "VN-Veiligheidsraad", "features": {"type": "ORG", "span": [6], "individuality": "INDIV", "mention_level_type": "NAM", "head": {"type": "entityHead", "string": "VN-Veiligheidsraad", "features": {"span": [6]}}}, "home_sentence": "sentence_2"}, "entity_4": {"type": "entity", "string": "zich", "features": {"type": "ORG", "span": [13], "individuality": "INDIV", "mention_level_type": "PRON", "head": {"type": "entityHead", "string": "zich", "features": {"span": [13]}}}, "home_sentence": "sentence_2"}, "entity_5": {"type": "entity", "string": "Amerikaanse", "features": {"type": "LOC", "span": [21], "individuality": "INDIV", "mention_level_type": "NAM", "head": {"type": "entityHead", "string": "Amerikaanse", "features": {"span": [21]}}}, "home_sentence": "sentence_2"}, "entity_6": {"type": "entity", "string": "Donald Trump", "features": {"type": "PER", "span": [23, 24], "individuality": "INDIV", "mention_level_type": "NAM", "head": {"type": "entityHead", "string": "Donald Trump", "features": {"span": [23, 24]}}}, "home_sentence": "sentence_2"}, "entity_7": {"type": "entity", "string": "Jeruzalem", "features": {"type": "LOC", "span": [27], "individuality": "INDIV", "mention_level_type": "NAM", "head": {"type": "entityHead", "string": "Jeruzalem", "features": {"span": [27]}}}, "home_sentence": "sentence_2"}, "entity_8": {"type": "entity", "string": "Isra\u00ebl", "features": {"type": "LOC", "span": [33], "individuality": "INDIV", "mention_level_type": "NAM", "head": {"type": "entityHead", "string": "Isra\u00ebl", "features": {"span": [33]}}}, "home_sentence": "sentence_2"}}, "events": {"event_1": {"annotation_type": "event", "string": "VN-Veiligheidsraad houdt spoedzitting", "features": {"span": [0, 1, 2], "arguments": [{"string": "VN-Veiligheidsraad", "features": {"span": [0], "argument_entity_type": "ORG", "argument_role": "Entity"}}], "type": "Contact", "subtype": "Meet", "modality": "Asserted", "pos_neg": "Positive", "prominence": "Main", "tense": "Present"}, "home_sentence": "sentence_1"}, "event_2": {"annotation_type": "event", "string": "De VN-Veiligheidsraad komt vrijdag in spoedzitting bijeen", "features": {"span": [5, 6, 7, 8, 9, 10, 11], "arguments": [{"string": "De VN-Veiligheidsraad", "features": {"span": [5, 6], "argument_entity_type": "ORG", "argument_role": "Entity"}}, {"string": "vrijdag", "features": {"span": [8], "argument_entity_type": "time", "argument_role": "Time"}}], "type": "Contact", "subtype": "Meet", "modality": "Asserted", "pos_neg": "Positive", "prominence": "Main", "tense": "Future"}, "home_sentence": "sentence_2"}, "event_3": {"annotation_type": "event", "string": "de beslissing van de Amerikaanse president Donald Trump om eenzijdig Jeruzalem te erkennen als hoofdstad van Isra\u00ebl", "features": {"span": [17, 18, 19, 20, 21, 22, 23, 24, 25, 26, 27, 28, 29, 30, 31, 32, 33], "arguments": [{"string": "Donald Trump", "features": {"span": [23, 24], "argument_entity_type": "PER", "argument_role": "Participant"}}], "type": "Unknown", "subtype": "Unknown", "modality": "Asserted", "pos_neg": "Positive", "prominence": "Background", "tense": "Unspecified"}, "home_sentence": "sentence_2"}}, "coreference": {"entities": {"coref_bucket_1": ["entity_1", "entity_3", "entity_4"], "coref_bucket_2": ["entity_2", "entity_7"]}, "events": {"coref_bucket_3": ["event_1", "event_2"]}}, "iptc_codes": {"certain": [[["medtop:20000644", "international organisation"], ["medtop:20000638", "international relations"], ["medtop:11000000", "politics"]]], "uncertain": [[["medtop:20000610", "heads of state"], ["medtop:20000593", "government"], ["medtop:11000000", "politics"]]]}}}}