<?xml version="1.0" encoding="UTF-8"?>
<alpino_ds version="1.6">
  <parser cats="1" skips="0" />
  <node begin="0" cat="top" end="5" id="0" rel="top">
    <node begin="0" cat="smain" end="5" id="1" rel="--">
      <node begin="0" end="1" frame="proper_name(sg,'PER')" genus="zijd" getal="ev" graad="basis" his="normal" his_1="names_dictionary" id="2" lcat="np" lemma="Erdogan" naamval="stan" neclass="PER" ntype="eigen" num="sg" pos="name" postag="N(eigen,ev,basis,zijd,stan)" pt="n" rel="su" rnum="sg" root="Erdogan" sense="Erdogan" word="Erdogan"/>
      <node begin="1" end="2" frame="verb(hebben,sg3,np_np)" his="normal" his_1="normal" id="3" infl="sg3" lcat="smain" lemma="bevelen" pos="verb" postag="WW(pv,tgw,met-t)" pt="ww" pvagr="met-t" pvtijd="tgw" rel="hd" root="beveel" sc="np_np" sense="beveel" stype="declarative" tense="present" word="beveelt" wvorm="pv"/>
      <node begin="2" end="3" frame="noun(de,count,sg)" gen="de" genus="zijd" getal="ev" graad="basis" his="normal" his_1="normal" id="4" lcat="np" lemma="boycot" naamval="stan" ntype="soort" num="sg" pos="noun" postag="N(soort,ev,basis,zijd,stan)" pt="n" rel="obj2" rnum="sg" root="boycot" sense="boycot" word="boycot"/>
      <node begin="3" cat="np" end="5" id="5" rel="obj1">
        <node aform="base" begin="3" buiging="met-e" end="4" frame="adjective(e)" graad="basis" his="normal" his_1="normal" id="6" infl="e" lcat="ap" lemma="Amerikaans" naamval="stan" pos="adj" positie="prenom" postag="ADJ(prenom,basis,met-e,stan)" pt="adj" rel="mod" root="Amerikaans" sense="Amerikaans" vform="adj" word="Amerikaanse"/>
        <node begin="4" end="5" frame="noun(de,mass,sg)" gen="de" genus="zijd" getal="ev" graad="basis" his="normal" his_1="normal" id="7" lcat="np" lemma="elektronica" naamval="stan" ntype="soort" num="sg" pos="noun" postag="N(soort,ev,basis,zijd,stan)" pt="n" rel="hd" rnum="sg" root="elektronica" sense="elektronica" word="elektronica"/>
      </node>
    </node>
  </node>
  <sentence sentid="1">Erdogan beveelt boycot Amerikaanse elektronica</sentence>
  <comments>
    <comment>Q#1|Erdogan beveelt boycot Amerikaanse elektronica|1|1|3.815671282519998</comment>
  </comments>
</alpino_ds>
