<?xml version="1.0" encoding="UTF-8"?>
<alpino_ds version="1.6">
  <parser cats="1" skips="0" />
  <node begin="0" cat="top" end="19" id="0" rel="top">
    <node begin="0" cat="smain" end="18" id="1" rel="--">
      <node begin="0" cat="np" end="6" id="2" rel="su">
        <node begin="0" end="1" frame="determiner(de)" his="normal" his_1="decap" his_1_1="normal" id="3" infl="de" lcat="detp" lemma="de" lwtype="bep" naamval="stan" npagr="rest" pos="det" postag="LID(bep,stan,rest)" pt="lid" rel="det" root="de" sense="de" word="De"/>
        <node aform="base" begin="1" buiging="met-e" end="2" frame="adjective(e)" graad="basis" his="normal" his_1="normal" id="4" infl="e" lcat="ap" lemma="Turks" naamval="stan" pos="adj" positie="prenom" postag="ADJ(prenom,basis,met-e,stan)" pt="adj" rel="mod" root="Turks" sense="Turks" vform="adj" word="Turkse"/>
        <node begin="2" end="3" frame="noun(de,count,sg)" gen="de" genus="zijd" getal="ev" graad="basis" his="normal" his_1="normal" id="5" lcat="np" lemma="president" naamval="stan" ntype="soort" num="sg" pos="noun" postag="N(soort,ev,basis,zijd,stan)" pt="n" rel="hd" rnum="sg" root="president" sense="president" word="president"/>
        <node begin="3" cat="mwu" end="6" his="normal" his_1="names_dictionary" id="6" mwu_root="Recep Tayyip Erdogan" mwu_sense="Recep Tayyip Erdogan" rel="app">
          <node begin="3" end="4" frame="proper_name(sg,'PER')" id="7" lcat="np" lemma="Recep" neclass="PER" num="sg" pos="name" postag="SPEC(deeleigen)" pt="spec" rel="mwp" rnum="sg" root="Recep" sense="Recep" spectype="deeleigen" word="Recep"/>
          <node begin="4" end="5" frame="proper_name(sg,'PER')" id="8" lcat="np" lemma="Tayyip" neclass="PER" num="sg" pos="name" postag="SPEC(deeleigen)" pt="spec" rel="mwp" rnum="sg" root="Tayyip" sense="Tayyip" spectype="deeleigen" word="Tayyip"/>
          <node begin="5" end="6" frame="proper_name(sg,'PER')" id="9" lcat="np" lemma="Erdogan" neclass="PER" num="sg" pos="name" postag="SPEC(deeleigen)" pt="spec" rel="mwp" rnum="sg" root="Erdogan" sense="Erdogan" spectype="deeleigen" word="Erdogan"/>
        </node>
      </node>
      <node begin="6" end="7" frame="verb(hebben,sg3,part_pc_pp(op,tot))" his="normal" his_1="normal" id="10" infl="sg3" lcat="smain" lemma="op_roepen" pos="verb" postag="WW(pv,tgw,met-t)" pt="ww" pvagr="met-t" pvtijd="tgw" rel="hd" root="roep_op" sc="part_pc_pp(op,tot)" sense="roep_op-tot" stype="declarative" tense="present" word="roept" wvorm="pv"/>
      <node begin="7" end="8" frame="particle(op)" his="normal" his_1="normal" id="11" lcat="part" lemma="op" pos="part" postag="VZ(fin)" pt="vz" rel="svp" root="op" sense="op" vztype="fin" word="op"/>
      <node begin="8" cat="pp" end="18" id="12" rel="pc">
        <node begin="8" end="9" frame="preposition(tot,[toe,[aan,toe]])" his="normal" his_1="normal" id="13" lcat="pp" lemma="tot" pos="prep" postag="VZ(init)" pt="vz" rel="hd" root="tot" sense="tot" vztype="init" word="tot"/>
        <node begin="9" cat="np" end="18" id="14" rel="obj1">
          <node begin="9" end="10" frame="determiner(een)" his="normal" his_1="normal" id="15" infl="een" lcat="detp" lemma="een" lwtype="onbep" naamval="stan" npagr="agr" pos="det" postag="LID(onbep,stan,agr)" pt="lid" rel="det" root="een" sense="een" word="een"/>
          <node begin="10" end="11" frame="noun(de,count,sg)" gen="de" genus="zijd" getal="ev" graad="basis" his="normal" his_1="normal" id="16" lcat="np" lemma="boycot" naamval="stan" ntype="soort" num="sg" pos="noun" postag="N(soort,ev,basis,zijd,stan)" pt="n" rel="hd" rnum="sg" root="boycot" sense="boycot" word="boycot"/>
          <node begin="11" cat="pp" end="18" id="17" rel="mod">
            <node begin="11" end="12" frame="preposition(van,[af,uit,vandaan,[af,aan]])" his="normal" his_1="normal" id="18" lcat="pp" lemma="van" pos="prep" postag="VZ(init)" pt="vz" rel="hd" root="van" sense="van" vztype="init" word="van"/>
            <node begin="12" cat="np" end="18" id="19" rel="obj1">
              <node aform="base" begin="12" buiging="met-e" end="13" frame="adjective(e)" graad="basis" his="normal" his_1="normal" id="20" infl="e" lcat="ap" lemma="electronisch" naamval="stan" pos="adj" positie="prenom" postag="ADJ(prenom,basis,met-e,stan)" pt="adj" rel="mod" root="electronisch" sense="electronisch" vform="adj" word="elektronische"/>
              <node begin="13" end="14" frame="noun(het,count,pl)" gen="het" getal="mv" graad="basis" his="normal" his_1="normal" id="21" lcat="np" lemma="artikel" ntype="soort" num="pl" pos="noun" postag="N(soort,mv,basis)" pt="n" rel="hd" rnum="pl" root="artikel" sense="artikel" word="artikelen"/>
              <node begin="14" cat="pp" end="18" id="22" rel="mod">
                <node begin="14" end="15" frame="preposition(uit,[vandaan])" his="normal" his_1="normal" id="23" lcat="pp" lemma="uit" pos="prep" postag="VZ(init)" pt="vz" rel="hd" root="uit" sense="uit" vztype="init" word="uit"/>
                <node begin="15" cat="np" end="18" id="24" rel="obj1">
                  <node begin="15" end="16" frame="determiner(de)" his="normal" his_1="normal" id="25" infl="de" lcat="detp" lemma="de" lwtype="bep" naamval="stan" npagr="rest" pos="det" postag="LID(bep,stan,rest)" pt="lid" rel="det" root="de" sense="de" word="de"/>
                  <node begin="16" cat="mwu" end="18" his="normal" his_1="names_dictionary" id="26" mwu_root="Verenigde Staten" mwu_sense="Verenigde Staten" rel="hd">
                    <node begin="16" end="17" frame="proper_name(both,'LOC')" id="27" lcat="np" lemma="Verenigde" neclass="LOC" num="both" pos="name" postag="SPEC(deeleigen)" pt="spec" rel="mwp" rnum="sg" root="Verenigde" sense="Verenigde" spectype="deeleigen" word="Verenigde"/>
                    <node begin="17" end="18" frame="proper_name(both,'LOC')" id="28" lcat="np" lemma="Staten" neclass="LOC" num="both" pos="name" postag="SPEC(deeleigen)" pt="spec" rel="mwp" rnum="sg" root="Staten" sense="Staten" spectype="deeleigen" word="Staten"/>
                  </node>
                </node>
              </node>
            </node>
          </node>
        </node>
      </node>
    </node>
    <node begin="18" end="19" frame="punct(punt)" his="normal" his_1="normal" id="29" lcat="punct" lemma="." pos="punct" postag="LET()" pt="let" rel="--" root="." sense="." special="punt" word="."/>
  </node>
  <sentence sentid="2">De Turkse president Recep Tayyip Erdogan roept op tot een boycot van elektronische artikelen uit de Verenigde Staten .</sentence>
  <comments>
    <comment>Q#2|De Turkse president Recep Tayyip Erdogan roept op tot een boycot van elektronische artikelen uit de Verenigde Staten .|1|1|-8.833249844620005</comment>
  </comments>
</alpino_ds>
