<?xml version="1.0" encoding="UTF-8"?>
<alpino_ds version="1.6">
  <parser cats="1" skips="0" />
  <node begin="0" cat="top" end="13" id="0" rel="top">
    <node begin="0" cat="smain" end="12" id="1" rel="--">
      <node begin="0" case="nom" def="def" end="1" frame="pronoun(nwh,thi,sg,de,nom,def)" gen="de" genus="masc" getal="ev" his="normal" his_1="decap" his_1_1="normal" id="2" lcat="np" lemma="hij" naamval="nomin" num="sg" pdtype="pron" per="thi" persoon="3" pos="pron" postag="VNW(pers,pron,nomin,vol,3,ev,masc)" pt="vnw" rel="su" rnum="sg" root="hij" sense="hij" status="vol" vwtype="pers" wh="nwh" word="Hij"/>
      <node begin="1" end="2" frame="verb(hebben,sg3,transitive_ndev)" his="normal" his_1="normal" id="3" infl="sg3" lcat="smain" lemma="doen" pos="verb" postag="WW(pv,tgw,met-t)" pt="ww" pvagr="met-t" pvtijd="tgw" rel="hd" root="doe" sc="transitive_ndev" sense="doe" stype="declarative" tense="present" word="doet" wvorm="pv"/>
      <node begin="2" end="3" frame="determiner(het,nwh,nmod,pro,nparg)" getal="ev" his="normal" his_1="normal" id="4" infl="het" lcat="np" lemma="dat" naamval="stan" pdtype="pron" persoon="3o" pos="det" postag="VNW(aanw,pron,stan,vol,3o,ev)" pt="vnw" rel="obj1" rnum="sg" root="dat" sense="dat" status="vol" vwtype="aanw" wh="nwh" word="dat"/>
      <node begin="3" cat="cp" end="12" id="5" rel="mod">
        <node begin="3" conjtype="onder" end="4" frame="complementizer" his="normal" his_1="normal" id="6" lcat="cp" lemma="nadat" pos="comp" postag="VG(onder)" pt="vg" rel="cmp" root="nadat" sense="nadat" word="nadat"/>
        <node begin="4" cat="ssub" end="12" id="7" rel="body">
          <node begin="4" cat="np" end="6" id="8" rel="su">
            <node begin="4" end="5" frame="determiner(de)" his="normal" his_1="normal" id="9" infl="de" lcat="detp" lemma="de" lwtype="bep" naamval="stan" npagr="rest" pos="det" postag="LID(bep,stan,rest)" pt="lid" rel="det" root="de" sense="de" word="de"/>
            <node begin="5" end="6" frame="proper_name(both,'LOC')" getal="mv" graad="basis" his="normal" his_1="names_dictionary" id="10" lcat="np" lemma="VS" neclass="LOC" ntype="eigen" num="both" pos="name" postag="N(eigen,mv,basis)" pt="n" rel="hd" rnum="sg" root="VS" sense="VS" word="VS"/>
          </node>
          <node begin="6" end="7" frame="tmp_noun(de,count,sg)" gen="de" genus="zijd" getal="ev" graad="basis" his="normal" his_1="normal" id="11" lcat="np" lemma="maandag" naamval="stan" ntype="eigen" num="sg" pos="noun" postag="N(eigen,ev,basis,zijd,stan)" pt="n" rel="mod" rnum="sg" root="maandag" sense="maandag" special="tmp" word="maandag"/>
          <node begin="7" cat="np" end="11" id="12" rel="obj1">
            <node begin="7" end="8" frame="determiner(de)" his="normal" his_1="normal" id="13" infl="de" lcat="detp" lemma="de" lwtype="bep" naamval="stan" npagr="rest" pos="det" postag="LID(bep,stan,rest)" pt="lid" rel="det" root="de" sense="de" word="de"/>
            <node begin="8" end="9" frame="noun(het,count,pl)" gen="het" getal="mv" graad="basis" his="normal" his_1="normal" id="14" lcat="np" lemma="invoer_recht" ntype="soort" num="pl" pos="noun" postag="N(soort,mv,basis)" pt="n" rel="hd" rnum="pl" root="invoer_recht" sense="invoer_recht" word="invoerrechten"/>
            <node begin="9" cat="pp" end="11" id="15" rel="mod">
              <node begin="9" end="10" frame="preposition(op,[af,na])" his="normal" his_1="normal" id="16" lcat="pp" lemma="op" pos="prep" postag="VZ(init)" pt="vz" rel="hd" root="op" sense="op" vztype="init" word="op"/>
              <node begin="10" end="11" frame="noun(both,count,sg)" gen="both" genus="zijd" getal="ev" graad="basis" his="normal" his_1="normal" id="17" lcat="np" lemma="staal" naamval="stan" ntype="soort" num="sg" pos="noun" postag="N(soort,ev,basis,zijd,stan)" pt="n" rel="obj1" rnum="sg" root="staal" sense="staal" word="staal"/>
            </node>
          </node>
          <node begin="11" end="12" frame="verb(hebben,past(sg),transitive)" his="normal" his_1="normal" id="18" infl="sg" lcat="ssub" lemma="verdubbelen" pos="verb" postag="WW(pv,verl,ev)" pt="ww" pvagr="ev" pvtijd="verl" rel="hd" root="verdubbel" sc="transitive" sense="verdubbel" tense="past" word="verdubbelde" wvorm="pv"/>
        </node>
      </node>
    </node>
    <node begin="12" end="13" frame="punct(punt)" his="normal" his_1="normal" id="19" lcat="punct" lemma="." pos="punct" postag="LET()" pt="let" rel="--" root="." sense="." special="punt" word="."/>
  </node>
  <sentence sentid="3">Hij doet dat nadat de VS maandag de invoerrechten op staal verdubbelde .</sentence>
  <comments>
    <comment>Q#3|Hij doet dat nadat de VS maandag de invoerrechten op staal verdubbelde .|1|1|-1.1327076962600011</comment>
  </comments>
</alpino_ds>
