{"meta": {"id": "MH-DMF20171217_03247324-Bosbranden_Californi_Een_beest_maar.tsv", "author": "eventdna_anno_2"}, "doc": {"token_string": "Bosbranden Californi\u00eb : ' Een beest , maar we zullen het doden ' Een hevige bosbrand blijft voor gevaar zorgen in de Amerikaanse staat Californi\u00eb . Nu worden ook de gebieden rond Santa Barbara ge\u00ebvacueerd . De brand eiste bovendien een eerste dode .", "token_ids": [0, 1, 2, 3, 4, 5, 6, 7, 8, 9, 10, 11, 12, 13, 14, 15, 16, 17, 18, 19, 20, 21, 22, 23, 24, 25, 26, 27, 28, 29, 30, 31, 32, 33, 34, 35, 36, 37, 38, 39, 40, 41, 42, 43], "sentences": {"sentence_1": {"token_ids": [0, 1, 2, 3, 4, 5, 6, 7, 8, 9, 10, 11, 12]}, "sentence_2": {"token_ids": [13, 14, 15, 16, 17, 18, 19, 20, 21, 22, 23, 24, 25]}, "sentence_3": {"token_ids": [26, 27, 28, 29, 30, 31, 32, 33, 34, 35]}, "sentence_4": {"token_ids": [36, 37, 38, 39, 40, 41, 42, 43]}}, "annotations": {"entities": {"entity_1": {"type": "entity", "string": "Californi\u00eb", "features": {"type": "LOC", "span": [1], "individuality": "INDIV", "mention_level_type": "NAM", "head": {"type": "entityHead", "string": "Californi\u00eb", "features": {"span": [1]}}}, "home_sentence": "sentence_1"}, "entity_2": {"type": "entity", "string": "Amerikaanse", "features": {"type": "LOC", "span": [22], "individuality": "INDIV", "mention_level_type": "NAM", "head": {"type": "entityHead", "string": "Amerikaanse", "features": {"span": [22]}}}, "home_sentence": "sentence_2"}, "entity_3": {"type": "entity", "string": "Californi\u00eb", "features": {"type": "LOC", "span": [24], "individuality": "INDIV", "mention_level_type": "NAM", "head": {"type": "entityHead", "string": "Californi\u00eb", "features": {"span": [24]}}}, "home_sentence": "sentence_2"}, "entity_4": {"type": "entity", "string": "de gebieden rond Santa Barbara", "features": {"type": "LOC", "span": [29, 30, 31, 32, 33], "individuality": "INDIV", "mention_level_type": "NOM", "head": {"type": "entityHead", "string": "gebieden", "features": {"span": [30]}}}, "home_sentence": "sentence_3"}, "entity_5": {"type": "entity", "string": "Santa Barbara", "features": {"type": "LOC", "span": [32, 33], "individuality": "INDIV", "mention_level_type": "NAM", "head": {"type": "entityHead", "string": "Santa Barbara", "features": {"span": [32, 33]}}}, "home_sentence": "sentence_3"}, "entity_6": {"type": "entity", "string": "een eerste dode", "features": {"type": "PER", "span": [40, 41, 42], "individuality": "INDIV", "mention_level_type": "NOM", "head": {"type": "entityHead", "string": "dode", "features": {"span": [42]}}}, "home_sentence": "sentence_4"}}, "events": {"event_1": {"annotation_type": "event", "string": "Bosbranden Californi\u00eb", "features": {"span": [0, 1], "arguments": [{"string": "Californi\u00eb", "features": {"span": [1], "argument_entity_type": "LOC", "argument_role": "Place"}}], "type": "Unknown", "subtype": "Unknown", "modality": "Asserted", "pos_neg": "Positive", "prominence": "Main", "tense": "Unspecified"}, "home_sentence": "sentence_1"}, "event_2": {"annotation_type": "event", "string": "Een hevige bosbrand blijft voor gevaar zorgen in de Amerikaanse staat Californi\u00eb", "features": {"span": [13, 14, 15, 16, 17, 18, 19, 20, 21, 22, 23, 24], "arguments": [{"string": "Californi\u00eb", "features": {"span": [24], "argument_entity_type": "LOC", "argument_role": "Place"}}], "type": "Unknown", "subtype": "Unknown", "modality": "Asserted", "pos_neg": "Positive", "prominence": "Main", "tense": "Present"}, "home_sentence": "sentence_2"}, "event_3": {"annotation_type": "event", "string": "Nu worden ook de gebieden rond Santa Barbara ge\u00ebvacueerd", "features": {"span": [26, 27, 28, 29, 30, 31, 32, 33, 34], "arguments": [{"string": "de gebieden rond Santa Barbara", "features": {"span": [29, 30, 31, 32, 33], "argument_entity_type": "LOC", "argument_role": "Origin"}}], "type": "Movement", "subtype": "TransportPerson", "modality": "Asserted", "pos_neg": "Positive", "prominence": "Background", "tense": "Present"}, "home_sentence": "sentence_3"}, "event_4": {"annotation_type": "event", "string": "De brand eiste bovendien een eerste dode", "features": {"span": [36, 37, 38, 39, 40, 41, 42], "arguments": [{"string": "een eerste dode", "features": {"span": [40, 41, 42], "argument_entity_type": "PER", "argument_role": "Victim"}}], "type": "Life", "subtype": "Die", "modality": "Asserted", "pos_neg": "Positive", "prominence": "Background", "tense": "Past"}, "home_sentence": "sentence_4"}, "event_5": {"annotation_type": "event", "string": "De brand", "features": {"span": [36, 37], "arguments": [], "type": "Unknown", "subtype": "Unknown", "modality": "Asserted", "pos_neg": "Positive", "prominence": "Main", "tense": "Unspecified"}, "home_sentence": "sentence_4"}}, "coreference": {"entities": {"coref_bucket_1": ["entity_3", "entity_1"]}, "events": {"coref_bucket_2": ["event_2", "event_5", "event_1"]}}, "iptc_codes": {"certain": [[["medtop:20000150", "fire"], ["medtop:20000148", "disaster"], ["medtop:03000000", "disaster, accident and emergency incident"]], [["medtop:20000433", "forests"], ["medtop:20000432", "land resources"], ["medtop:20000430", "natural resources"], ["medtop:06000000", "environment"]], [["medtop:20000810", "death and dying"], ["medtop:20000808", "values"], ["medtop:14000000", "society"]]], "uncertain": [[["medtop:20000168", "emergency response"], ["medtop:03000000", "disaster, accident and emergency incident"]]]}}}}