{"meta": {"id": "MH-DMF20180604_03545553-Vrachtwagen_met_kraan_beschadigt_brug.tsv", "author": "eventdna_anno_1"}, "doc": {"token_string": "Vrachtwagen met kraan beschadigt brug Op de Oudenaardsesteenweg in Erpe-Mere heeft gisteren een vrachtwagen die een kraan vervoerde de brug van de E40 beschadigd . De bestuurder van het voertuig meende dat hij met zijn speciaal transport net onder de brug kon , wat niet het geval bleek te zijn . Door de botsing vielen brokstukken naar beneden . De politie sloot het rijvak enkele uren af , maar het verkeer ondervond al bij al weinig hinder .", "token_ids": [0, 1, 2, 3, 4, 5, 6, 7, 8, 9, 10, 11, 12, 13, 14, 15, 16, 17, 18, 19, 20, 21, 22, 23, 24, 25, 26, 27, 28, 29, 30, 31, 32, 33, 34, 35, 36, 37, 38, 39, 40, 41, 42, 43, 44, 45, 46, 47, 48, 49, 50, 51, 52, 53, 54, 55, 56, 57, 58, 59, 60, 61, 62, 63, 64, 65, 66, 67, 68, 69, 70, 71, 72, 73, 74, 75, 76, 77], "sentences": {"sentence_1": {"token_ids": [0, 1, 2, 3, 4]}, "sentence_2": {"token_ids": [5, 6, 7, 8, 9, 10, 11, 12, 13, 14, 15, 16, 17, 18, 19, 20, 21, 22, 23, 24]}, "sentence_3": {"token_ids": [25, 26, 27, 28, 29, 30, 31, 32, 33, 34, 35, 36, 37, 38, 39, 40, 41, 42, 43, 44, 45, 46, 47, 48, 49, 50]}, "sentence_4": {"token_ids": [51, 52, 53, 54, 55, 56, 57, 58]}, "sentence_5": {"token_ids": [59, 60, 61, 62, 63, 64, 65, 66, 67, 68, 69, 70, 71, 72, 73, 74, 75, 76, 77]}}, "annotations": {"entities": {"entity_1": {"type": "entity", "string": "Vrachtwagen met kraan", "features": {"type": "MISC", "span": [0, 1, 2], "individuality": "INDIV", "mention_level_type": "NOM", "head": {"type": "entityHead", "string": "Vrachtwagen", "features": {"span": [0]}}}, "home_sentence": "sentence_1"}, "entity_2": {"type": "entity", "string": "brug", "features": {"type": "LOC", "span": [4], "individuality": "INDIV", "mention_level_type": "NOM", "head": {"type": "entityHead", "string": "brug", "features": {"span": [4]}}}, "home_sentence": "sentence_1"}, "entity_3": {"type": "entity", "string": "Oudenaardsesteenweg", "features": {"type": "LOC", "span": [7], "individuality": "INDIV", "mention_level_type": "NAM", "head": {"type": "entityHead", "string": "Oudenaardsesteenweg", "features": {"span": [7]}}}, "home_sentence": "sentence_2"}, "entity_4": {"type": "entity", "string": "Erpe-Mere", "features": {"type": "LOC", "span": [9], "individuality": "INDIV", "mention_level_type": "NAM", "head": {"type": "entityHead", "string": "Erpe-Mere", "features": {"span": [9]}}}, "home_sentence": "sentence_2"}, "entity_5": {"type": "entity", "string": "een vrachtwagen die een kraan vervoerde", "features": {"type": "MISC", "span": [12, 13, 14, 15, 16, 17], "individuality": "INDIV", "mention_level_type": "NOM", "head": {"type": "entityHead", "string": "vrachtwagen", "features": {"span": [13]}}}, "home_sentence": "sentence_2"}, "entity_6": {"type": "entity", "string": "de brug van de E40", "features": {"type": "LOC", "span": [18, 19, 20, 21, 22], "individuality": "INDIV", "mention_level_type": "NOM", "head": {"type": "entityHead", "string": "brug", "features": {"span": [19]}}}, "home_sentence": "sentence_2"}, "entity_7": {"type": "entity", "string": "E40", "features": {"type": "LOC", "span": [22], "individuality": "INDIV", "mention_level_type": "NAM", "head": {"type": "entityHead", "string": "E40", "features": {"span": [22]}}}, "home_sentence": "sentence_2"}, "entity_8": {"type": "entity", "string": "De bestuurder van het voertuig", "features": {"type": "PER", "span": [25, 26, 27, 28, 29], "individuality": "INDIV", "mention_level_type": "NOM", "head": {"type": "entityHead", "string": "bestuurder", "features": {"span": [26]}}}, "home_sentence": "sentence_3"}, "entity_9": {"type": "entity", "string": "het voertuig", "features": {"type": "MISC", "span": [28, 29], "individuality": "INDIV", "mention_level_type": "NOM", "head": {"type": "entityHead", "string": "voertuig", "features": {"span": [29]}}}, "home_sentence": "sentence_3"}, "entity_10": {"type": "entity", "string": "hij", "features": {"type": "PER", "span": [32], "individuality": "INDIV", "mention_level_type": "PRON", "head": {"type": "entityHead", "string": "hij", "features": {"span": [32]}}}, "home_sentence": "sentence_3"}, "entity_11": {"type": "entity", "string": "zijn speciaal transport", "features": {"type": "MISC", "span": [34, 35, 36], "individuality": "INDIV", "mention_level_type": "NOM", "head": {"type": "entityHead", "string": "transport", "features": {"span": [36]}}}, "home_sentence": "sentence_3"}, "entity_12": {"type": "entity", "string": "zijn", "features": {"type": "PER", "span": [34], "individuality": "INDIV", "mention_level_type": "PRON", "head": {"type": "entityHead", "string": "zijn", "features": {"span": [34]}}}, "home_sentence": "sentence_3"}, "entity_13": {"type": "entity", "string": "de brug", "features": {"type": "LOC", "span": [39, 40], "individuality": "INDIV", "mention_level_type": "NOM", "head": {"type": "entityHead", "string": "brug", "features": {"span": [40]}}}, "home_sentence": "sentence_3"}, "entity_14": {"type": "entity", "string": "De politie", "features": {"type": "ORG", "span": [59, 60], "individuality": "INDIV", "mention_level_type": "NOM", "head": {"type": "entityHead", "string": "politie", "features": {"span": [60]}}}, "home_sentence": "sentence_5"}}, "events": {"event_1": {"annotation_type": "event", "string": "Vrachtwagen met kraan beschadigt brug", "features": {"span": [0, 1, 2, 3, 4], "arguments": [{"string": "Vrachtwagen met kraan", "features": {"span": [0, 1, 2], "argument_entity_type": "vehicle", "argument_role": "Participant"}}], "type": "Unknown", "subtype": "Unknown", "modality": "Asserted", "pos_neg": "Positive", "prominence": "Main", "tense": "Present"}, "home_sentence": "sentence_1"}, "event_2": {"annotation_type": "event", "string": "Op de Oudenaardsesteenweg in Erpe-Mere heeft gisteren een vrachtwagen die een kraan vervoerde de brug van de E40 beschadigd", "features": {"span": [5, 6, 7, 8, 9, 10, 11, 12, 13, 14, 15, 16, 17, 18, 19, 20, 21, 22, 23], "arguments": [{"string": "vrachtwagen die een kraan vervoerde", "features": {"span": [13, 14, 15, 16, 17], "argument_entity_type": "vehicle", "argument_role": "Participant"}}, {"string": "gisteren", "features": {"span": [11], "argument_entity_type": "time", "argument_role": "Time"}}, {"string": "de Oudenaardsesteenweg in Erpe-Mere", "features": {"span": [6, 7, 8, 9], "argument_entity_type": "LOC", "argument_role": "Place"}}], "type": "Unknown", "subtype": "Unknown", "modality": "Asserted", "pos_neg": "Positive", "prominence": "Main", "tense": "Past"}, "home_sentence": "sentence_2"}, "event_3": {"annotation_type": "event", "string": "de botsing", "features": {"span": [52, 53], "arguments": [], "type": "Unknown", "subtype": "Unknown", "modality": "Asserted", "pos_neg": "Positive", "prominence": "Main", "tense": "Unspecified"}, "home_sentence": "sentence_4"}, "event_4": {"annotation_type": "event", "string": "De politie sloot het rijvak enkele uren af", "features": {"span": [59, 60, 61, 62, 63, 64, 65, 66], "arguments": [{"string": "De politie", "features": {"span": [59, 60], "argument_entity_type": "ORG", "argument_role": "Participant"}}], "type": "Unknown", "subtype": "Unknown", "modality": "Asserted", "pos_neg": "Positive", "prominence": "Background", "tense": "Past"}, "home_sentence": "sentence_5"}}, "coreference": {"entities": {"coref_bucket_1": ["entity_5", "entity_1", "entity_9"], "coref_bucket_2": ["entity_2", "entity_13", "entity_6"], "coref_bucket_3": ["entity_5", "entity_11", "entity_1", "entity_9"], "coref_bucket_4": ["entity_8", "entity_10", "entity_12"], "coref_bucket_5": ["entity_5", "entity_11", "entity_9"]}, "events": {"coref_bucket_6": ["event_3", "event_2", "event_1"]}}, "iptc_codes": {"certain": [[["medtop:20000147", "road accident and incident"], ["medtop:20000143", "transport accident and incident"], ["medtop:20000139", "accident and emergency incident"], ["medtop:03000000", "disaster, accident and emergency incident"]]], "uncertain": []}}}}