<?xml version="1.0" encoding="UTF-8"?>
<alpino_ds version="1.6">
  <parser cats="1" skips="0" />
  <node begin="0" cat="top" end="15" id="0" rel="top">
    <node begin="8" end="9" frame="punct(komma)" his="normal" his_1="normal" id="1" lcat="punct" lemma="," pos="punct" postag="LET()" pt="let" rel="--" root="," sense="," special="komma" word=","/>
    <node begin="0" cat="ppart" end="15" id="2" rel="--">
      <node begin="0" end="1" frame="noun(de,count,sg)" gen="de" genus="zijd" getal="ev" graad="basis" his="normal" his_1="decap" his_1_1="normal" id="3" lcat="np" lemma="jongeman" naamval="stan" ntype="soort" num="sg" pos="noun" postag="N(soort,ev,basis,zijd,stan)" pt="n" rel="obj1" rnum="sg" root="jongeman" sense="jongeman" word="Jongeman"/>
      <node begin="1" cat="pp" end="5" id="4" rel="mod">
        <node begin="1" end="2" frame="preposition(met,[mee,[en,al]])" his="normal" his_1="normal" id="5" lcat="pp" lemma="met" pos="prep" postag="VZ(init)" pt="vz" rel="hd" root="met" sense="met" vztype="init" word="met"/>
        <node begin="2" cat="np" end="5" id="6" rel="obj1">
          <node begin="2" end="3" frame="noun(het,count,sg)" gen="het" genus="onz" getal="ev" graad="basis" his="normal" his_1="normal" id="7" lcat="np" lemma="syndroom" naamval="stan" ntype="soort" num="sg" pos="noun" postag="N(soort,ev,basis,onz,stan)" pt="n" rel="hd" rnum="sg" root="syndroom" sense="syndroom" word="syndroom"/>
          <node begin="3" cat="pp" end="5" id="8" rel="mod">
            <node begin="3" end="4" frame="preposition(van,[af,uit,vandaan,[af,aan]])" his="normal" his_1="normal" id="9" lcat="pp" lemma="van" pos="prep" postag="VZ(init)" pt="vz" rel="hd" root="van" sense="van" vztype="init" word="van"/>
            <node begin="4" end="5" frame="proper_name(sg)" genus="genus" getal="ev" graad="basis" his="normal" his_1="names_dictionary" id="10" lcat="np" lemma="Down" naamval="stan" neclass="MISC" ntype="eigen" num="sg" pos="name" postag="N(eigen,ev,basis,genus,stan)" pt="n" rel="obj1" rnum="sg" root="Down" sense="Down" word="Down"/>
          </node>
        </node>
      </node>
      <node begin="5" buiging="zonder" end="6" frame="verb(hebben,psp,ninv(transitive,part_transitive(dood)))" his="normal" his_1="part-V" id="11" infl="psp" lcat="ppart" lemma="dood_schieten" pos="verb" positie="vrij" postag="WW(vd,vrij,zonder)" pt="ww" rel="hd" root="schiet_dood" sc="part_transitive(dood)" sense="schiet_dood" word="doodgeschoten" wvorm="vd"/>
      <node begin="6" cat="pp" end="8" id="12" rel="mod">
        <node begin="6" end="7" frame="preposition(door,[heen])" his="normal" his_1="normal" id="13" lcat="pp" lemma="door" pos="prep" postag="VZ(init)" pt="vz" rel="hd" root="door" sense="door" vztype="init" word="door"/>
        <node begin="7" end="8" frame="noun(de,mass,sg)" gen="de" genus="zijd" getal="ev" graad="basis" his="normal" his_1="normal" id="14" lcat="np" lemma="politie" naamval="stan" ntype="soort" num="sg" pos="noun" postag="N(soort,ev,basis,zijd,stan)" pt="n" rel="obj1" rnum="sg" root="politie" sense="politie" word="politie"/>
      </node>
      <node begin="9" cat="cp" end="15" id="15" rel="mod">
        <node begin="9" conjtype="onder" end="10" frame="complementizer" his="normal" his_1="normal" id="16" lcat="cp" lemma="nadat" pos="comp" postag="VG(onder)" pt="vg" rel="cmp" root="nadat" sense="nadat" word="nadat"/>
        <node begin="10" cat="ssub" end="15" id="17" rel="body">
          <node begin="10" case="nom" def="def" end="11" frame="pronoun(nwh,thi,sg,de,nom,def)" gen="de" genus="masc" getal="ev" his="normal" his_1="normal" id="18" lcat="np" lemma="hij" naamval="nomin" num="sg" pdtype="pron" per="thi" persoon="3" pos="pron" postag="VNW(pers,pron,nomin,vol,3,ev,masc)" pt="vnw" rel="su" rnum="sg" root="hij" sense="hij" status="vol" vwtype="pers" wh="nwh" word="hij"/>
          <node begin="11" end="12" frame="noun(het,count,sg)" gen="het" genus="onz" getal="ev" graad="basis" his="normal" his_1="normal" id="19" lcat="np" lemma="huis" naamval="stan" ntype="soort" num="sg" pos="noun" postag="N(soort,ev,basis,onz,stan)" pt="n" rel="obj1" rnum="sg" root="huis" sense="huis" word="huis"/>
          <node begin="12" end="13" frame="verb(unacc,past(sg),transitive)" his="normal" his_1="normal" id="20" infl="sg" lcat="ssub" lemma="ontvluchten" pos="verb" postag="WW(pv,verl,ev)" pt="ww" pvagr="ev" pvtijd="verl" rel="hd" root="ontvlucht" sc="transitive" sense="ontvlucht" tense="past" word="ontvluchtte" wvorm="pv"/>
          <node begin="13" cat="pp" end="15" id="21" rel="mod">
            <node begin="13" end="14" frame="preposition(met,[mee,[en,al]])" his="normal" his_1="normal" id="22" lcat="pp" lemma="met" pos="prep" postag="VZ(init)" pt="vz" rel="hd" root="met" sense="met" vztype="init" word="met"/>
            <node begin="14" end="15" frame="noun(het,count,sg)" gen="het" genus="onz" getal="ev" graad="basis" his="compound" his_1="2" id="23" lcat="np" lemma="speelgoed_geweer" naamval="stan" ntype="soort" num="sg" pos="noun" postag="N(soort,ev,basis,onz,stan)" pt="n" rel="obj1" rnum="sg" root="speelgoed_geweer" sense="speelgoed_geweer" word="speelgoedgeweer"/>
          </node>
        </node>
      </node>
    </node>
  </node>
  <sentence sentid="1">Jongeman met syndroom van Down doodgeschoten door politie , nadat hij huis ontvluchtte met speelgoedgeweer</sentence>
  <comments>
    <comment>Q#1|Jongeman met syndroom van Down doodgeschoten door politie , nadat hij huis ontvluchtte met speelgoedgeweer|1|1|-1.214119903389991</comment>
  </comments>
</alpino_ds>
