<?xml version="1.0" encoding="UTF-8"?>
<alpino_ds version="1.6">
  <parser cats="1" skips="0" />
  <node begin="0" cat="top" end="23" id="0" rel="top">
    <node begin="12" end="13" frame="punct(komma)" his="normal" his_1="normal" id="1" lcat="punct" lemma="," pos="punct" postag="LET()" pt="let" rel="--" root="," sense="," special="komma" word=","/>
    <node begin="0" cat="smain" end="22" id="2" rel="--">
      <node begin="0" cat="np" end="7" id="3" index="1" rel="su">
        <node begin="0" end="1" frame="determiner(een)" his="normal" his_1="decap" his_1_1="normal" id="4" infl="een" lcat="detp" lemma="een" lwtype="onbep" naamval="stan" npagr="agr" pos="det" postag="LID(onbep,stan,agr)" pt="lid" rel="det" root="een" sense="een" word="Een"/>
        <node begin="1" end="2" frame="noun(de,count,bare_meas)" gen="de" genus="zijd" getal="ev" graad="basis" his="normal" his_1="normal" id="5" lcat="np" lemma="man" naamval="stan" ntype="soort" num="bare_meas" pos="noun" postag="N(soort,ev,basis,zijd,stan)" pt="n" rel="hd" rnum="sg" root="man" sense="man" word="man"/>
        <node begin="2" cat="pp" end="7" id="6" rel="mod">
          <node begin="2" end="3" frame="preposition(met,[mee,[en,al]])" his="normal" his_1="normal" id="7" lcat="pp" lemma="met" pos="prep" postag="VZ(init)" pt="vz" rel="hd" root="met" sense="met" vztype="init" word="met"/>
          <node begin="3" cat="np" end="7" id="8" rel="obj1">
            <node begin="3" end="4" frame="determiner(het,nwh,nmod,pro,nparg,wkpro)" his="normal" his_1="normal" id="9" infl="het" lcat="detp" lemma="het" lwtype="bep" naamval="stan" npagr="evon" pos="det" postag="LID(bep,stan,evon)" pt="lid" rel="det" root="het" sense="het" wh="nwh" word="het"/>
            <node begin="4" end="5" frame="noun(het,count,sg)" gen="het" genus="onz" getal="ev" graad="basis" his="normal" his_1="normal" id="10" lcat="np" lemma="syndroom" naamval="stan" ntype="soort" num="sg" pos="noun" postag="N(soort,ev,basis,onz,stan)" pt="n" rel="hd" rnum="sg" root="syndroom" sense="syndroom" word="syndroom"/>
            <node begin="5" cat="pp" end="7" id="11" rel="mod">
              <node begin="5" end="6" frame="preposition(van,[af,uit,vandaan,[af,aan]])" his="normal" his_1="normal" id="12" lcat="pp" lemma="van" pos="prep" postag="VZ(init)" pt="vz" rel="hd" root="van" sense="van" vztype="init" word="van"/>
              <node begin="6" end="7" frame="proper_name(sg)" genus="genus" getal="ev" graad="basis" his="normal" his_1="names_dictionary" id="13" lcat="np" lemma="Down" naamval="stan" neclass="MISC" ntype="eigen" num="sg" pos="name" postag="N(eigen,ev,basis,genus,stan)" pt="n" rel="obj1" rnum="sg" root="Down" sense="Down" word="Down"/>
            </node>
          </node>
        </node>
      </node>
      <node begin="7" end="8" frame="verb(unacc,sg_heeft,passive)" his="normal" his_1="normal" id="14" infl="sg_heeft" lcat="smain" lemma="zijn" pos="verb" postag="WW(pv,tgw,ev)" pt="ww" pvagr="ev" pvtijd="tgw" rel="hd" root="ben" sc="passive" sense="ben" stype="declarative" tense="present" word="is" wvorm="pv"/>
      <node begin="0" cat="ppart" end="22" id="15" rel="vc">
        <node begin="0" end="7" id="16" index="1" rel="obj1"/>
        <node begin="8" buiging="zonder" end="9" frame="verb(hebben,psp,ninv(transitive,part_transitive(neer)))" his="normal" his_1="part-V" id="17" infl="psp" lcat="ppart" lemma="neer_schieten" pos="verb" positie="vrij" postag="WW(vd,vrij,zonder)" pt="ww" rel="hd" root="schiet_neer" sc="part_transitive(neer)" sense="schiet_neer" word="neergeschoten" wvorm="vd"/>
        <node begin="9" cat="pp" end="12" id="18" rel="mod">
          <node begin="9" end="10" frame="preposition(door,[heen])" his="normal" his_1="normal" id="19" lcat="pp" lemma="door" pos="prep" postag="VZ(init)" pt="vz" rel="hd" root="door" sense="door" vztype="init" word="door"/>
          <node begin="10" cat="np" end="12" id="20" rel="obj1">
            <node begin="10" end="11" frame="determiner(de)" his="normal" his_1="normal" id="21" infl="de" lcat="detp" lemma="de" lwtype="bep" naamval="stan" npagr="rest" pos="det" postag="LID(bep,stan,rest)" pt="lid" rel="det" root="de" sense="de" word="de"/>
            <node begin="11" end="12" frame="noun(de,mass,sg)" gen="de" genus="zijd" getal="ev" graad="basis" his="normal" his_1="normal" id="22" lcat="np" lemma="politie" naamval="stan" ntype="soort" num="sg" pos="noun" postag="N(soort,ev,basis,zijd,stan)" pt="n" rel="hd" rnum="sg" root="politie" sense="politie" word="politie"/>
          </node>
        </node>
        <node begin="13" cat="cp" end="22" id="23" rel="mod">
          <node begin="13" conjtype="onder" end="14" frame="complementizer" his="normal" his_1="normal" id="24" lcat="cp" lemma="nadat" pos="comp" postag="VG(onder)" pt="vg" rel="cmp" root="nadat" sense="nadat" word="nadat"/>
          <node begin="14" cat="ssub" end="22" id="25" rel="body">
            <node begin="14" case="nom" def="def" end="15" frame="pronoun(nwh,thi,sg,de,nom,def)" gen="de" genus="masc" getal="ev" his="normal" his_1="normal" id="26" lcat="np" lemma="hij" naamval="nomin" num="sg" pdtype="pron" per="thi" persoon="3" pos="pron" postag="VNW(pers,pron,nomin,vol,3,ev,masc)" pt="vnw" rel="su" rnum="sg" root="hij" sense="hij" status="vol" vwtype="pers" wh="nwh" word="hij"/>
            <node begin="15" cat="pp" end="18" id="27" rel="mod">
              <node begin="15" end="16" frame="preposition(met,[mee,[en,al]])" his="normal" his_1="normal" id="28" lcat="pp" lemma="met" pos="prep" postag="VZ(init)" pt="vz" rel="hd" root="met" sense="met" vztype="init" word="met"/>
              <node begin="16" cat="np" end="18" id="29" rel="obj1">
                <node begin="16" end="17" frame="determiner(een)" his="normal" his_1="normal" id="30" infl="een" lcat="detp" lemma="een" lwtype="onbep" naamval="stan" npagr="agr" pos="det" postag="LID(onbep,stan,agr)" pt="lid" rel="det" root="een" sense="een" word="een"/>
                <node begin="17" end="18" frame="noun(het,count,sg)" gen="het" genus="onz" getal="ev" graad="basis" his="compound" his_1="2" id="31" lcat="np" lemma="speelgoed_geweer" naamval="stan" ntype="soort" num="sg" pos="noun" postag="N(soort,ev,basis,onz,stan)" pt="n" rel="hd" rnum="sg" root="speelgoed_geweer" sense="speelgoed_geweer" word="speelgoedgeweer"/>
              </node>
            </node>
            <node begin="18" cat="pp" end="21" id="32" rel="ld">
              <node begin="18" end="19" frame="preposition(in,[])" his="normal" his_1="normal" id="33" lcat="pp" lemma="in" pos="prep" postag="VZ(init)" pt="vz" rel="hd" root="in" sense="in" vztype="init" word="in"/>
              <node begin="19" cat="np" end="21" id="34" rel="obj1">
                <node begin="19" buiging="zonder" end="20" frame="determiner(pron)" getal="mv" his="normal" his_1="normal" id="35" infl="pron" lcat="detp" lemma="hun" naamval="stan" npagr="agr" pdtype="det" persoon="3" pos="det" positie="prenom" postag="VNW(bez,det,stan,vol,3,mv,prenom,zonder,agr)" pron="true" pt="vnw" rel="det" root="hun" sense="hun" status="vol" vwtype="bez" word="hun"/>
                <node begin="20" end="21" frame="noun(de,count,sg)" gen="de" genus="zijd" getal="ev" graad="basis" his="normal" his_1="normal" id="36" lcat="np" lemma="richting" naamval="stan" ntype="soort" num="sg" pos="noun" postag="N(soort,ev,basis,zijd,stan)" pt="n" rel="hd" rnum="sg" root="richting" sense="richting" word="richting"/>
              </node>
            </node>
            <node begin="21" end="22" frame="verb(zijn,past(sg),ld_pp)" his="normal" his_1="normal" id="37" infl="sg" lcat="ssub" lemma="komen" pos="verb" postag="WW(pv,verl,ev)" pt="ww" pvagr="ev" pvtijd="verl" rel="hd" root="kom" sc="ld_pp" sense="kom" tense="past" word="kwam" wvorm="pv"/>
          </node>
        </node>
      </node>
    </node>
    <node begin="22" end="23" frame="punct(punt)" his="normal" his_1="normal" id="38" lcat="punct" lemma="." pos="punct" postag="LET()" pt="let" rel="--" root="." sense="." special="punt" word="."/>
  </node>
  <sentence sentid="2">Een man met het syndroom van Down is neergeschoten door de politie , nadat hij met een speelgoedgeweer in hun richting kwam .</sentence>
  <comments>
    <comment>Q#2|Een man met het syndroom van Down is neergeschoten door de politie , nadat hij met een speelgoedgeweer in hun richting kwam .|1|1|-13.815065977659998</comment>
  </comments>
</alpino_ds>
