<?xml version="1.0" encoding="UTF-8"?>
<alpino_ds version="1.6">
  <parser cats="1" skips="0" />
  <node begin="0" cat="top" end="31" id="0" rel="top">
    <node begin="8" end="9" frame="punct(haak_open)" his="normal" his_1="normal" id="1" lcat="punct" lemma="(" pos="punct" postag="LET()" pt="let" rel="--" root="(" sense="(" special="haak_open" word="("/>
    <node begin="10" end="11" frame="punct(haak_sluit)" his="normal" his_1="normal" id="2" lcat="punct" lemma=")" pos="punct" postag="LET()" pt="let" rel="--" root=")" sense=")" special="haak_sluit" word=")"/>
    <node begin="16" end="17" frame="punct(komma)" his="normal" his_1="normal" id="3" lcat="punct" lemma="," pos="punct" postag="LET()" pt="let" rel="--" root="," sense="," special="komma" word=","/>
    <node begin="0" cat="smain" end="30" id="4" rel="--">
      <node begin="0" cat="pp" end="5" id="5" rel="mod">
        <node begin="0" end="1" frame="preposition(volgens,[])" his="normal" his_1="decap" his_1_1="normal" id="6" lcat="pp" lemma="volgens" pos="prep" postag="VZ(init)" pt="vz" rel="hd" root="volgens" sense="volgens" vztype="init" word="Volgens"/>
        <node begin="1" cat="np" end="5" id="7" rel="obj1">
          <node begin="1" end="2" frame="determiner(de)" his="normal" his_1="normal" id="8" infl="de" lcat="detp" lemma="de" lwtype="bep" naamval="stan" npagr="rest" pos="det" postag="LID(bep,stan,rest)" pt="lid" rel="det" root="de" sense="de" word="de"/>
          <node begin="2" end="3" frame="noun(de,count,pl)" gen="de" getal="mv" graad="basis" his="normal" his_1="normal" id="9" lcat="np" lemma="agent" ntype="soort" num="pl" pos="noun" postag="N(soort,mv,basis)" pt="n" rel="hd" rnum="pl" root="agent" sense="agent" word="agenten"/>
          <node begin="3" cat="pp" end="5" id="10" rel="mod">
            <node begin="3" end="4" frame="preposition(uit,[vandaan])" his="normal" his_1="normal" id="11" lcat="pp" lemma="uit" pos="prep" postag="VZ(init)" pt="vz" rel="hd" root="uit" sense="uit" vztype="init" word="uit"/>
            <node begin="4" end="5" frame="proper_name(sg,'LOC')" genus="onz" getal="ev" graad="basis" his="normal" his_1="names_dictionary" id="12" lcat="np" lemma="Stockholm" naamval="stan" neclass="LOC" ntype="eigen" num="sg" pos="name" postag="N(eigen,ev,basis,onz,stan)" pt="n" rel="obj1" rnum="sg" root="Stockholm" sense="Stockholm" word="Stockholm"/>
          </node>
        </node>
      </node>
      <node begin="5" end="6" frame="verb(hebben,past(sg),refl)" his="normal" his_1="normal" id="13" infl="sg" lcat="smain" lemma="gedragen" pos="verb" postag="WW(pv,verl,ev)" pt="ww" pvagr="ev" pvtijd="verl" rel="hd" root="gedraag" sc="refl" sense="zich-gedraag" stype="declarative" tense="past" word="gedroeg" wvorm="pv"/>
      <node begin="6" cat="np" end="10" id="14" rel="su">
        <node begin="6" cat="mwu" end="8" his="name" his_1="not_begin" id="15" mwu_root="Eric Torrell" mwu_sense="Eric Torrell" rel="hd">
          <node begin="6" end="7" frame="proper_name(sg,'PER')" id="16" lcat="np" lemma="Eric" neclass="PER" num="sg" pos="name" postag="SPEC(deeleigen)" pt="spec" rel="mwp" rnum="sg" root="Eric" sense="Eric" spectype="deeleigen" word="Eric"/>
          <node begin="7" end="8" frame="proper_name(sg,'PER')" id="17" lcat="np" lemma="Torrell" neclass="PER" num="sg" pos="name" postag="SPEC(deeleigen)" pt="spec" rel="mwp" rnum="sg" root="Torrell" sense="Torrell" spectype="deeleigen" word="Torrell"/>
        </node>
        <node begin="9" end="10" frame="number(hoofd(pl_num))" his="normal" his_1="normal" id="18" infl="pl_num" lcat="np" lemma="20" numtype="hoofd" pos="num" positie="vrij" postag="TW(hoofd,vrij)" pt="tw" rel="mod" rnum="pl" root="20" sense="20" special="hoofd" word="20"/>
      </node>
      <node begin="11" end="12" frame="reflexive(u_thi,both)" getal="getal" his="normal" his_1="normal" id="19" lcat="np" lemma="zich" naamval="obl" num="both" pdtype="pron" per="u_thi" persoon="3" pos="pron" postag="VNW(refl,pron,obl,red,3,getal)" pt="vnw" refl="refl" rel="se" root="zich" sense="zich" status="red" vwtype="refl" word="zich"/>
      <node begin="12" cat="pp" end="30" id="20" rel="mod">
        <node begin="12" end="13" frame="preposition(op,[af,na])" his="normal" his_1="normal" id="21" lcat="pp" lemma="op" pos="prep" postag="VZ(init)" pt="vz" rel="hd" root="op" sense="op" vztype="init" word="op"/>
        <node begin="13" cat="np" end="30" id="22" rel="obj1">
          <node begin="13" end="14" frame="determiner(een)" his="normal" his_1="normal" id="23" infl="een" lcat="detp" lemma="een" lwtype="onbep" naamval="stan" npagr="agr" pos="det" postag="LID(onbep,stan,agr)" pt="lid" rel="det" root="een" sense="een" word="een"/>
          <node aform="base" begin="14" buiging="met-e" end="15" frame="adjective(ende(adv))" his="normal" his_1="normal" id="24" infl="e" lcat="ppres" lemma="bedreigdend" pos="adj" positie="prenom" postag="WW(od,prenom,met-e)" pt="ww" rel="mod" root="bedreigdend" sense="bedreigdend" vform="gerund" word="bedreigende" wvorm="od"/>
          <node begin="15" end="16" frame="noun(de,count,sg)" gen="de" genus="zijd" getal="ev" graad="basis" his="normal" his_1="normal" id="25" lcat="np" lemma="manier" naamval="stan" ntype="soort" num="sg" pos="noun" postag="N(soort,ev,basis,zijd,stan)" pt="n" rel="hd" rnum="sg" root="manier" sense="manier" word="manier"/>
          <node begin="17" cat="rel" end="30" id="26" rel="mod">
            <node begin="17" end="18" frame="waar_adverb(na)" his="normal" his_1="normal" id="27" index="1" lcat="pp" lemma="waarna" pos="pp" postag="BW()" pt="bw" rel="rhd" root="waarna" sense="waarna" special="waar" word="waarna"/>
            <node begin="17" cat="ssub" end="30" id="28" rel="body">
              <node begin="17" end="18" id="29" index="1" rel="mod"/>
              <node begin="18" case="both" def="def" end="19" frame="pronoun(nwh,thi,both,de,both,def,wkpro)" gen="de" getal="mv" his="normal" his_1="normal" id="30" lcat="np" lemma="ze" naamval="stan" num="both" pdtype="pron" per="thi" persoon="3" pos="pron" postag="VNW(pers,pron,stan,red,3,mv)" pt="vnw" rel="su" rnum="pl" root="ze" sense="ze" special="wkpro" status="red" vwtype="pers" wh="nwh" word="ze"/>
              <node begin="19" cat="pp" end="21" id="31" rel="mod">
                <node begin="19" end="20" frame="preposition(op,[af,na])" his="normal" his_1="normal" id="32" lcat="pp" lemma="op" pos="prep" postag="VZ(init)" pt="vz" rel="hd" root="op" sense="op" vztype="init" word="op"/>
                <node begin="20" end="21" frame="tmp_noun(de,count,sg)" gen="de" genus="zijd" getal="ev" graad="basis" his="normal" his_1="normal" id="33" lcat="np" lemma="donderdag_ochtend" naamval="stan" ntype="soort" num="sg" pos="noun" postag="N(soort,ev,basis,zijd,stan)" pt="n" rel="obj1" rnum="sg" root="donderdag_ochtend" sense="donderdag_ochtend" special="tmp" word="donderdagochtend"/>
              </node>
              <node begin="21" end="22" frame="adverb" his="normal" his_1="normal" id="34" lcat="advp" lemma="niet" pos="adv" postag="BW()" pt="bw" rel="mod" root="niet" sense="niet" word="niet"/>
              <node begin="23" end="24" frame="verb(hebben,past(pl),intransitive)" his="normal" his_1="normal" id="35" infl="pl" lcat="ssub" lemma="kunnen" pos="verb" postag="WW(pv,verl,mv)" pt="ww" pvagr="mv" pvtijd="verl" rel="hd" root="kan" sc="intransitive" sense="kan" tense="past" word="konden" wvorm="pv"/>
              <node begin="22" cat="ap" end="30" id="36" rel="mod">
                <node aform="compar" begin="22" end="23" frame="adjective(anders)" his="normal" his_1="normal" id="37" infl="anders" lcat="ap" lemma="anders" pos="adj" postag="BW()" pt="bw" rel="hd" root="anders" sense="anders" vform="adj" word="anders"/>
                <node begin="24" cat="cp" end="30" id="38" rel="obcomp">
                  <node begin="24" conjtype="onder" end="25" frame="comparative(dan)" his="normal" his_1="normal" id="39" lcat="comparative" lemma="dan" pos="comparative" postag="VG(onder)" pt="vg" rel="cmp" root="dan" sense="dan" word="dan"/>
                  <node begin="25" cat="ti" end="30" id="40" rel="body">
                    <node begin="28" end="29" frame="complementizer(te)" his="normal" his_1="normal" id="41" lcat="ti" lemma="te" pos="comp" postag="VZ(init)" pt="vz" rel="cmp" root="te" sc="te" sense="te" vztype="init" word="te"/>
                    <node begin="25" cat="inf" end="30" id="42" rel="body">
                      <node begin="25" cat="np" end="27" id="43" rel="obj1">
                        <node begin="25" end="26" frame="determiner(de)" his="normal" his_1="normal" id="44" infl="de" lcat="detp" lemma="de" lwtype="bep" naamval="stan" npagr="rest" pos="det" postag="LID(bep,stan,rest)" pt="lid" rel="det" root="de" sense="de" word="de"/>
                        <node begin="26" end="27" frame="noun(de,count,bare_meas)" gen="de" genus="zijd" getal="ev" graad="basis" his="normal" his_1="normal" id="45" lcat="np" lemma="man" naamval="stan" ntype="soort" num="bare_meas" pos="noun" postag="N(soort,ev,basis,zijd,stan)" pt="n" rel="hd" rnum="sg" root="man" sense="man" word="man"/>
                      </node>
                      <node begin="27" end="28" frame="particle(neer)" his="normal" his_1="normal" id="46" lcat="part" lemma="neer" pos="part" postag="BW()" pt="bw" rel="svp" root="neer" sense="neer" word="neer"/>
                      <node begin="29" buiging="zonder" end="30" frame="verb(hebben,inf,part_transitive(neer))" his="normal" his_1="normal" id="47" infl="inf" lcat="inf" lemma="neer_schieten" pos="verb" positie="vrij" postag="WW(inf,vrij,zonder)" pt="ww" rel="hd" root="schiet_neer" sc="part_transitive(neer)" sense="schiet_neer" word="schieten" wvorm="inf"/>
                    </node>
                  </node>
                </node>
              </node>
            </node>
          </node>
        </node>
      </node>
    </node>
    <node begin="30" end="31" frame="punct(punt)" his="normal" his_1="normal" id="48" lcat="punct" lemma="." pos="punct" postag="LET()" pt="let" rel="--" root="." sense="." special="punt" word="."/>
  </node>
  <sentence sentid="3">Volgens de agenten uit Stockholm gedroeg Eric Torrell ( 20 ) zich op een bedreigende manier , waarna ze op donderdagochtend niet anders konden dan de man neer te schieten .</sentence>
  <comments>
    <comment>Q#3|Volgens de agenten uit Stockholm gedroeg Eric Torrell ( 20 ) zich op een bedreigende manier , waarna ze op donderdagochtend niet anders konden dan de man neer te schieten .|1|1|-10.54303176235</comment>
  </comments>
</alpino_ds>
