{"meta": {"id": "MH-DMF20180803_03646589-Jongeman_met_syndroom_van_Down.tsv", "author": "eventdna_anno_3"}, "doc": {"token_string": "Jongeman met syndroom van Down doodgeschoten door politie , nadat hij huis ontvluchtte met speelgoedgeweer Een man met het syndroom van Down is neergeschoten door de politie , nadat hij met een speelgoedgeweer in hun richting kwam . Volgens de agenten uit Stockholm gedroeg Eric Torrell ( 20 ) zich op een bedreigende manier , waarna ze op donderdagochtend niet anders konden dan de man neer te schieten .", "token_ids": [0, 1, 2, 3, 4, 5, 6, 7, 8, 9, 10, 11, 12, 13, 14, 15, 16, 17, 18, 19, 20, 21, 22, 23, 24, 25, 26, 27, 28, 29, 30, 31, 32, 33, 34, 35, 36, 37, 38, 39, 40, 41, 42, 43, 44, 45, 46, 47, 48, 49, 50, 51, 52, 53, 54, 55, 56, 57, 58, 59, 60, 61, 62, 63, 64, 65, 66, 67, 68], "sentences": {"sentence_1": {"token_ids": [0, 1, 2, 3, 4, 5, 6, 7, 8, 9, 10, 11, 12, 13, 14]}, "sentence_2": {"token_ids": [15, 16, 17, 18, 19, 20, 21, 22, 23, 24, 25, 26, 27, 28, 29, 30, 31, 32, 33, 34, 35, 36, 37]}, "sentence_3": {"token_ids": [38, 39, 40, 41, 42, 43, 44, 45, 46, 47, 48, 49, 50, 51, 52, 53, 54, 55, 56, 57, 58, 59, 60, 61, 62, 63, 64, 65, 66, 67, 68]}}, "annotations": {"entities": {"entity_1": {"type": "entity", "string": "Jongeman met syndroom van Down", "features": {"type": "PER", "span": [0, 1, 2, 3, 4], "individuality": "INDIV", "mention_level_type": "NOM", "head": {"type": "entityHead", "string": "Jongeman", "features": {"span": [0]}}}, "home_sentence": "sentence_1"}, "entity_2": {"type": "entity", "string": "politie", "features": {"type": "ORG", "span": [7], "individuality": "INDIV", "mention_level_type": "NOM", "head": {"type": "entityHead", "string": "politie", "features": {"span": [7]}}}, "home_sentence": "sentence_1"}, "entity_3": {"type": "entity", "string": "hij", "features": {"type": "PER", "span": [10], "individuality": "INDIV", "mention_level_type": "PRON", "head": {"type": "entityHead", "string": "hij", "features": {"span": [10]}}}, "home_sentence": "sentence_1"}, "entity_4": {"type": "entity", "string": "Een man met het syndroom van Down", "features": {"type": "PER", "span": [15, 16, 17, 18, 19, 20, 21], "individuality": "INDIV", "mention_level_type": "NOM", "head": {"type": "entityHead", "string": "man", "features": {"span": [16]}}}, "home_sentence": "sentence_2"}, "entity_5": {"type": "entity", "string": "de politie", "features": {"type": "ORG", "span": [25, 26], "individuality": "INDIV", "mention_level_type": "NOM", "head": {"type": "entityHead", "string": "politie", "features": {"span": [26]}}}, "home_sentence": "sentence_2"}, "entity_6": {"type": "entity", "string": "hij", "features": {"type": "PER", "span": [29], "individuality": "INDIV", "mention_level_type": "PRON", "head": {"type": "entityHead", "string": "hij", "features": {"span": [29]}}}, "home_sentence": "sentence_2"}, "entity_7": {"type": "entity", "string": "hun", "features": {"type": "ORG", "span": [34], "individuality": "INDIV", "mention_level_type": "PRON", "head": {"type": "entityHead", "string": "hun", "features": {"span": [34]}}}, "home_sentence": "sentence_2"}, "entity_8": {"type": "entity", "string": "de agenten uit Stockholm", "features": {"type": "PER", "span": [39, 40, 41, 42], "individuality": "GROUP", "mention_level_type": "NOM", "head": {"type": "entityHead", "string": "agenten", "features": {"span": [40]}}}, "home_sentence": "sentence_3"}, "entity_9": {"type": "entity", "string": "Stockholm", "features": {"type": "LOC", "span": [42], "individuality": "INDIV", "mention_level_type": "NAM", "head": {"type": "entityHead", "string": "Stockholm", "features": {"span": [42]}}}, "home_sentence": "sentence_3"}, "entity_10": {"type": "entity", "string": "Eric Torrell", "features": {"type": "PER", "span": [44, 45], "individuality": "INDIV", "mention_level_type": "NAM", "head": {"type": "entityHead", "string": "Eric Torrell", "features": {"span": [44, 45]}}}, "home_sentence": "sentence_3"}, "entity_11": {"type": "entity", "string": "ze", "features": {"type": "ORG", "span": [56], "individuality": "INDIV", "mention_level_type": "PRON", "head": {"type": "entityHead", "string": "ze", "features": {"span": [56]}}}, "home_sentence": "sentence_3"}, "entity_12": {"type": "entity", "string": "de man", "features": {"type": "PER", "span": [63, 64], "individuality": "INDIV", "mention_level_type": "NOM", "head": {"type": "entityHead", "string": "man", "features": {"span": [64]}}}, "home_sentence": "sentence_3"}}, "events": {"event_1": {"annotation_type": "event", "string": "Jongeman met syndroom van Down doodgeschoten door politie", "features": {"span": [0, 1, 2, 3, 4, 5, 6, 7], "arguments": [{"string": "Jongeman met syndroom van Down", "features": {"span": [0, 1, 2, 3, 4], "argument_entity_type": "PER", "argument_role": "Victim"}}, {"string": "politie", "features": {"span": [7], "argument_entity_type": "ORG", "argument_role": "Agent"}}], "type": "Life", "subtype": "Die", "modality": "Asserted", "pos_neg": "Positive", "prominence": "Main", "tense": "Past"}, "home_sentence": "sentence_1"}, "event_2": {"annotation_type": "event", "string": "Jongeman met syndroom van Down doodgeschoten door politie", "features": {"span": [0, 1, 2, 3, 4, 5, 6, 7], "arguments": [{"string": "Jongeman met syndroom van Down", "features": {"span": [0, 1, 2, 3, 4], "argument_entity_type": "PER", "argument_role": "Target"}}, {"string": "politie", "features": {"span": [7], "argument_entity_type": "ORG", "argument_role": "Attacker"}}], "type": "Conflict", "subtype": "Attack", "modality": "Asserted", "pos_neg": "Positive", "prominence": "Main", "tense": "Past"}, "home_sentence": "sentence_1"}, "event_3": {"annotation_type": "event", "string": "Een man met het syndroom van Down is neergeschoten door de politie", "features": {"span": [15, 16, 17, 18, 19, 20, 21, 22, 23, 24, 25, 26], "arguments": [{"string": "de politie", "features": {"span": [25, 26], "argument_entity_type": "ORG", "argument_role": "Agent"}}, {"string": "Een man met het syndroom van Down", "features": {"span": [15, 16, 17, 18, 19, 20, 21], "argument_entity_type": "PER", "argument_role": "Victim"}}], "type": "Life", "subtype": "Die", "modality": "Asserted", "pos_neg": "Positive", "prominence": "Main", "tense": "Past"}, "home_sentence": "sentence_2"}, "event_4": {"annotation_type": "event", "string": "Een man met het syndroom van Down is neergeschoten door de politie", "features": {"span": [15, 16, 17, 18, 19, 20, 21, 22, 23, 24, 25, 26], "arguments": [{"string": "de politie", "features": {"span": [25, 26], "argument_entity_type": "ORG", "argument_role": "Attacker"}}, {"string": "Een man met het syndroom van Down", "features": {"span": [15, 16, 17, 18, 19, 20, 21], "argument_entity_type": "PER", "argument_role": "Target"}}], "type": "Conflict", "subtype": "Attack", "modality": "Asserted", "pos_neg": "Positive", "prominence": "Main", "tense": "Past"}, "home_sentence": "sentence_2"}, "event_5": {"annotation_type": "event", "string": "hij met een speelgoedgeweer in hun richting kwam", "features": {"span": [29, 30, 31, 32, 33, 34, 35, 36], "arguments": [{"string": "hun", "features": {"span": [34], "argument_entity_type": "ORG", "argument_role": "Entity"}}, {"string": "hij", "features": {"span": [29], "argument_entity_type": "PER", "argument_role": "Entity"}}], "type": "Conflict", "subtype": "Conflict", "modality": "Asserted", "pos_neg": "Positive", "prominence": "Background", "tense": "Past"}, "home_sentence": "sentence_2"}, "event_6": {"annotation_type": "event", "string": "ze op donderdagochtend niet anders konden dan de man neer te schieten", "features": {"span": [56, 57, 58, 59, 60, 61, 62, 63, 64, 65, 66, 67], "arguments": [{"string": "de man", "features": {"span": [63, 64], "argument_entity_type": "PER", "argument_role": "Victim"}}, {"string": "ze", "features": {"span": [56], "argument_entity_type": "ORG", "argument_role": "Agent"}}, {"string": "donderdagochtend", "features": {"span": [58], "argument_entity_type": "time", "argument_role": "Time"}}], "type": "Life", "subtype": "Die", "modality": "Asserted", "pos_neg": "Positive", "prominence": "Main", "tense": "Past"}, "home_sentence": "sentence_3"}, "event_7": {"annotation_type": "event", "string": "ze op donderdagochtend niet anders konden dan de man neer te schieten", "features": {"span": [56, 57, 58, 59, 60, 61, 62, 63, 64, 65, 66, 67], "arguments": [{"string": "donderdagochtend", "features": {"span": [58], "argument_entity_type": "time", "argument_role": "Time"}}, {"string": "de man", "features": {"span": [63, 64], "argument_entity_type": "PER", "argument_role": "Target"}}, {"string": "ze", "features": {"span": [56], "argument_entity_type": "ORG", "argument_role": "Attacker"}}], "type": "Conflict", "subtype": "Attack", "modality": "Asserted", "pos_neg": "Positive", "prominence": "Main", "tense": "Past"}, "home_sentence": "sentence_3"}}, "coreference": {"entities": {"coref_bucket_1": ["entity_4", "entity_1", "entity_3"], "coref_bucket_2": ["entity_4", "entity_6", "entity_1", "entity_3"], "coref_bucket_3": ["entity_5", "entity_7", "entity_2"], "coref_bucket_4": ["entity_4", "entity_6", "entity_10", "entity_3"], "coref_bucket_5": ["entity_8", "entity_5", "entity_7", "entity_2"], "coref_bucket_6": ["entity_8", "entity_5", "entity_7", "entity_11"], "coref_bucket_7": ["entity_4", "entity_6", "entity_10", "entity_12"], "coref_bucket_8": ["entity_8", "entity_7", "entity_11"], "coref_bucket_9": ["entity_12", "entity_10", "entity_6"]}, "events": {"coref_bucket_10": ["event_6", "event_3", "event_1"], "coref_bucket_11": ["event_7", "event_4", "event_2"]}}, "iptc_codes": {"certain": [[["medtop:20000056", "armed conflict"], ["medtop:16000000", "conflict, war and peace"]], [["medtop:20000133", "police"], ["medtop:20000129", "law enforcement"], ["medtop:02000000", "crime, law and justice"]], [["medtop:20000099", "homicide"], ["medtop:20000082", "crime"], ["medtop:02000000", "crime, law and justice"]]], "uncertain": []}}}}