{"meta": {"id": "MH-DMF20180328_03435018-Duizenden_betogen_in_Parijs_tegen.tsv", "author": "eventdna_anno_4"}, "doc": {"token_string": "Duizenden betogen in Parijs tegen antisemitisme In de Franse hoofdstad Parijs zijn woensdagavond duizenden mensen op straat gekomen voor een ' witte mars ' tegen antisemitisme , na de moord op een 85-jarige joodse vrouw . Toen enkele politici zich bij het protest wilden aansluiten , raakte de sfeer gespannen .", "token_ids": [0, 1, 2, 3, 4, 5, 6, 7, 8, 9, 10, 11, 12, 13, 14, 15, 16, 17, 18, 19, 20, 21, 22, 23, 24, 25, 26, 27, 28, 29, 30, 31, 32, 33, 34, 35, 36, 37, 38, 39, 40, 41, 42, 43, 44, 45, 46, 47, 48, 49, 50], "sentences": {"sentence_1": {"token_ids": [0, 1, 2, 3, 4, 5]}, "sentence_2": {"token_ids": [6, 7, 8, 9, 10, 11, 12, 13, 14, 15, 16, 17, 18, 19, 20, 21, 22, 23, 24, 25, 26, 27, 28, 29, 30, 31, 32, 33, 34, 35]}, "sentence_3": {"token_ids": [36, 37, 38, 39, 40, 41, 42, 43, 44, 45, 46, 47, 48, 49, 50]}}, "annotations": {"entities": {"entity_1": {"type": "entity", "string": "Parijs", "features": {"type": "LOC", "span": [3], "individuality": "INDIV", "mention_level_type": "NAM", "head": {"type": "entityHead", "string": "Parijs", "features": {"span": [3]}}}, "home_sentence": "sentence_1"}, "entity_2": {"type": "entity", "string": "Franse", "features": {"type": "LOC", "span": [8], "individuality": "INDIV", "mention_level_type": "NAM", "head": {"type": "entityHead", "string": "Franse", "features": {"span": [8]}}}, "home_sentence": "sentence_2"}, "entity_3": {"type": "entity", "string": "Parijs", "features": {"type": "LOC", "span": [10], "individuality": "INDIV", "mention_level_type": "NAM", "head": {"type": "entityHead", "string": "Parijs", "features": {"span": [10]}}}, "home_sentence": "sentence_2"}, "entity_4": {"type": "entity", "string": "een 85-jarige joodse vrouw", "features": {"type": "PER", "span": [31, 32, 33, 34], "individuality": "INDIV", "mention_level_type": "NOM", "head": {"type": "entityHead", "string": "vrouw", "features": {"span": [34]}}}, "home_sentence": "sentence_2"}, "entity_5": {"type": "entity", "string": "enkele politici", "features": {"type": "PER", "span": [37, 38], "individuality": "GROUP", "mention_level_type": "NOM", "head": {"type": "entityHead", "string": "politici", "features": {"span": [38]}}}, "home_sentence": "sentence_3"}}, "events": {"event_1": {"annotation_type": "event", "string": "Duizenden betogen in Parijs tegen antisemitisme", "features": {"span": [0, 1, 2, 3, 4, 5], "arguments": [{"string": "Parijs", "features": {"span": [3], "argument_entity_type": "LOC", "argument_role": "Place"}}], "type": "Conflict", "subtype": "Demonstrate", "modality": "Asserted", "pos_neg": "Positive", "prominence": "Main", "tense": "Present"}, "home_sentence": "sentence_1"}, "event_2": {"annotation_type": "event", "string": "In de Franse hoofdstad Parijs zijn woensdagavond duizenden mensen op straat gekomen voor een ' witte mars ' tegen antisemitisme", "features": {"span": [6, 7, 8, 9, 10, 11, 12, 13, 14, 15, 16, 17, 18, 19, 20, 21, 22, 23, 24, 25], "arguments": [{"string": "Parijs", "features": {"span": [10], "argument_entity_type": "LOC", "argument_role": "Place"}}, {"string": "woensdagavond", "features": {"span": [12], "argument_entity_type": "time", "argument_role": "Time"}}], "type": "Conflict", "subtype": "Demonstrate", "modality": "Asserted", "pos_neg": "Positive", "prominence": "Main", "tense": "Present"}, "home_sentence": "sentence_2"}, "event_3": {"annotation_type": "event", "string": "de moord op een 85-jarige joodse vrouw", "features": {"span": [28, 29, 30, 31, 32, 33, 34], "arguments": [{"string": "een 85-jarige joodse vrouw", "features": {"span": [31, 32, 33, 34], "argument_entity_type": "PER", "argument_role": "Victim"}}], "type": "Life", "subtype": "Die", "modality": "Asserted", "pos_neg": "Positive", "prominence": "Background", "tense": "Past"}, "home_sentence": "sentence_2"}, "event_4": {"annotation_type": "event", "string": "enkele politici zich bij het protest wilden aansluiten", "features": {"span": [37, 38, 39, 40, 41, 42, 43, 44], "arguments": [{"string": "enkele politici", "features": {"span": [37, 38], "argument_entity_type": "PER", "argument_role": "DemonstrateEntity"}}], "type": "Conflict", "subtype": "Demonstrate", "modality": "Asserted", "pos_neg": "Positive", "prominence": "Background", "tense": "Past"}, "home_sentence": "sentence_3"}}, "coreference": {"entities": {"coref_bucket_1": ["entity_3", "entity_1"]}, "events": {"coref_bucket_2": ["event_1", "event_2"]}}, "iptc_codes": {"certain": [[["medtop:14000000", "society"]], [["medtop:20000802", "social problem"], ["medtop:14000000", "society"]], [["medtop:20000657", "religious belief"], ["medtop:12000000", "religion and belief"]], [["medtop:20000679", "Judaism"], ["medtop:20000657", "religious belief"], ["medtop:12000000", "religion and belief"]], [["medtop:20000065", "civil unrest"], ["medtop:16000000", "conflict, war and peace"]], [["medtop:20000066", "demonstration"], ["medtop:20000065", "civil unrest"], ["medtop:16000000", "conflict, war and peace"]]], "uncertain": []}}}}