{"meta": {"id": "MH-DMF20180330_03438683-Moordenaar_Malys_9_heeft_ook.tsv", "author": "eventdna_anno_2"}, "doc": {"token_string": "Moordenaar Ma\u00eblys ( 9 ) heeft ook militair gedood en Franse speurders vrezen dat hij nog meer feiten op zijn kerfstok heeft Nu Nordahl Lelandais ( 35 ) , de moordenaar van het Franse meisje Ma\u00eblys ( 9 ) , donderdagavond ook de moord op een beroepsmilitair heeft bekend , houdt het Franse gerecht er meer een meer rekening mee dat ze met een seriemoordenaar te maken hebben . Alle onopgeloste verdwijningen en moordzaken in de Franse Savoie worden opnieuw bekeken . Ook het dossier over de verdwijning van een 24-jarige Belg .", "token_ids": [0, 1, 2, 3, 4, 5, 6, 7, 8, 9, 10, 11, 12, 13, 14, 15, 16, 17, 18, 19, 20, 21, 22, 23, 24, 25, 26, 27, 28, 29, 30, 31, 32, 33, 34, 35, 36, 37, 38, 39, 40, 41, 42, 43, 44, 45, 46, 47, 48, 49, 50, 51, 52, 53, 54, 55, 56, 57, 58, 59, 60, 61, 62, 63, 64, 65, 66, 67, 68, 69, 70, 71, 72, 73, 74, 75, 76, 77, 78, 79, 80, 81, 82, 83, 84, 85, 86, 87, 88, 89, 90, 91, 92], "sentences": {"sentence_1": {"token_ids": [0, 1, 2, 3, 4, 5, 6, 7, 8, 9, 10, 11, 12, 13, 14, 15, 16, 17, 18, 19, 20, 21]}, "sentence_2": {"token_ids": [22, 23, 24, 25, 26, 27, 28, 29, 30, 31, 32, 33, 34, 35, 36, 37, 38, 39, 40, 41, 42, 43, 44, 45, 46, 47, 48, 49, 50, 51, 52, 53, 54, 55, 56, 57, 58, 59, 60, 61, 62, 63, 64, 65, 66, 67, 68]}, "sentence_3": {"token_ids": [69, 70, 71, 72, 73, 74, 75, 76, 77, 78, 79, 80, 81]}, "sentence_4": {"token_ids": [82, 83, 84, 85, 86, 87, 88, 89, 90, 91, 92]}}, "annotations": {"entities": {"entity_1": {"type": "entity", "string": "Moordenaar Ma\u00eblys", "features": {"type": "PER", "span": [0, 1], "individuality": "INDIV", "mention_level_type": "NOM", "head": {"type": "entityHead", "string": "Moordenaar", "features": {"span": [0]}}}, "home_sentence": "sentence_1"}, "entity_2": {"type": "entity", "string": "Ma\u00eblys", "features": {"type": "PER", "span": [1], "individuality": "INDIV", "mention_level_type": "NAM", "head": {"type": "entityHead", "string": "Ma\u00eblys", "features": {"span": [1]}}}, "home_sentence": "sentence_1"}, "entity_3": {"type": "entity", "string": "militair", "features": {"type": "PER", "span": [7], "individuality": "INDIV", "mention_level_type": "NOM", "head": {"type": "entityHead", "string": "militair", "features": {"span": [7]}}}, "home_sentence": "sentence_1"}, "entity_4": {"type": "entity", "string": "Franse speurders", "features": {"type": "PER", "span": [10, 11], "individuality": "GROUP", "mention_level_type": "NOM", "head": {"type": "entityHead", "string": "speurders", "features": {"span": [11]}}}, "home_sentence": "sentence_1"}, "entity_5": {"type": "entity", "string": "Franse", "features": {"type": "LOC", "span": [10], "individuality": "INDIV", "mention_level_type": "NAM", "head": {"type": "entityHead", "string": "Franse", "features": {"span": [10]}}}, "home_sentence": "sentence_1"}, "entity_6": {"type": "entity", "string": "hij", "features": {"type": "PER", "span": [14], "individuality": "INDIV", "mention_level_type": "PRON", "head": {"type": "entityHead", "string": "hij", "features": {"span": [14]}}}, "home_sentence": "sentence_1"}, "entity_7": {"type": "entity", "string": "zijn", "features": {"type": "PER", "span": [19], "individuality": "INDIV", "mention_level_type": "PRON", "head": {"type": "entityHead", "string": "zijn", "features": {"span": [19]}}}, "home_sentence": "sentence_1"}, "entity_8": {"type": "entity", "string": "Nordahl Lelandais", "features": {"type": "PER", "span": [23, 24], "individuality": "INDIV", "mention_level_type": "NAM", "head": {"type": "entityHead", "string": "Nordahl Lelandais", "features": {"span": [23, 24]}}}, "home_sentence": "sentence_2"}, "entity_9": {"type": "entity", "string": "Franse", "features": {"type": "LOC", "span": [33], "individuality": "INDIV", "mention_level_type": "NAM", "head": {"type": "entityHead", "string": "Franse", "features": {"span": [33]}}}, "home_sentence": "sentence_2"}, "entity_10": {"type": "entity", "string": "Ma\u00eblys", "features": {"type": "PER", "span": [35], "individuality": "INDIV", "mention_level_type": "NAM", "head": {"type": "entityHead", "string": "Ma\u00eblys", "features": {"span": [35]}}}, "home_sentence": "sentence_2"}, "entity_11": {"type": "entity", "string": "een beroepsmilitair", "features": {"type": "PER", "span": [45, 46], "individuality": "INDIV", "mention_level_type": "NOM", "head": {"type": "entityHead", "string": "beroepsmilitair", "features": {"span": [46]}}}, "home_sentence": "sentence_2"}, "entity_12": {"type": "entity", "string": "het Franse gerecht", "features": {"type": "ORG", "span": [51, 52, 53], "individuality": "INDIV", "mention_level_type": "NOM", "head": {"type": "entityHead", "string": "gerecht", "features": {"span": [53]}}}, "home_sentence": "sentence_2"}, "entity_13": {"type": "entity", "string": "Franse", "features": {"type": "LOC", "span": [52], "individuality": "INDIV", "mention_level_type": "NAM", "head": {"type": "entityHead", "string": "Franse", "features": {"span": [52]}}}, "home_sentence": "sentence_2"}, "entity_14": {"type": "entity", "string": "ze", "features": {"type": "ORG", "span": [61], "individuality": "INDIV", "mention_level_type": "PRON", "head": {"type": "entityHead", "string": "ze", "features": {"span": [61]}}}, "home_sentence": "sentence_2"}, "entity_15": {"type": "entity", "string": "een seriemoordenaar", "features": {"type": "PER", "span": [63, 64], "individuality": "INDIV", "mention_level_type": "NOM", "head": {"type": "entityHead", "string": "seriemoordenaar", "features": {"span": [64]}}}, "home_sentence": "sentence_2"}, "entity_16": {"type": "entity", "string": "Franse Savoie", "features": {"type": "LOC", "span": [76, 77], "individuality": "INDIV", "mention_level_type": "NAM", "head": {"type": "entityHead", "string": "Franse Savoie", "features": {"span": [76, 77]}}}, "home_sentence": "sentence_3"}, "entity_17": {"type": "entity", "string": "Franse", "features": {"type": "LOC", "span": [76], "individuality": "INDIV", "mention_level_type": "NAM", "head": {"type": "entityHead", "string": "Franse", "features": {"span": [76]}}}, "home_sentence": "sentence_3"}, "entity_18": {"type": "entity", "string": "een 24-jarige Belg", "features": {"type": "PER", "span": [89, 90, 91], "individuality": "INDIV", "mention_level_type": "NOM", "head": {"type": "entityHead", "string": "Belg", "features": {"span": [91]}}}, "home_sentence": "sentence_4"}, "entity_19": {"type": "entity", "string": "Belg", "features": {"type": "LOC", "span": [91], "individuality": "INDIV", "mention_level_type": "NAM", "head": {"type": "entityHead", "string": "Belg", "features": {"span": [91]}}}, "home_sentence": "sentence_4"}}, "events": {"event_1": {"annotation_type": "event", "string": "Moordenaar Ma\u00eblys ( 9 ) heeft ook militair gedood", "features": {"span": [0, 1, 2, 3, 4, 5, 6, 7, 8], "arguments": [{"string": "Moordenaar Ma\u00eblys", "features": {"span": [0, 1], "argument_entity_type": "PER", "argument_role": "Attacker"}}, {"string": "militair", "features": {"span": [7], "argument_entity_type": "PER", "argument_role": "Target"}}], "type": "Conflict", "subtype": "Attack", "modality": "Asserted", "pos_neg": "Positive", "prominence": "Main", "tense": "Past"}, "home_sentence": "sentence_1"}, "event_2": {"annotation_type": "event", "string": "Moordenaar Ma\u00eblys ( 9 ) heeft ook militair gedood", "features": {"span": [0, 1, 2, 3, 4, 5, 6, 7, 8], "arguments": [{"string": "Moordenaar Ma\u00eblys", "features": {"span": [0, 1], "argument_entity_type": "PER", "argument_role": "Agent"}}, {"string": "militair", "features": {"span": [7], "argument_entity_type": "PER", "argument_role": "Victim"}}], "type": "Life", "subtype": "Die", "modality": "Asserted", "pos_neg": "Positive", "prominence": "Main", "tense": "Past"}, "home_sentence": "sentence_1"}, "event_3": {"annotation_type": "event", "string": "Franse speurders vrezen dat hij nog meer feiten op zijn kerfstok heeft", "features": {"span": [10, 11, 12, 13, 14, 15, 16, 17, 18, 19, 20, 21], "arguments": [{"string": "Franse speurders", "features": {"span": [10, 11], "argument_entity_type": "PER", "argument_role": "Participant"}}], "type": "Unknown", "subtype": "Unknown", "modality": "Asserted", "pos_neg": "Positive", "prominence": "Main", "tense": "Present"}, "home_sentence": "sentence_1"}, "event_4": {"annotation_type": "event", "string": "Nu Nordahl Lelandais ( 35 ) , de moordenaar van het Franse meisje Ma\u00eblys ( 9 ) , donderdagavond ook de moord op een beroepsmilitair heeft bekend", "features": {"span": [22, 23, 24, 25, 26, 27, 28, 29, 30, 31, 32, 33, 34, 35, 36, 37, 38, 39, 40, 41, 42, 43, 44, 45, 46, 47, 48], "arguments": [{"string": "Nordahl Lelandais", "features": {"span": [23, 24], "argument_entity_type": "PER", "argument_role": "InvestigationTarget"}}, {"string": "donderdagavond", "features": {"span": [40], "argument_entity_type": "time", "argument_role": "Time"}}], "type": "Justice", "subtype": "Investigation", "modality": "Asserted", "pos_neg": "Positive", "prominence": "Main", "tense": "Past"}, "home_sentence": "sentence_2"}, "event_5": {"annotation_type": "event", "string": "de moord op een beroepsmilitair", "features": {"span": [42, 43, 44, 45, 46], "arguments": [{"string": "een beroepsmilitair", "features": {"span": [45, 46], "argument_entity_type": "PER", "argument_role": "Victim"}}], "type": "Life", "subtype": "Die", "modality": "Asserted", "pos_neg": "Positive", "prominence": "Background", "tense": "Unspecified"}, "home_sentence": "sentence_2"}, "event_6": {"annotation_type": "event", "string": "de moord op een beroepsmilitair", "features": {"span": [42, 43, 44, 45, 46], "arguments": [{"string": "een beroepsmilitair", "features": {"span": [45, 46], "argument_entity_type": "PER", "argument_role": "Target"}}], "type": "Conflict", "subtype": "Attack", "modality": "Asserted", "pos_neg": "Positive", "prominence": "Background", "tense": "Unspecified"}, "home_sentence": "sentence_2"}, "event_7": {"annotation_type": "event", "string": "houdt het Franse gerecht er meer een meer rekening mee dat ze met een seriemoordenaar te maken hebben .", "features": {"span": [50, 51, 52, 53, 54, 55, 56, 57, 58, 59, 60, 61, 62, 63, 64, 65, 66, 67, 68], "arguments": [{"string": "het Franse gerecht", "features": {"span": [51, 52, 53], "argument_entity_type": "ORG", "argument_role": "Participant"}}], "type": "Unknown", "subtype": "Unknown", "modality": "Asserted", "pos_neg": "Positive", "prominence": "Main", "tense": "Present"}, "home_sentence": "sentence_2"}, "event_8": {"annotation_type": "event", "string": "Alle onopgeloste verdwijningen en moordzaken in de Franse Savoie worden opnieuw bekeken .", "features": {"span": [69, 70, 71, 72, 73, 74, 75, 76, 77, 78, 79, 80, 81], "arguments": [{"string": "Franse Savoie", "features": {"span": [76, 77], "argument_entity_type": "LOC", "argument_role": "Place"}}, {"string": "Alle onopgeloste verdwijningen en moordzaken in de Franse Savoie", "features": {"span": [69, 70, 71, 72, 73, 74, 75, 76, 77], "argument_entity_type": "target", "argument_role": "InvestigationTarget"}}], "type": "Justice", "subtype": "Investigation", "modality": "Asserted", "pos_neg": "Positive", "prominence": "Background", "tense": "Present"}, "home_sentence": "sentence_3"}, "event_9": {"annotation_type": "event", "string": "verdwijningen", "features": {"span": [71], "arguments": [], "type": "Unknown", "subtype": "Unknown", "modality": "Asserted", "pos_neg": "Positive", "prominence": "Background", "tense": "Unspecified"}, "home_sentence": "sentence_3"}, "event_10": {"annotation_type": "event", "string": "moordzaken", "features": {"span": [73], "arguments": [], "type": "Life", "subtype": "Die", "modality": "Asserted", "pos_neg": "Positive", "prominence": "Background", "tense": "Unspecified"}, "home_sentence": "sentence_3"}, "event_11": {"annotation_type": "event", "string": "moordzaken", "features": {"span": [73], "arguments": [], "type": "Conflict", "subtype": "Attack", "modality": "Asserted", "pos_neg": "Positive", "prominence": "Background", "tense": "Unspecified"}, "home_sentence": "sentence_3"}, "event_12": {"annotation_type": "event", "string": "Ook het dossier over de verdwijning van een 24-jarige Belg", "features": {"span": [82, 83, 84, 85, 86, 87, 88, 89, 90, 91], "arguments": [{"string": "dossier over de verdwijning van een 24-jarige Belg", "features": {"span": [84, 85, 86, 87, 88, 89, 90, 91], "argument_entity_type": "target", "argument_role": "InvestigationTarget"}}], "type": "Justice", "subtype": "Investigation", "modality": "Asserted", "pos_neg": "Positive", "prominence": "Background", "tense": "Unspecified"}, "home_sentence": "sentence_4"}, "event_13": {"annotation_type": "event", "string": "de verdwijning van een 24-jarige Belg", "features": {"span": [86, 87, 88, 89, 90, 91], "arguments": [{"string": "een 24-jarige Belg", "features": {"span": [89, 90, 91], "argument_entity_type": "PER", "argument_role": "Participant"}}], "type": "Unknown", "subtype": "Unknown", "modality": "Asserted", "pos_neg": "Positive", "prominence": "Background", "tense": "Unspecified"}, "home_sentence": "sentence_4"}}, "coreference": {"entities": {"coref_bucket_1": ["entity_1", "entity_7", "entity_6"], "coref_bucket_2": ["entity_1", "entity_7", "entity_8", "entity_6"], "coref_bucket_3": ["entity_15", "entity_7", "entity_8", "entity_6"], "coref_bucket_4": ["entity_9", "entity_13", "entity_5"], "coref_bucket_5": ["entity_2", "entity_10"], "coref_bucket_6": ["entity_11", "entity_3"], "coref_bucket_7": ["entity_15", "entity_7", "entity_8"]}, "events": {"coref_bucket_8": ["event_7", "event_3"], "coref_bucket_9": ["event_6", "event_1"], "coref_bucket_10": ["event_2", "event_5"]}}, "iptc_codes": {"certain": [[["medtop:20000790", "children"], ["medtop:20000788", "mankind"], ["medtop:14000000", "society"]], [["medtop:20000132", "missing person"], ["medtop:20000131", "investigation (criminal)"], ["medtop:20000129", "law enforcement"], ["medtop:02000000", "crime, law and justice"]], [["medtop:20000099", "homicide"], ["medtop:20000082", "crime"], ["medtop:02000000", "crime, law and justice"]], [["medtop:20000131", "investigation (criminal)"], ["medtop:20000129", "law enforcement"], ["medtop:02000000", "crime, law and justice"]]], "uncertain": [[["medtop:20000118", "prosecution"], ["medtop:20000106", "judiciary"], ["medtop:02000000", "crime, law and justice"]]]}}}}