{"meta": {"id": "MH-DMF20180810_03657494-Waarom_er_zoveel_overstromingen_zijn.tsv", "author": "eventdna_anno_1"}, "doc": {"token_string": "Waarom er zoveel overstromingen zijn in Zuid-Frankrijk Stortregens in het Zuid-Franse departement Gard hebben gisteren drie campings onder water gezet . Zo'n 750 mensen moesten worden ge\u00ebvacueerd . Elk jaar teisteren overstromingen de regio door de zogenaamde ' \u00e9pisodes m\u00e9diterran\u00e9ens ' .", "token_ids": [0, 1, 2, 3, 4, 5, 6, 7, 8, 9, 10, 11, 12, 13, 14, 15, 16, 17, 18, 19, 20, 21, 22, 23, 24, 25, 26, 27, 28, 29, 30, 31, 32, 33, 34, 35, 36, 37, 38, 39, 40, 41], "sentences": {"sentence_1": {"token_ids": [0, 1, 2, 3, 4, 5, 6]}, "sentence_2": {"token_ids": [7, 8, 9, 10, 11, 12, 13, 14, 15, 16, 17, 18, 19, 20]}, "sentence_3": {"token_ids": [21, 22, 23, 24, 25, 26, 27]}, "sentence_4": {"token_ids": [28, 29, 30, 31, 32, 33, 34, 35, 36, 37, 38, 39, 40, 41]}}, "annotations": {"entities": {"entity_1": {"type": "entity", "string": "Zuid-Frankrijk", "features": {"type": "LOC", "span": [6], "individuality": "INDIV", "mention_level_type": "NAM", "head": {"type": "entityHead", "string": "Zuid-Frankrijk", "features": {"span": [6]}}}, "home_sentence": "sentence_1"}, "entity_2": {"type": "entity", "string": "Stortregens", "features": {"type": "MISC", "span": [7], "individuality": "GROUP", "mention_level_type": "NOM", "head": {"type": "entityHead", "string": "Stortregens", "features": {"span": [7]}}}, "home_sentence": "sentence_2"}, "entity_3": {"type": "entity", "string": "Zuid-Franse", "features": {"type": "LOC", "span": [10], "individuality": "INDIV", "mention_level_type": "NAM", "head": {"type": "entityHead", "string": "Zuid-Franse", "features": {"span": [10]}}}, "home_sentence": "sentence_2"}, "entity_4": {"type": "entity", "string": "Gard", "features": {"type": "LOC", "span": [12], "individuality": "INDIV", "mention_level_type": "NAM", "head": {"type": "entityHead", "string": "Gard", "features": {"span": [12]}}}, "home_sentence": "sentence_2"}, "entity_5": {"type": "entity", "string": "de regio", "features": {"type": "LOC", "span": [32, 33], "individuality": "INDIV", "mention_level_type": "NOM", "head": {"type": "entityHead", "string": "regio", "features": {"span": [33]}}}, "home_sentence": "sentence_4"}, "entity_6": {"type": "entity", "string": "\u00e9pisodes m\u00e9diterran\u00e9ens", "features": {"type": "MISC", "span": [38, 39], "individuality": "GROUP", "mention_level_type": "NAM", "head": {"type": "entityHead", "string": "\u00e9pisodes m\u00e9diterran\u00e9ens", "features": {"span": [38, 39]}}}, "home_sentence": "sentence_4"}}, "events": {"event_1": {"annotation_type": "event", "string": "Stortregens in het Zuid-Franse departement Gard hebben gisteren drie campings onder water gezet", "features": {"span": [7, 8, 9, 10, 11, 12, 13, 14, 15, 16, 17, 18, 19], "arguments": [{"string": "gisteren", "features": {"span": [14], "argument_entity_type": "time", "argument_role": "Time"}}, {"string": "Gard", "features": {"span": [12], "argument_entity_type": "LOC", "argument_role": "Place"}}], "type": "Unknown", "subtype": "Unknown", "modality": "Asserted", "pos_neg": "Positive", "prominence": "Main", "tense": "Past"}, "home_sentence": "sentence_2"}, "event_2": {"annotation_type": "event", "string": "Zo'n 750 mensen moesten worden ge\u00ebvacueerd", "features": {"span": [21, 22, 23, 24, 25, 26], "arguments": [{"string": "Zo'n 750 mensen", "features": {"span": [21, 22, 23], "argument_entity_type": "PER", "argument_role": "Person"}}], "type": "Movement", "subtype": "TransportPerson", "modality": "Asserted", "pos_neg": "Positive", "prominence": "Main", "tense": "Past"}, "home_sentence": "sentence_3"}, "event_3": {"annotation_type": "event", "string": "Elk jaar teisteren overstromingen de regio door de zogenaamde ' \u00e9pisodes m\u00e9diterran\u00e9ens", "features": {"span": [28, 29, 30, 31, 32, 33, 34, 35, 36, 37, 38, 39], "arguments": [{"string": "de regio", "features": {"span": [32, 33], "argument_entity_type": "LOC", "argument_role": "Place"}}], "type": "Unknown", "subtype": "Unknown", "modality": "Asserted", "pos_neg": "Positive", "prominence": "Main", "tense": "Present"}, "home_sentence": "sentence_4"}}, "coreference": {"entities": {"coref_bucket_1": ["entity_1", "entity_3"], "coref_bucket_2": ["entity_6", "entity_2"], "coref_bucket_3": ["entity_4", "entity_5"]}, "events": {}}, "iptc_codes": {"certain": [[["medtop:20000154", "flood"], ["medtop:20000151", "natural disaster"], ["medtop:20000148", "disaster"], ["medtop:03000000", "disaster, accident and emergency incident"]], [["medtop:20001129", "weather phenomena"], ["medtop:17000000", "weather"]]], "uncertain": []}}}}