<?xml version="1.0" encoding="UTF-8"?>
<alpino_ds version="1.6">
  <parser cats="1" skips="0" />
  <node begin="0" cat="top" end="8" id="0" rel="top">
    <node begin="0" cat="smain" end="8" id="1" rel="--">
      <node begin="0" end="1" frame="proper_name(sg,'PER')" genus="zijd" getal="ev" graad="basis" his="name" his_1="begin" id="2" index="1" lcat="np" lemma="Tusk" naamval="stan" neclass="PER" ntype="eigen" num="sg" pos="name" postag="N(eigen,ev,basis,zijd,stan)" pt="n" rel="su" rnum="sg" root="Tusk" sense="Tusk" word="Tusk"/>
      <node begin="1" end="2" frame="verb(hebben,modal_not_u,modifier(aux(inf)))" his="normal" his_1="normal" id="3" infl="modal_not_u" lcat="smain" lemma="willen" pos="verb" postag="WW(pv,tgw,ev)" pt="ww" pvagr="ev" pvtijd="tgw" rel="hd" root="wil" sc="modifier(aux(inf))" sense="wil" stype="declarative" tense="present" word="wil" wvorm="pv"/>
      <node begin="0" cat="inf" end="8" id="4" rel="vc">
        <node begin="0" end="1" id="5" index="1" rel="su"/>
        <node begin="2" cat="mwu" end="4" his="normal" his_1="names_dictionary" id="6" mwu_root="Europese Unie" mwu_sense="Europese Unie" rel="obj1">
          <node begin="2" end="3" frame="proper_name(sg,'ORG')" id="7" lcat="np" lemma="Europese" neclass="ORG" num="sg" pos="name" postag="SPEC(deeleigen)" pt="spec" rel="mwp" rnum="sg" root="Europese" sense="Europese" spectype="deeleigen" word="Europese"/>
          <node begin="3" end="4" frame="proper_name(sg,'ORG')" id="8" lcat="np" lemma="Unie" neclass="ORG" num="sg" pos="name" postag="SPEC(deeleigen)" pt="spec" rel="mwp" rnum="sg" root="Unie" sense="Unie" spectype="deeleigen" word="Unie"/>
        </node>
        <node begin="4" buiging="zonder" end="5" frame="verb(hebben,inf,transitive)" his="normal" his_1="normal" id="9" infl="inf" lcat="inf" lemma="hervormen" pos="verb" positie="vrij" postag="WW(inf,vrij,zonder)" pt="ww" rel="hd" root="hervorm" sc="transitive" sense="hervorm" word="hervormen" wvorm="inf"/>
        <node begin="5" cat="pp" end="8" id="10" rel="mod">
          <node begin="5" end="6" frame="preposition(in,[])" his="normal" his_1="normal" id="11" lcat="pp" lemma="in" pos="prep" postag="VZ(init)" pt="vz" rel="hd" root="in" sense="in" vztype="init" word="in"/>
          <node begin="6" cat="np" end="8" id="12" rel="obj1">
            <node begin="6" end="7" frame="number(hoofd(pl_num))" his="normal" his_1="normal" id="13" infl="pl_num" lcat="detp" lemma="dertien" naamval="stan" numtype="hoofd" pos="num" positie="prenom" postag="TW(hoofd,prenom,stan)" pt="tw" rel="det" root="dertien" sense="dertien" special="hoofd" word="dertien"/>
            <node begin="7" end="8" frame="noun(het,count,pl)" gen="het" getal="mv" graad="basis" his="normal" his_1="normal" id="14" lcat="np" lemma="bedrijf" ntype="soort" num="pl" pos="noun" postag="N(soort,mv,basis)" pt="n" rel="hd" rnum="pl" root="bedrijf" sense="bedrijf" word="bedrijven"/>
          </node>
        </node>
      </node>
    </node>
  </node>
  <sentence sentid="1">Tusk wil Europese Unie hervormen in dertien bedrijven</sentence>
  <comments>
    <comment>Q#1|Tusk wil Europese Unie hervormen in dertien bedrijven|1|1|-2.2321783979900003</comment>
  </comments>
</alpino_ds>
