<?xml version="1.0" encoding="UTF-8"?>
<alpino_ds version="1.6">
  <parser cats="1" skips="0" />
  <node begin="0" cat="top" end="29" id="0" rel="top">
    <node begin="0" cat="smain" end="28" id="1" rel="--">
      <node begin="10" end="11" frame="verb(hebben,sg_heeft,aux_psp_hebben)" his="normal" his_1="normal" id="2" infl="sg_heeft" lcat="smain" lemma="hebben" pos="verb" postag="WW(pv,tgw,met-t)" pt="ww" pvagr="met-t" pvtijd="tgw" rel="hd" root="heb" sc="aux_psp_hebben" sense="heb" stype="declarative" tense="present" word="heeft" wvorm="pv"/>
      <node begin="11" cat="np" end="15" id="3" index="1" rel="su">
        <node aform="base" begin="11" buiging="zonder" end="12" frame="adjective(no_e(adv))" graad="basis" his="normal" his_1="normal" id="4" infl="no_e" lcat="ap" lemma="Europees" pos="adj" positie="prenom" postag="ADJ(prenom,basis,zonder)" pt="adj" rel="mod" root="Europees" sense="Europees" vform="adj" word="Europees"/>
        <node begin="12" end="13" frame="noun(de,count,sg)" gen="de" genus="zijd" getal="ev" graad="basis" his="normal" his_1="normal" id="5" lcat="np" lemma="president" naamval="stan" ntype="soort" num="sg" pos="noun" postag="N(soort,ev,basis,zijd,stan)" pt="n" rel="hd" rnum="sg" root="president" sense="president" word="president"/>
        <node begin="13" cat="mwu" end="15" his="name" his_1="not_begin" id="6" mwu_root="Donald Tusk" mwu_sense="Donald Tusk" rel="app">
          <node begin="13" end="14" frame="proper_name(sg,'PER')" id="7" lcat="np" lemma="Donald" neclass="PER" num="sg" pos="name" postag="SPEC(deeleigen)" pt="spec" rel="mwp" rnum="sg" root="Donald" sense="Donald" spectype="deeleigen" word="Donald"/>
          <node begin="14" end="15" frame="proper_name(sg,'PER')" id="8" lcat="np" lemma="Tusk" neclass="PER" num="sg" pos="name" postag="SPEC(deeleigen)" pt="spec" rel="mwp" rnum="sg" root="Tusk" sense="Tusk" spectype="deeleigen" word="Tusk"/>
        </node>
      </node>
      <node begin="0" cat="ppart" end="28" id="9" rel="vc">
        <node begin="0" cat="pp" end="10" id="10" rel="mod">
          <node begin="0" end="1" frame="preposition(in,[])" his="normal" his_1="decap" his_1_1="normal" id="11" lcat="pp" lemma="in" pos="prep" postag="VZ(init)" pt="vz" rel="hd" root="in" sense="in" vztype="init" word="In"/>
          <node begin="1" cat="np" end="10" id="12" rel="obj1">
            <node begin="1" end="2" frame="determiner(de)" his="normal" his_1="normal" id="13" infl="de" lcat="detp" lemma="de" lwtype="bep" naamval="stan" npagr="rest" pos="det" postag="LID(bep,stan,rest)" pt="lid" rel="det" root="de" sense="de" word="de"/>
            <node begin="2" end="3" frame="noun(de,count,sg)" gen="de" genus="zijd" getal="ev" graad="basis" his="normal" his_1="normal" id="14" lcat="np" lemma="aanloop" naamval="stan" ntype="soort" num="sg" pos="noun" postag="N(soort,ev,basis,zijd,stan)" pt="n" rel="hd" rnum="sg" root="aanloop" sense="aanloop" word="aanloop"/>
            <node begin="3" cat="pp" end="10" id="15" rel="mod">
              <node begin="3" end="4" frame="preposition(naar,[toe])" his="normal" his_1="normal" id="16" lcat="pp" lemma="naar" pos="prep" postag="VZ(init)" pt="vz" rel="hd" root="naar" sense="naar" vztype="init" word="naar"/>
              <node begin="4" cat="np" end="10" id="17" rel="obj1">
                <node begin="4" end="5" frame="determiner(de)" his="normal" his_1="normal" id="18" infl="de" lcat="detp" lemma="de" lwtype="bep" naamval="stan" npagr="rest" pos="det" postag="LID(bep,stan,rest)" pt="lid" rel="det" root="de" sense="de" word="de"/>
                <node begin="5" end="6" frame="noun(de,count,sg)" gen="de" genus="zijd" getal="ev" graad="basis" his="normal" his_1="normal" id="19" lcat="np" lemma="top" naamval="stan" ntype="soort" num="sg" pos="noun" postag="N(soort,ev,basis,zijd,stan)" pt="n" rel="hd" rnum="sg" root="top" sense="top" word="top"/>
                <node begin="6" cat="pp" end="10" id="20" rel="mod">
                  <node begin="6" end="7" frame="preposition(van,[af,uit,vandaan,[af,aan]])" his="normal" his_1="normal" id="21" lcat="pp" lemma="van" pos="prep" postag="VZ(init)" pt="vz" rel="hd" root="van" sense="van" vztype="init" word="van"/>
                  <node begin="7" cat="conj" end="10" id="22" rel="obj1">
                    <node begin="7" end="8" frame="noun(het,count,pl)" gen="het" getal="mv" graad="basis" his="normal" his_1="normal" id="23" lcat="np" lemma="staatshoofd" ntype="soort" num="pl" pos="noun" postag="N(soort,mv,basis)" pt="n" rel="cnj" rnum="pl" root="staatshoofd" sense="staatshoofd" word="staatshoofden"/>
                    <node begin="8" conjtype="neven" end="9" frame="conj(en)" his="normal" his_1="normal" id="24" lcat="vg" lemma="en" pos="vg" postag="VG(neven)" pt="vg" rel="crd" root="en" sense="en" word="en"/>
                    <node begin="9" end="10" frame="noun(de,count,pl)" gen="de" getal="mv" graad="basis" his="normal" his_1="normal" id="25" lcat="np" lemma="regering_leider" ntype="soort" num="pl" pos="noun" postag="N(soort,mv,basis)" pt="n" rel="cnj" rnum="pl" root="regering_leider" sense="regering_leider" word="regeringsleiders"/>
                  </node>
                </node>
              </node>
            </node>
          </node>
        </node>
        <node begin="11" end="15" id="26" index="1" rel="su"/>
        <node begin="15" cat="np" end="24" id="27" rel="obj1">
          <node begin="15" end="16" frame="determiner(een)" his="normal" his_1="normal" id="28" infl="een" lcat="detp" lemma="een" lwtype="onbep" naamval="stan" npagr="agr" pos="det" postag="LID(onbep,stan,agr)" pt="lid" rel="det" root="een" sense="een" word="een"/>
          <node begin="16" end="17" frame="noun(de,count,sg)" gen="de" genus="zijd" getal="ev" graad="basis" his="normal" his_1="normal" id="29" lcat="np" lemma="weg_kaart" naamval="stan" ntype="soort" num="sg" pos="noun" postag="N(soort,ev,basis,zijd,stan)" pt="n" rel="hd" rnum="sg" root="weg_kaart" sense="weg_kaart" word="wegenkaart"/>
          <node begin="17" cat="pp" end="24" id="30" rel="mod">
            <node begin="17" end="18" frame="preposition(voor,[aan,door,uit,[in,de,plaats]])" his="normal" his_1="normal" id="31" lcat="pp" lemma="voor" pos="prep" postag="VZ(init)" pt="vz" rel="hd" root="voor" sense="voor" vztype="init" word="voor"/>
            <node begin="18" cat="np" end="24" id="32" rel="obj1">
              <node begin="18" end="19" frame="determiner(de)" his="normal" his_1="normal" id="33" infl="de" lcat="detp" lemma="de" lwtype="bep" naamval="stan" npagr="rest" pos="det" postag="LID(bep,stan,rest)" pt="lid" rel="det" root="de" sense="de" word="de"/>
              <node begin="19" end="20" frame="noun(de,count,sg)" gen="de" genus="zijd" getal="ev" graad="basis" his="normal" his_1="normal" id="34" lcat="np" lemma="hervorming" naamval="stan" ntype="soort" num="sg" pos="noun" postag="N(soort,ev,basis,zijd,stan)" pt="n" rel="hd" rnum="sg" root="hervorming" sense="hervorming" word="hervorming"/>
              <node begin="20" cat="pp" end="24" id="35" rel="mod">
                <node begin="20" end="21" frame="preposition(van,[af,uit,vandaan,[af,aan]])" his="normal" his_1="normal" id="36" lcat="pp" lemma="van" pos="prep" postag="VZ(init)" pt="vz" rel="hd" root="van" sense="van" vztype="init" word="van"/>
                <node begin="21" cat="np" end="24" id="37" rel="obj1">
                  <node begin="21" end="22" frame="determiner(de)" his="normal" his_1="normal" id="38" infl="de" lcat="detp" lemma="de" lwtype="bep" naamval="stan" npagr="rest" pos="det" postag="LID(bep,stan,rest)" pt="lid" rel="det" root="de" sense="de" word="de"/>
                  <node begin="22" cat="mwu" end="24" his="normal" his_1="names_dictionary" id="39" mwu_root="Europese Unie" mwu_sense="Europese Unie" rel="hd">
                    <node begin="22" end="23" frame="proper_name(sg,'ORG')" id="40" lcat="np" lemma="Europese" neclass="ORG" num="sg" pos="name" postag="SPEC(deeleigen)" pt="spec" rel="mwp" rnum="sg" root="Europese" sense="Europese" spectype="deeleigen" word="Europese"/>
                    <node begin="23" end="24" frame="proper_name(sg,'ORG')" id="41" lcat="np" lemma="Unie" neclass="ORG" num="sg" pos="name" postag="SPEC(deeleigen)" pt="spec" rel="mwp" rnum="sg" root="Unie" sense="Unie" spectype="deeleigen" word="Unie"/>
                  </node>
                </node>
              </node>
            </node>
          </node>
        </node>
        <node begin="24" cat="mwu" end="27" his="normal" his_1="normal" id="42" mwu_root="uit de doeken" mwu_sense="uit de doeken" rel="svp">
          <node begin="24" end="25" frame="fixed_part([uit,de,doeken])" id="43" lcat="fixed" lemma="uit" pos="fixed" postag="VZ(init)" pt="vz" rel="mwp" root="uit" sense="uit" vztype="init" word="uit"/>
          <node begin="25" end="26" frame="fixed_part([uit,de,doeken])" id="44" lcat="fixed" lemma="de" lwtype="bep" naamval="stan" npagr="rest" pos="fixed" postag="LID(bep,stan,rest)" pt="lid" rel="mwp" root="de" sense="de" word="de"/>
          <node begin="26" end="27" frame="fixed_part([uit,de,doeken])" getal="mv" graad="basis" id="45" lcat="fixed" lemma="doeken" ntype="soort" pos="fixed" postag="N(soort,mv,basis)" pt="n" rel="mwp" root="doeken" sense="doeken" word="doeken"/>
        </node>
        <node begin="27" buiging="zonder" end="28" frame="verb(hebben,psp,fixed([[uit,de,doeken],acc],norm_passive))" his="normal" his_1="normal" id="46" infl="psp" lcat="ppart" lemma="doen" pos="verb" positie="vrij" postag="WW(vd,vrij,zonder)" pt="ww" rel="hd" root="doe" sc="fixed([[uit,de,doeken],acc],norm_passive)" sense="uit-de-doeken-doe" word="gedaan" wvorm="vd"/>
      </node>
    </node>
    <node begin="28" end="29" frame="punct(punt)" his="normal" his_1="normal" id="47" lcat="punct" lemma="." pos="punct" postag="LET()" pt="let" rel="--" root="." sense="." special="punt" word="."/>
  </node>
  <sentence sentid="2">In de aanloop naar de top van staatshoofden en regeringsleiders heeft Europees president Donald Tusk een wegenkaart voor de hervorming van de Europese Unie uit de doeken gedaan .</sentence>
  <comments>
    <comment>Q#2|In de aanloop naar de top van staatshoofden en regeringsleiders heeft Europees president Donald Tusk een wegenkaart voor de hervorming van de Europese Unie uit de doeken gedaan .|1|1|-13.66233995360001</comment>
  </comments>
</alpino_ds>
