<?xml version="1.0" encoding="UTF-8"?>
<alpino_ds version="1.6">
  <parser cats="1" skips="0" />
  <node begin="0" cat="top" end="34" id="0" rel="top">
    <node begin="0" cat="smain" end="33" id="1" rel="--">
      <node begin="0" cat="np" end="2" id="2" rel="su">
        <node begin="0" end="1" frame="determiner(de)" his="normal" his_1="decap" his_1_1="normal" id="3" infl="de" lcat="detp" lemma="de" lwtype="bep" naamval="stan" npagr="rest" pos="det" postag="LID(bep,stan,rest)" pt="lid" rel="det" root="de" sense="de" word="De"/>
        <node begin="1" end="2" frame="proper_name(sg,'PER')" genus="zijd" getal="ev" graad="basis" his="normal" his_1="names_dictionary" id="4" lcat="np" lemma="Pool" naamval="stan" neclass="PER" ntype="eigen" num="sg" pos="name" postag="N(eigen,ev,basis,zijd,stan)" pt="n" rel="hd" rnum="sg" root="Pool" sense="Pool" word="Pool"/>
      </node>
      <node begin="2" end="3" frame="verb(hebben,sg,np_ld_pp)" his="normal" his_1="normal" id="5" infl="sg" lcat="smain" lemma="planten" pos="verb" postag="WW(pv,tgw,ev)" pt="ww" pvagr="ev" pvtijd="tgw" rel="hd" root="plant" sc="np_ld_pp" sense="plant" stype="declarative" tense="present" word="plant" wvorm="pv"/>
      <node begin="3" cat="pp" end="6" id="6" rel="mod">
        <node begin="3" end="4" frame="preposition(tot,[toe,[aan,toe]])" his="normal" his_1="normal" id="7" lcat="pp" lemma="tot" pos="prep" postag="VZ(init)" pt="vz" rel="hd" root="tot" sense="tot" vztype="init" word="tot"/>
        <node begin="4" cat="np" end="6" id="8" rel="obj1">
          <node begin="4" end="5" frame="tmp_noun(de,count,sg)" gen="de" genus="zijd" getal="ev" graad="basis" his="normal" his_1="normal" id="9" lcat="np" lemma="juni" naamval="stan" ntype="eigen" num="sg" pos="noun" postag="N(eigen,ev,basis,zijd,stan)" pt="n" rel="hd" rnum="sg" root="juni" sense="juni" special="tmp" word="juni"/>
          <node begin="5" end="6" frame="np(year)" his="normal" his_1="normal" id="10" lcat="np" lemma="2019" neclass="year" numtype="hoofd" pos="noun" positie="vrij" postag="TW(hoofd,vrij)" pt="tw" rel="mod" rnum="sg" root="2019" sense="2019" word="2019"/>
        </node>
      </node>
      <node begin="6" cat="np" end="11" id="11" rel="obj1">
        <node begin="6" end="7" frame="number(hoofd(pl_num))" his="normal" his_1="normal" id="12" infl="pl_num" lcat="detp" lemma="dertien" naamval="stan" numtype="hoofd" pos="num" positie="prenom" postag="TW(hoofd,prenom,stan)" pt="tw" rel="det" root="dertien" sense="dertien" special="hoofd" word="dertien"/>
        <node begin="7" end="8" frame="noun(de,count,pl)" gen="de" getal="mv" graad="basis" his="normal" his_1="normal" id="13" lcat="np" lemma="bijeenkomst" ntype="soort" num="pl" pos="noun" postag="N(soort,mv,basis)" pt="n" rel="hd" rnum="pl" root="bijeenkomst" sense="bijeenkomst" word="bijeenkomsten"/>
        <node begin="8" cat="pp" end="11" id="14" rel="mod">
          <node begin="8" end="9" frame="preposition(van,[af,uit,vandaan,[af,aan]])" his="normal" his_1="normal" id="15" lcat="pp" lemma="van" pos="prep" postag="VZ(init)" pt="vz" rel="hd" root="van" sense="van" vztype="init" word="van"/>
          <node begin="9" cat="np" end="11" id="16" rel="obj1">
            <node begin="9" end="10" frame="determiner(de)" his="normal" his_1="normal" id="17" infl="de" lcat="detp" lemma="de" lwtype="bep" naamval="stan" npagr="rest" pos="det" postag="LID(bep,stan,rest)" pt="lid" rel="det" root="de" sense="de" word="de"/>
            <node begin="10" end="11" frame="noun(de,count,pl)" gen="de" getal="mv" graad="basis" his="normal" his_1="normal" id="18" lcat="np" lemma="chef" ntype="soort" num="pl" pos="noun" postag="N(soort,mv,basis)" pt="n" rel="hd" rnum="pl" root="chef" sense="chef" word="chefs"/>
          </node>
        </node>
      </node>
      <node begin="11" cat="oti" end="30" id="19" rel="mod">
        <node begin="11" end="12" frame="complementizer(om)" his="normal" his_1="normal" id="20" lcat="oti" lemma="om" pos="comp" postag="VZ(init)" pt="vz" rel="cmp" root="om" sc="om" sense="om" vztype="init" word="om"/>
        <node begin="12" cat="conj" end="30" id="21" rel="body">
          <node begin="12" cat="ti" end="22" id="22" rel="cnj">
            <node begin="20" end="21" frame="complementizer(te)" his="normal" his_1="normal" id="23" lcat="ti" lemma="te" pos="comp" postag="VZ(init)" pt="vz" rel="cmp" root="te" sc="te" sense="te" vztype="init" word="te"/>
            <node begin="12" cat="inf" end="22" id="24" rel="body">
              <node begin="12" cat="np" end="19" id="25" rel="obj1">
                <node begin="12" end="13" frame="determiner(de)" his="normal" his_1="normal" id="26" infl="de" lcat="detp" lemma="de" lwtype="bep" naamval="stan" npagr="rest" pos="det" postag="LID(bep,stan,rest)" pt="lid" rel="det" root="de" sense="de" word="de"/>
                <node aform="base" begin="13" buiging="met-e" end="14" frame="adjective(e)" graad="basis" his="normal" his_1="normal" id="27" infl="e" lcat="ap" lemma="heet" naamval="stan" pos="adj" positie="prenom" postag="ADJ(prenom,basis,met-e,stan)" pt="adj" rel="mod" root="heet" sense="heet" vform="adj" word="hete"/>
                <node begin="14" end="15" frame="noun(het,count,pl)" gen="het" getal="mv" graad="basis" his="normal" his_1="normal" id="28" lcat="np" lemma="hangijzer" ntype="soort" num="pl" pos="noun" postag="N(soort,mv,basis)" pt="n" rel="hd" rnum="pl" root="hangijzer" sense="hangijzer" word="hangijzers"/>
                <node begin="15" cat="pp" end="19" id="29" rel="mod">
                  <node begin="15" end="16" frame="preposition(in,[])" his="normal" his_1="normal" id="30" lcat="pp" lemma="in" pos="prep" postag="VZ(init)" pt="vz" rel="hd" root="in" sense="in" vztype="init" word="in"/>
                  <node begin="16" cat="np" end="19" id="31" rel="obj1">
                    <node begin="16" end="17" frame="determiner(de)" his="normal" his_1="normal" id="32" infl="de" lcat="detp" lemma="de" lwtype="bep" naamval="stan" npagr="rest" pos="det" postag="LID(bep,stan,rest)" pt="lid" rel="det" root="de" sense="de" word="de"/>
                    <node aform="base" begin="17" buiging="met-e" end="18" frame="adjective(e)" graad="basis" his="normal" his_1="normal" id="33" infl="e" lcat="ap" lemma="Europees" naamval="stan" pos="adj" positie="prenom" postag="ADJ(prenom,basis,met-e,stan)" pt="adj" rel="mod" root="Europees" sense="Europees" vform="adj" word="Europese"/>
                    <node begin="18" end="19" frame="noun(de,mass,sg)" gen="de" genus="zijd" getal="ev" graad="basis" his="normal" his_1="normal" id="34" lcat="np" lemma="politiek" naamval="stan" ntype="soort" num="sg" pos="noun" postag="N(soort,ev,basis,zijd,stan)" pt="n" rel="hd" rnum="sg" root="politiek" sense="politiek" word="politiek"/>
                  </node>
                </node>
              </node>
              <node begin="19" end="20" frame="particle(aan)" his="normal" his_1="normal" id="35" lcat="part" lemma="aan" pos="part" postag="VZ(fin)" pt="vz" rel="svp" root="aan" sense="aan" vztype="fin" word="aan"/>
              <node begin="21" buiging="zonder" end="22" frame="verb(hebben,inf,part_transitive(aan))" his="normal" his_1="normal" id="36" infl="inf" lcat="inf" lemma="aan_pakken" pos="verb" positie="vrij" postag="WW(inf,vrij,zonder)" pt="ww" rel="hd" root="pak_aan" sc="part_transitive(aan)" sense="pak_aan" word="pakken" wvorm="inf"/>
            </node>
          </node>
          <node begin="22" conjtype="neven" end="23" frame="conj(en)" his="normal" his_1="normal" id="37" lcat="vg" lemma="en" pos="vg" postag="VG(neven)" pt="vg" rel="crd" root="en" sense="en" word="en"/>
          <node begin="23" cat="ti" end="30" id="38" rel="cnj">
            <node begin="28" end="29" frame="complementizer(te)" his="normal" his_1="normal" id="39" lcat="ti" lemma="te" pos="comp" postag="VZ(init)" pt="vz" rel="cmp" root="te" sc="te" sense="te" vztype="init" word="te"/>
            <node begin="23" cat="inf" end="30" id="40" rel="body">
              <node begin="23" cat="np" end="26" id="41" rel="obj2">
                <node begin="23" end="24" frame="determiner(het,nwh,nmod,pro,nparg,wkpro)" his="normal" his_1="normal" id="42" infl="het" lcat="detp" lemma="het" lwtype="bep" naamval="stan" npagr="evon" pos="det" postag="LID(bep,stan,evon)" pt="lid" rel="det" root="het" sense="het" wh="nwh" word="het"/>
                <node aform="base" begin="24" buiging="met-e" end="25" frame="adjective(e)" graad="basis" his="normal" his_1="normal" id="43" infl="e" lcat="ap" lemma="Europees" naamval="stan" pos="adj" positie="prenom" postag="ADJ(prenom,basis,met-e,stan)" pt="adj" rel="mod" root="Europees" sense="Europees" vform="adj" word="Europese"/>
                <node begin="25" end="26" frame="noun(het,count,sg)" gen="het" genus="onz" getal="ev" graad="basis" his="normal" his_1="normal" id="44" lcat="np" lemma="project" naamval="stan" ntype="soort" num="sg" pos="noun" postag="N(soort,ev,basis,onz,stan)" pt="n" rel="hd" rnum="sg" root="project" sense="project" word="project"/>
              </node>
              <node begin="26" cat="np" end="28" id="45" rel="obj1">
                <node begin="26" end="27" frame="determiner(een)" his="normal" his_1="normal" id="46" infl="een" lcat="detp" lemma="een" lwtype="onbep" naamval="stan" npagr="agr" pos="det" postag="LID(onbep,stan,agr)" pt="lid" rel="det" root="een" sense="een" word="een"/>
                <node begin="27" end="28" frame="noun(de,mass,sg)" gen="de" genus="zijd" getal="ev" graad="basis" his="normal" his_1="normal" id="47" lcat="np" lemma="toekomst" naamval="stan" ntype="soort" num="sg" pos="noun" postag="N(soort,ev,basis,zijd,stan)" pt="n" rel="hd" rnum="sg" root="toekomst" sense="toekomst" word="toekomst"/>
              </node>
              <node begin="29" buiging="zonder" end="30" frame="verb(hebben,inf,np_np)" his="normal" his_1="normal" id="48" infl="inf" lcat="inf" lemma="bieden" pos="verb" positie="vrij" postag="WW(inf,vrij,zonder)" pt="ww" rel="hd" root="bied" sc="np_np" sense="bied" word="bieden" wvorm="inf"/>
            </node>
          </node>
        </node>
      </node>
      <node begin="30" cat="pp" end="33" id="49" rel="ld">
        <node begin="30" end="31" frame="preposition(na,[])" his="normal" his_1="normal" id="50" lcat="pp" lemma="na" pos="prep" postag="VZ(init)" pt="vz" rel="hd" root="na" sense="na" vztype="init" word="na"/>
        <node begin="31" cat="np" end="33" id="51" rel="obj1">
          <node begin="31" end="32" frame="determiner(de)" his="normal" his_1="normal" id="52" infl="de" lcat="detp" lemma="de" lwtype="bep" naamval="stan" npagr="rest" pos="det" postag="LID(bep,stan,rest)" pt="lid" rel="det" root="de" sense="de" word="de"/>
          <node begin="32" end="33" frame="noun(both,both,both)" gen="both" genus="zijd" getal="ev" graad="basis" his="noun" id="53" lcat="np" lemma="brexit" naamval="stan" ntype="soort" num="both" pos="noun" postag="N(soort,ev,basis,zijd,stan)" pt="n" rel="hd" rnum="sg" root="brexit" sense="brexit" word="brexit"/>
        </node>
      </node>
    </node>
    <node begin="33" end="34" frame="punct(punt)" his="normal" his_1="normal" id="54" lcat="punct" lemma="." pos="punct" postag="LET()" pt="let" rel="--" root="." sense="." special="punt" word="."/>
  </node>
  <sentence sentid="3">De Pool plant tot juni 2019 dertien bijeenkomsten van de chefs om de hete hangijzers in de Europese politiek aan te pakken en het Europese project een toekomst te bieden na de brexit .</sentence>
  <comments>
    <comment>Q#3|De Pool plant tot juni 2019 dertien bijeenkomsten van de chefs om de hete hangijzers in de Europese politiek aan te pakken en het Europese project een toekomst te bieden na de brexit .|1|1|-3.973060858839955</comment>
  </comments>
</alpino_ds>
