<?xml version="1.0" encoding="UTF-8"?>
<alpino_ds version="1.6">
  <parser cats="1" skips="0" />
  <node begin="0" cat="top" end="13" id="0" rel="top">
    <node begin="6" end="7" frame="punct(dubb_punt)" his="normal" his_1="normal" id="1" lcat="punct" lemma=":" pos="punct" postag="LET()" pt="let" rel="--" root=":" sense=":" special="dubb_punt" word=":"/>
    <node begin="0" cat="du" end="13" id="2" rel="--">
      <node begin="0" cat="ap" end="6" id="3" rel="nucl">
        <node begin="0" cat="pp" end="3" id="4" rel="mod">
          <node begin="0" end="1" frame="preposition(van,[af,uit,vandaan,[af,aan]])" his="normal" his_1="decap" his_1_1="normal" id="5" lcat="pp" lemma="van" pos="prep" postag="VZ(init)" pt="vz" rel="hd" root="van" sense="van" vztype="init" word="Van"/>
          <node begin="1" cat="np" end="3" id="6" rel="obj1">
            <node aform="base" begin="1" buiging="met-e" end="2" frame="adjective(ge_e)" his="normal" his_1="normal" id="7" infl="e" lcat="ppart" lemma="geschift" pos="adj" positie="prenom" postag="WW(vd,prenom,met-e)" pt="ww" rel="mod" root="geschift" sense="geschift" vform="psp" word="geschifte" wvorm="vd"/>
            <node begin="2" end="3" frame="noun(de,count,bare_meas)" gen="de" genus="zijd" getal="ev" graad="basis" his="compound" his_1="2" id="8" lcat="np" lemma="raket_man" naamval="stan" ntype="soort" num="bare_meas" pos="noun" postag="N(soort,ev,basis,zijd,stan)" pt="n" rel="hd" rnum="sg" root="raket_man" sense="raket_man" word="raketman"/>
          </node>
        </node>
        <node aform="base" begin="3" buiging="zonder" end="4" frame="adjective(no_e(adv))" graad="basis" his="normal" his_1="normal" id="9" infl="no_e" lcat="ap" lemma="naar" pos="adj" positie="vrij" postag="ADJ(vrij,basis,zonder)" pt="adj" rel="mod" root="naar" sense="naar" vform="adj" word="naar"/>
        <node begin="4" buiging="zonder" end="5" frame="intensifier" graad="basis" his="normal" his_1="normal" id="10" lcat="advp" lemma="heel" pos="adv" positie="vrij" postag="ADJ(vrij,basis,zonder)" pt="adj" rel="mod" root="heel" sense="heel" special="intensifier" word="heel"/>
        <node aform="base" begin="5" buiging="zonder" end="6" frame="adjective(no_e(adv))" graad="basis" his="normal" his_1="normal" id="11" infl="no_e" lcat="ap" lemma="eerbaar" pos="adj" positie="vrij" postag="ADJ(vrij,basis,zonder)" pt="adj" rel="hd" root="eerbaar" sense="eerbaar" vform="adj" word="eerbaar"/>
      </node>
      <node begin="7" cat="smain" end="13" id="12" rel="sat">
        <node begin="7" end="8" frame="proper_name(sg,'PER')" genus="zijd" getal="ev" graad="basis" his="name" his_1="begin" id="13" lcat="np" lemma="Trump" naamval="stan" neclass="PER" ntype="eigen" num="sg" pos="name" postag="N(eigen,ev,basis,zijd,stan)" pt="n" rel="su" rnum="sg" root="Trump" sense="Trump" word="Trump"/>
        <node begin="8" end="9" frame="verb(hebben,sg3,transitive)" his="normal" his_1="normal" id="14" infl="sg3" lcat="smain" lemma="loven" pos="verb" postag="WW(pv,tgw,met-t)" pt="ww" pvagr="met-t" pvtijd="tgw" rel="hd" root="loof" sc="transitive" sense="loof" stype="declarative" tense="present" word="looft" wvorm="pv"/>
        <node begin="9" cat="np" end="13" id="15" rel="obj1">
          <node aform="base" begin="9" buiging="met-e" end="10" frame="adjective(e)" graad="basis" his="normal" his_1="normal" id="16" infl="e" lcat="ap" lemma="Noordkoreaans" naamval="stan" pos="adj" positie="prenom" postag="ADJ(prenom,basis,met-e,stan)" pt="adj" rel="mod" root="Noordkoreaans" sense="Noordkoreaans" vform="adj" word="Noord-Koreaanse"/>
          <node begin="10" end="11" frame="noun(de,count,sg)" gen="de" genus="zijd" getal="ev" graad="basis" his="normal" his_1="normal" id="17" lcat="np" lemma="leider" naamval="stan" ntype="soort" num="sg" pos="noun" postag="N(soort,ev,basis,zijd,stan)" pt="n" rel="hd" rnum="sg" root="leider" sense="leider" word="leider"/>
          <node begin="11" cat="mwu" end="13" his="name" his_1="not_begin" id="18" mwu_root="Kim Jong-un" mwu_sense="Kim Jong-un" rel="app">
            <node begin="11" end="12" frame="proper_name(sg,'PER')" id="19" lcat="np" lemma="Kim" neclass="PER" num="sg" pos="name" postag="SPEC(deeleigen)" pt="spec" rel="mwp" rnum="sg" root="Kim" sense="Kim" spectype="deeleigen" word="Kim"/>
            <node begin="12" end="13" frame="proper_name(sg,'PER')" id="20" lcat="np" lemma="Jong-un" neclass="PER" num="sg" pos="name" postag="SPEC(deeleigen)" pt="spec" rel="mwp" rnum="sg" root="Jong-un" sense="Jong-un" spectype="deeleigen" word="Jong-un"/>
          </node>
        </node>
      </node>
    </node>
  </node>
  <sentence sentid="1">Van geschifte raketman naar heel eerbaar : Trump looft Noord-Koreaanse leider Kim Jong-un</sentence>
  <comments>
    <comment>Q#1|Van geschifte raketman naar heel eerbaar : Trump looft Noord-Koreaanse leider Kim Jong-un|1|1|6.8766627109500025</comment>
  </comments>
</alpino_ds>
