<?xml version="1.0" encoding="UTF-8"?>
<alpino_ds version="1.6">
  <parser cats="1" skips="0" />
  <node begin="0" cat="top" end="19" id="0" rel="top">
    <node begin="0" cat="smain" end="18" id="1" rel="--">
      <node begin="0" cat="np" end="5" id="2" index="1" rel="su">
        <node begin="0" end="1" frame="determiner(de)" his="normal" his_1="decap" his_1_1="normal" id="3" infl="de" lcat="detp" lemma="de" lwtype="bep" naamval="stan" npagr="rest" pos="det" postag="LID(bep,stan,rest)" pt="lid" rel="det" root="de" sense="de" word="De"/>
        <node aform="base" begin="1" buiging="met-e" end="2" frame="adjective(e)" graad="basis" his="normal" his_1="normal" id="4" infl="e" lcat="ap" lemma="Amerikaans" naamval="stan" pos="adj" positie="prenom" postag="ADJ(prenom,basis,met-e,stan)" pt="adj" rel="mod" root="Amerikaans" sense="Amerikaans" vform="adj" word="Amerikaanse"/>
        <node begin="2" end="3" frame="noun(de,count,sg)" gen="de" genus="zijd" getal="ev" graad="basis" his="normal" his_1="normal" id="5" lcat="np" lemma="president" naamval="stan" ntype="soort" num="sg" pos="noun" postag="N(soort,ev,basis,zijd,stan)" pt="n" rel="hd" rnum="sg" root="president" sense="president" word="president"/>
        <node begin="3" cat="mwu" end="5" his="normal" his_1="names_dictionary" id="6" mwu_root="Donald Trump" mwu_sense="Donald Trump" rel="app">
          <node begin="3" end="4" frame="proper_name(sg,'PER')" id="7" lcat="np" lemma="Donald" neclass="PER" num="sg" pos="name" postag="SPEC(deeleigen)" pt="spec" rel="mwp" rnum="sg" root="Donald" sense="Donald" spectype="deeleigen" word="Donald"/>
          <node begin="4" end="5" frame="proper_name(sg,'PER')" id="8" lcat="np" lemma="Trump" neclass="PER" num="sg" pos="name" postag="SPEC(deeleigen)" pt="spec" rel="mwp" rnum="sg" root="Trump" sense="Trump" spectype="deeleigen" word="Trump"/>
        </node>
      </node>
      <node begin="5" end="6" frame="verb(hebben,sg_heeft,aux_psp_hebben)" his="normal" his_1="normal" id="9" infl="sg_heeft" lcat="smain" lemma="hebben" pos="verb" postag="WW(pv,tgw,met-t)" pt="ww" pvagr="met-t" pvtijd="tgw" rel="hd" root="heb" sc="aux_psp_hebben" sense="heb" stype="declarative" tense="present" word="heeft" wvorm="pv"/>
      <node begin="0" cat="ppart" end="18" id="10" rel="vc">
        <node begin="0" end="5" id="11" index="1" rel="su"/>
        <node begin="6" cat="np" end="11" id="12" rel="obj1">
          <node begin="6" end="7" frame="name_determiner(pron,'LOC')" getal="ev" graad="basis" his="normal" his_1="gen" his_1_1="names_dictionary" id="13" infl="pron" lcat="detp" lemma="Noord-Korea" naamval="gen" neclass="LOC" ntype="eigen" pos="det" postag="N(eigen,ev,basis,gen)" pt="n" rel="det" root="Noord-Korea" sense="Noord-Korea" special="name" word="Noord-Korea&apos;s"/>
          <node aform="base" begin="7" buiging="met-e" end="8" frame="adjective(e)" graad="basis" his="normal" his_1="normal" id="14" infl="e" lcat="ap" lemma="sterk" naamval="stan" pos="adj" positie="prenom" postag="ADJ(prenom,basis,met-e,stan)" pt="adj" rel="mod" root="sterk" sense="sterk" vform="adj" word="sterke"/>
          <node begin="8" end="9" frame="noun(de,count,bare_meas)" gen="de" genus="zijd" getal="ev" graad="basis" his="normal" his_1="normal" id="15" lcat="np" lemma="man" naamval="stan" ntype="soort" num="bare_meas" pos="noun" postag="N(soort,ev,basis,zijd,stan)" pt="n" rel="hd" rnum="sg" root="man" sense="man" word="man"/>
          <node begin="9" cat="mwu" end="11" his="name" his_1="not_begin" id="16" mwu_root="Kim Jong-un" mwu_sense="Kim Jong-un" rel="app">
            <node begin="9" end="10" frame="proper_name(sg,'PER')" id="17" lcat="np" lemma="Kim" neclass="PER" num="sg" pos="name" postag="SPEC(deeleigen)" pt="spec" rel="mwp" rnum="sg" root="Kim" sense="Kim" spectype="deeleigen" word="Kim"/>
            <node begin="10" end="11" frame="proper_name(sg,'PER')" id="18" lcat="np" lemma="Jong-un" neclass="PER" num="sg" pos="name" postag="SPEC(deeleigen)" pt="spec" rel="mwp" rnum="sg" root="Jong-un" sense="Jong-un" spectype="deeleigen" word="Jong-un"/>
          </node>
        </node>
        <node begin="11" buiging="zonder" end="12" frame="verb(hebben,psp,als_pred_np)" his="normal" his_1="normal" id="19" infl="psp" lcat="ppart" lemma="omschrijven" pos="verb" positie="vrij" postag="WW(vd,vrij,zonder)" pt="ww" rel="hd" root="omschrijf" sc="als_pred_np" sense="omschrijf" word="omschreven" wvorm="vd"/>
        <node begin="12" cat="cp" end="18" id="20" rel="predc">
          <node begin="12" end="13" frame="complementizer(als)" his="normal" his_1="normal" id="21" lcat="cp" lemma="als" pos="comp" postag="VZ(init)" pt="vz" rel="cmp" root="als" sc="als" sense="als" vztype="init" word="als"/>
          <node begin="13" cat="conj" end="18" id="22" rel="body">
            <node begin="13" cat="ap" end="15" id="23" rel="cnj">
              <node begin="13" buiging="zonder" end="14" frame="intensifier" graad="basis" his="normal" his_1="normal" id="24" lcat="advp" lemma="heel" pos="adv" positie="vrij" postag="ADJ(vrij,basis,zonder)" pt="adj" rel="mod" root="heel" sense="heel" special="intensifier" word="heel"/>
              <node aform="base" begin="14" buiging="zonder" end="15" frame="adjective(both(adv))" graad="basis" his="normal" his_1="normal" id="25" infl="both" lcat="ap" lemma="open" pos="adj" positie="vrij" postag="ADJ(vrij,basis,zonder)" pt="adj" rel="hd" root="open" sense="open" vform="adj" word="open"/>
            </node>
            <node begin="15" conjtype="neven" end="16" frame="conj(en)" his="normal" his_1="normal" id="26" lcat="vg" lemma="en" pos="vg" postag="VG(neven)" pt="vg" rel="crd" root="en" sense="en" word="en"/>
            <node begin="16" cat="ap" end="18" id="27" rel="cnj">
              <node begin="16" buiging="zonder" end="17" frame="intensifier" graad="basis" his="normal" his_1="normal" id="28" lcat="advp" lemma="heel" pos="adv" positie="vrij" postag="ADJ(vrij,basis,zonder)" pt="adj" rel="mod" root="heel" sense="heel" special="intensifier" word="heel"/>
              <node aform="base" begin="17" buiging="zonder" end="18" frame="adjective(no_e(adv))" graad="basis" his="normal" his_1="normal" id="29" infl="no_e" lcat="ap" lemma="eerbaar" pos="adj" positie="vrij" postag="ADJ(vrij,basis,zonder)" pt="adj" rel="hd" root="eerbaar" sense="eerbaar" vform="adj" word="eerbaar"/>
            </node>
          </node>
        </node>
      </node>
    </node>
    <node begin="18" end="19" frame="punct(punt)" his="normal" his_1="normal" id="30" lcat="punct" lemma="." pos="punct" postag="LET()" pt="let" rel="--" root="." sense="." special="punt" word="."/>
  </node>
  <sentence sentid="2">De Amerikaanse president Donald Trump heeft Noord-Korea&apos;s sterke man Kim Jong-un omschreven als heel open en heel eerbaar .</sentence>
  <comments>
    <comment>Q#2|De Amerikaanse president Donald Trump heeft Noord-Korea&apos;s sterke man Kim Jong-un omschreven als heel open en heel eerbaar .|1|1|-7.352941309</comment>
  </comments>
</alpino_ds>
