<?xml version="1.0" encoding="UTF-8"?>
<alpino_ds version="1.6">
  <parser cats="1" skips="0" />
  <node begin="0" cat="top" end="21" id="0" rel="top">
    <node begin="0" cat="smain" end="20" id="1" rel="--">
      <node begin="0" case="nom" def="def" end="1" frame="pronoun(nwh,thi,sg,de,nom,def)" gen="de" genus="masc" getal="ev" his="normal" his_1="decap" his_1_1="normal" id="2" index="1" lcat="np" lemma="hij" naamval="nomin" num="sg" pdtype="pron" per="thi" persoon="3" pos="pron" postag="VNW(pers,pron,nomin,vol,3,ev,masc)" pt="vnw" rel="su" rnum="sg" root="hij" sense="hij" status="vol" vwtype="pers" wh="nwh" word="Hij"/>
      <node begin="1" end="2" frame="verb(hebben,past(sg),vp)" his="normal" his_1="normal" id="3" infl="sg" lcat="smain" lemma="zeggen" pos="verb" postag="WW(pv,verl,ev)" pt="ww" pvagr="ev" pvtijd="verl" rel="hd" root="zeg" sc="vp" sense="zeg" stype="declarative" tense="past" word="zei" wvorm="pv"/>
      <node begin="2" cat="pp" end="11" id="4" rel="mod">
        <node begin="2" end="3" frame="preposition(tijdens,[])" his="normal" his_1="normal" id="5" lcat="pp" lemma="tijdens" pos="prep" postag="VZ(init)" pt="vz" rel="hd" root="tijdens" sense="tijdens" vztype="init" word="tijdens"/>
        <node begin="3" cat="np" end="11" id="6" rel="obj1">
          <node begin="3" buiging="zonder" end="4" frame="determiner(pron)" getal="ev" his="normal" his_1="normal" id="7" infl="pron" lcat="detp" lemma="zijn" naamval="stan" npagr="agr" pdtype="det" persoon="3" pos="det" positie="prenom" postag="VNW(bez,det,stan,vol,3,ev,prenom,zonder,agr)" pron="true" pt="vnw" rel="det" root="zijn" sense="zijn" status="vol" vwtype="bez" word="zijn"/>
          <node begin="4" end="5" frame="noun(de,count,sg)" gen="de" genus="zijd" getal="ev" graad="basis" his="normal" his_1="normal" id="8" lcat="np" lemma="vergadering" naamval="stan" ntype="soort" num="sg" pos="noun" postag="N(soort,ev,basis,zijd,stan)" pt="n" rel="hd" rnum="sg" root="vergadering" sense="vergadering" word="vergadering"/>
          <node begin="5" cat="pp" end="11" id="9" rel="mod">
            <node begin="5" end="6" frame="preposition(met,[mee,[en,al]])" his="normal" his_1="normal" id="10" lcat="pp" lemma="met" pos="prep" postag="VZ(init)" pt="vz" rel="hd" root="met" sense="met" vztype="init" word="met"/>
            <node begin="6" cat="np" end="11" id="11" rel="obj1">
              <node begin="6" end="7" frame="determiner(de)" his="normal" his_1="normal" id="12" infl="de" lcat="detp" lemma="de" lwtype="bep" naamval="stan" npagr="rest" pos="det" postag="LID(bep,stan,rest)" pt="lid" rel="det" root="de" sense="de" word="de"/>
              <node aform="base" begin="7" buiging="met-e" end="8" frame="adjective(e)" graad="basis" his="normal" his_1="normal" id="13" infl="e" lcat="ap" lemma="Frans" naamval="stan" pos="adj" positie="prenom" postag="ADJ(prenom,basis,met-e,stan)" pt="adj" rel="mod" root="Frans" sense="Frans" vform="adj" word="Franse"/>
              <node begin="8" end="9" frame="noun(de,count,sg)" gen="de" genus="zijd" getal="ev" graad="basis" his="normal" his_1="normal" id="14" lcat="np" lemma="president" naamval="stan" ntype="soort" num="sg" pos="noun" postag="N(soort,ev,basis,zijd,stan)" pt="n" rel="hd" rnum="sg" root="president" sense="president" word="president"/>
              <node begin="9" cat="mwu" end="11" his="name" his_1="not_begin" id="15" mwu_root="Emmanuel Macron" mwu_sense="Emmanuel Macron" rel="app">
                <node begin="9" end="10" frame="proper_name(sg,'PER')" id="16" lcat="np" lemma="Emmanuel" neclass="PER" num="sg" pos="name" postag="SPEC(deeleigen)" pt="spec" rel="mwp" rnum="sg" root="Emmanuel" sense="Emmanuel" spectype="deeleigen" word="Emmanuel"/>
                <node begin="10" end="11" frame="proper_name(sg,'PER')" id="17" lcat="np" lemma="Macron" neclass="PER" num="sg" pos="name" postag="SPEC(deeleigen)" pt="spec" rel="mwp" rnum="sg" root="Macron" sense="Macron" spectype="deeleigen" word="Macron"/>
              </node>
            </node>
          </node>
        </node>
      </node>
      <node begin="11" end="12" frame="sentence_adverb" his="normal" his_1="normal" id="18" lcat="advp" lemma="ook" pos="adv" postag="BW()" pt="bw" rel="mod" root="ook" sense="ook" special="sentence" word="ook"/>
      <node begin="0" cat="ti" end="20" id="19" rel="vc">
        <node begin="13" end="14" frame="complementizer(te)" his="normal" his_1="normal" id="20" lcat="ti" lemma="te" pos="comp" postag="VZ(init)" pt="vz" rel="cmp" root="te" sc="te" sense="te" vztype="init" word="te"/>
        <node begin="0" cat="inf" end="20" id="21" rel="body">
          <node begin="0" end="1" id="22" index="1" rel="su"/>
          <node begin="12" end="13" frame="particle(uit)" his="normal" his_1="normal" id="23" lcat="part" lemma="uit" pos="part" postag="VZ(fin)" pt="vz" rel="svp" root="uit" sense="uit" vztype="fin" word="uit"/>
          <node begin="14" buiging="zonder" end="15" frame="verb('hebben/zijn',inf,part_ld_pp(uit))" his="normal" his_1="normal" id="24" infl="inf" lcat="inf" lemma="uit_kijken" pos="verb" positie="vrij" postag="WW(inf,vrij,zonder)" pt="ww" rel="hd" root="kijk_uit" sc="part_ld_pp(uit)" sense="kijk_uit" word="kijken" wvorm="inf"/>
          <node begin="15" cat="pp" end="20" id="25" rel="ld">
            <node begin="15" end="16" frame="preposition(naar,[toe])" his="normal" his_1="normal" id="26" lcat="pp" lemma="naar" pos="prep" postag="VZ(init)" pt="vz" rel="hd" root="naar" sense="naar" vztype="init" word="naar"/>
            <node begin="16" cat="np" end="20" id="27" rel="obj1">
              <node begin="16" buiging="zonder" end="17" frame="determiner(pron)" getal="ev" his="normal" his_1="normal" id="28" infl="pron" lcat="detp" lemma="zijn" naamval="stan" npagr="agr" pdtype="det" persoon="3" pos="det" positie="prenom" postag="VNW(bez,det,stan,vol,3,ev,prenom,zonder,agr)" pron="true" pt="vnw" rel="det" root="zijn" sense="zijn" status="vol" vwtype="bez" word="zijn"/>
              <node begin="17" end="18" frame="noun(de,count,sg)" gen="de" genus="zijd" getal="ev" graad="basis" his="normal" his_1="normal" id="29" lcat="np" lemma="ontmoeting" naamval="stan" ntype="soort" num="sg" pos="noun" postag="N(soort,ev,basis,zijd,stan)" pt="n" rel="hd" rnum="sg" root="ontmoeting" sense="ontmoeting" word="ontmoeting"/>
              <node begin="18" cat="pp" end="20" id="30" rel="mod">
                <node begin="18" end="19" frame="preposition(met,[mee,[en,al]])" his="normal" his_1="normal" id="31" lcat="pp" lemma="met" pos="prep" postag="VZ(init)" pt="vz" rel="hd" root="met" sense="met" vztype="init" word="met"/>
                <node begin="19" end="20" frame="proper_name(sg,'PER')" genus="zijd" getal="ev" graad="basis" his="normal" his_1="names_dictionary" id="32" lcat="np" lemma="Kim" naamval="stan" neclass="PER" ntype="eigen" num="sg" pos="name" postag="N(eigen,ev,basis,zijd,stan)" pt="n" rel="obj1" rnum="sg" root="Kim" sense="Kim" word="Kim"/>
              </node>
            </node>
          </node>
        </node>
      </node>
    </node>
    <node begin="20" end="21" frame="punct(punt)" his="normal" his_1="normal" id="33" lcat="punct" lemma="." pos="punct" postag="LET()" pt="let" rel="--" root="." sense="." special="punt" word="."/>
  </node>
  <sentence sentid="3">Hij zei tijdens zijn vergadering met de Franse president Emmanuel Macron ook uit te kijken naar zijn ontmoeting met Kim .</sentence>
  <comments>
    <comment>Q#3|Hij zei tijdens zijn vergadering met de Franse president Emmanuel Macron ook uit te kijken naar zijn ontmoeting met Kim .|1|1|-15.294591606860003</comment>
  </comments>
</alpino_ds>
