<?xml version="1.0" encoding="UTF-8"?>
<alpino_ds version="1.6">
  <parser cats="1" skips="0" />
  <node begin="0" cat="top" end="11" id="0" rel="top">
    <node begin="7" end="8" frame="punct(komma)" his="normal" his_1="normal" id="1" lcat="punct" lemma="," pos="punct" postag="LET()" pt="let" rel="--" root="," sense="," special="komma" word=","/>
    <node begin="0" cat="smain" end="10" id="2" rel="--">
      <node begin="0" case="nom" def="def" end="1" frame="pronoun(nwh,fir,pl,de,nom,def,wkpro)" gen="de" getal="mv" his="normal" his_1="decap" his_1_1="normal" id="3" index="1" lcat="np" lemma="we" naamval="nomin" num="pl" pdtype="pron" per="fir" persoon="1" pos="pron" postag="VNW(pers,pron,nomin,red,1,mv)" pt="vnw" rel="su" rnum="pl" root="we" sense="we" special="wkpro" status="red" vwtype="pers" wh="nwh" word="We"/>
      <node begin="1" end="2" frame="verb(zijn,pl,aux(inf))" his="normal" his_1="normal" id="4" infl="pl" lcat="smain" lemma="gaan" pos="verb" postag="WW(pv,tgw,mv)" pt="ww" pvagr="mv" pvtijd="tgw" rel="hd" root="ga" sc="aux(inf)" sense="ga" stype="declarative" tense="present" word="gaan" wvorm="pv"/>
      <node begin="0" cat="inf" end="10" id="5" rel="vc">
        <node begin="0" end="1" id="6" index="1" rel="su"/>
        <node begin="4" buiging="zonder" end="5" frame="verb(hebben,inf,transitive_ndev)" his="normal" his_1="normal" id="7" infl="inf" lcat="inf" lemma="hebben" pos="verb" positie="vrij" postag="WW(inf,vrij,zonder)" pt="ww" rel="hd" root="heb" sc="transitive_ndev" sense="heb" word="hebben" wvorm="inf"/>
        <node begin="2" cat="np" end="7" id="8" rel="obj1">
          <node begin="2" end="3" frame="determiner(een)" his="normal" his_1="normal" id="9" infl="een" lcat="detp" lemma="een" lwtype="onbep" naamval="stan" npagr="agr" pos="det" postag="LID(onbep,stan,agr)" pt="lid" rel="det" root="een" sense="een" word="een"/>
          <node begin="3" end="4" frame="noun(de,count,sg)" gen="de" genus="zijd" getal="ev" graad="basis" his="normal" his_1="normal" id="10" lcat="np" lemma="ontmoeting" naamval="stan" ntype="soort" num="sg" pos="noun" postag="N(soort,ev,basis,zijd,stan)" pt="n" rel="hd" rnum="sg" root="ontmoeting" sense="ontmoeting" word="ontmoeting"/>
          <node begin="5" cat="pp" end="7" id="11" rel="mod">
            <node begin="5" end="6" frame="preposition(met,[mee,[en,al]])" his="normal" his_1="normal" id="12" lcat="pp" lemma="met" pos="prep" postag="VZ(init)" pt="vz" rel="hd" root="met" sense="met" vztype="init" word="met"/>
            <node begin="6" end="7" frame="proper_name(sg,'PER')" genus="zijd" getal="ev" graad="basis" his="normal" his_1="names_dictionary" id="13" lcat="np" lemma="Kim" naamval="stan" neclass="PER" ntype="eigen" num="sg" pos="name" postag="N(eigen,ev,basis,zijd,stan)" pt="n" rel="obj1" rnum="sg" root="Kim" sense="Kim" word="Kim"/>
          </node>
        </node>
        <node begin="8" cat="advp" end="10" id="14" rel="mod">
          <node begin="8" buiging="zonder" end="9" frame="modal_adverb(adv_noun_prep)" graad="basis" his="normal" his_1="normal" id="15" lcat="advp" lemma="heel" pos="adv" positie="vrij" postag="ADJ(vrij,basis,zonder)" pt="adj" rel="mod" root="heel" sc="adv_noun_prep" sense="heel" word="heel"/>
          <node begin="9" end="10" frame="tmp_adverb" his="normal" his_1="normal" id="16" lcat="advp" lemma="binnenkort" pos="adv" postag="BW()" pt="bw" rel="hd" root="binnenkort" sense="binnenkort" special="tmp" word="binnenkort"/>
        </node>
      </node>
    </node>
    <node begin="10" end="11" frame="punct(punt)" his="normal" his_1="normal" id="17" lcat="punct" lemma="." pos="punct" postag="LET()" pt="let" rel="--" root="." sense="." special="punt" word="."/>
  </node>
  <sentence sentid="4">We gaan een ontmoeting hebben met Kim , heel binnenkort .</sentence>
  <comments>
    <comment>Q#4|We gaan een ontmoeting hebben met Kim , heel binnenkort .|1|1|-7.4711280701600025</comment>
  </comments>
</alpino_ds>
