<?xml version="1.0" encoding="UTF-8"?>
<alpino_ds version="1.6">
  <parser cats="1" skips="0" />
  <node begin="0" cat="top" end="15" id="0" rel="top">
    <node begin="0" cat="smain" end="14" id="1" rel="--">
      <node begin="0" case="nom" def="def" end="1" frame="pronoun(nwh,fir,pl,de,nom,def,wkpro)" gen="de" getal="mv" his="normal" his_1="decap" his_1_1="normal" id="2" index="1" lcat="np" lemma="we" naamval="nomin" num="pl" pdtype="pron" per="fir" persoon="1" pos="pron" postag="VNW(pers,pron,nomin,red,1,mv)" pt="vnw" rel="su" rnum="pl" root="we" sense="we" special="wkpro" status="red" vwtype="pers" wh="nwh" word="We"/>
      <node begin="1" end="2" frame="verb(hebben,pl,aux_psp_hebben)" his="normal" his_1="normal" id="3" infl="pl" lcat="smain" lemma="hebben" pos="verb" postag="WW(pv,tgw,mv)" pt="ww" pvagr="mv" pvtijd="tgw" rel="hd" root="heb" sc="aux_psp_hebben" sense="heb" stype="declarative" tense="present" word="hebben" wvorm="pv"/>
      <node begin="0" cat="ppart" end="14" id="4" rel="vc">
        <node begin="0" end="1" id="5" index="1" rel="su"/>
        <node aform="base" begin="2" buiging="zonder" end="3" frame="adjective(no_e(adv))" graad="basis" his="normal" his_1="normal" id="6" infl="no_e" lcat="ap" lemma="rechtstreeks" pos="adj" positie="vrij" postag="ADJ(vrij,basis,zonder)" pt="adj" rel="mod" root="rechtstreeks" sense="rechtstreeks" vform="adj" word="rechtstreeks"/>
        <node begin="5" buiging="zonder" end="6" frame="verb(hebben,psp,subj_control(pass_te))" his="normal" his_1="normal" id="7" infl="psp" lcat="ppart" lemma="krijgen" pos="verb" positie="vrij" postag="WW(vd,vrij,zonder)" pt="ww" rel="hd" root="krijg" sc="subj_control(pass_te)" sense="krijg" word="gekregen" wvorm="vd"/>
        <node begin="0" cat="ti" end="14" id="8" rel="vc">
          <node begin="3" end="4" frame="complementizer(te)" his="normal" his_1="normal" id="9" lcat="ti" lemma="te" pos="comp" postag="VZ(init)" pt="vz" rel="cmp" root="te" sc="te" sense="te" vztype="init" word="te"/>
          <node begin="0" cat="inf" end="14" id="10" rel="body">
            <node begin="0" end="1" id="11" index="1" rel="su"/>
            <node begin="4" buiging="zonder" end="5" frame="verb(hebben,inf,sbar)" his="normal" his_1="normal" id="12" infl="inf" lcat="inf" lemma="horen" pos="verb" positie="vrij" postag="WW(inf,vrij,zonder)" pt="ww" rel="hd" root="hoor" sc="sbar" sense="hoor" word="horen" wvorm="inf"/>
            <node begin="6" cat="cp" end="14" id="13" rel="vc">
              <node begin="6" conjtype="onder" end="7" frame="complementizer(dat)" his="normal" his_1="normal" id="14" lcat="cp" lemma="dat" pos="comp" postag="VG(onder)" pt="vg" rel="cmp" root="dat" sc="dat" sense="dat" word="dat"/>
              <node begin="7" cat="ssub" end="14" id="15" rel="body">
                <node begin="7" case="nom" def="def" end="8" frame="pronoun(nwh,thi,both,de,nom,def)" gen="de" getal="mv" his="normal" his_1="normal" id="16" index="2" lcat="np" lemma="zij" naamval="nomin" num="both" pdtype="pron" per="thi" persoon="3p" pos="pron" postag="VNW(pers,pron,nomin,vol,3p,mv)" pt="vnw" rel="su" rnum="pl" root="zij" sense="zij" status="vol" vwtype="pers" wh="nwh" word="zij"/>
                <node begin="12" end="13" frame="verb(hebben,pl,modifier(aux(inf)))" his="normal" his_1="normal" id="17" infl="pl" lcat="ssub" lemma="willen" pos="verb" postag="WW(pv,tgw,mv)" pt="ww" pvagr="mv" pvtijd="tgw" rel="hd" root="wil" sc="modifier(aux(inf))" sense="wil" tense="present" word="willen" wvorm="pv"/>
                <node begin="7" cat="inf" end="14" id="18" rel="vc">
                  <node begin="7" end="8" id="19" index="2" rel="su"/>
                  <node begin="8" cat="np" end="10" id="20" rel="obj1">
                    <node begin="8" buiging="zonder" end="9" frame="determiner(de,nwh,nmod,pro,nparg)" his="normal" his_1="normal" id="21" infl="de" lcat="detp" lemma="die" naamval="stan" npagr="rest" pdtype="det" pos="det" positie="prenom" postag="VNW(aanw,det,stan,prenom,zonder,rest)" pt="vnw" rel="det" root="die" sense="die" vwtype="aanw" wh="nwh" word="die"/>
                    <node begin="9" end="10" frame="noun(de,count,sg)" gen="de" genus="zijd" getal="ev" graad="basis" his="normal" his_1="normal" id="22" lcat="np" lemma="meeting" naamval="stan" ntype="soort" num="sg" pos="noun" postag="N(soort,ev,basis,zijd,stan)" pt="n" rel="hd" rnum="sg" root="meeting" sense="meeting" word="meeting"/>
                  </node>
                  <node begin="10" cat="advp" end="12" id="23" rel="mod">
                    <node begin="10" buiging="zonder" end="11" frame="modal_adverb(adv_noun_prep)" graad="basis" his="normal" his_1="normal" id="24" lcat="advp" lemma="heel" pos="adv" positie="vrij" postag="ADJ(vrij,basis,zonder)" pt="adj" rel="mod" root="heel" sc="adv_noun_prep" sense="heel" word="heel"/>
                    <node begin="11" end="12" frame="tmp_adverb" his="normal" his_1="normal" id="25" lcat="advp" lemma="binnenkort" pos="adv" postag="BW()" pt="bw" rel="hd" root="binnenkort" sense="binnenkort" special="tmp" word="binnenkort"/>
                  </node>
                  <node begin="13" buiging="zonder" end="14" frame="verb(hebben,inf,transitive)" his="normal" his_1="normal" id="26" infl="inf" lcat="inf" lemma="houden" pos="verb" positie="vrij" postag="WW(inf,vrij,zonder)" pt="ww" rel="hd" root="houd" sc="transitive" sense="houd" word="houden" wvorm="inf"/>
                </node>
              </node>
            </node>
          </node>
        </node>
      </node>
    </node>
    <node begin="14" end="15" frame="punct(punt)" his="normal" his_1="normal" id="27" lcat="punct" lemma="." pos="punct" postag="LET()" pt="let" rel="--" root="." sense="." special="punt" word="."/>
  </node>
  <sentence sentid="5">We hebben rechtstreeks te horen gekregen dat zij die meeting heel binnenkort willen houden .</sentence>
  <comments>
    <comment>Q#5|We hebben rechtstreeks te horen gekregen dat zij die meeting heel binnenkort willen houden .|1|1|-14.436905768609998</comment>
  </comments>
</alpino_ds>
