<?xml version="1.0" encoding="UTF-8"?>
<alpino_ds version="1.6">
  <parser cats="1" skips="0" />
  <node begin="0" cat="top" end="11" id="0" rel="top">
    <node begin="0" cat="smain" end="10" id="1" rel="--">
      <node begin="0" case="nom" def="def" end="1" frame="pronoun(nwh,fir,pl,de,nom,def,wkpro)" gen="de" getal="mv" his="normal" his_1="decap" his_1_1="normal" id="2" lcat="np" lemma="we" naamval="nomin" num="pl" pdtype="pron" per="fir" persoon="1" pos="pron" postag="VNW(pers,pron,nomin,red,1,mv)" pt="vnw" rel="su" rnum="pl" root="we" sense="we" special="wkpro" status="red" vwtype="pers" wh="nwh" word="We"/>
      <node begin="1" end="2" frame="verb(hebben,pl,tr_sbar)" his="normal" his_1="normal" id="3" infl="pl" lcat="smain" lemma="denken" pos="verb" postag="WW(pv,tgw,mv)" pt="ww" pvagr="mv" pvtijd="tgw" rel="hd" root="denk" sc="tr_sbar" sense="denk" stype="declarative" tense="present" word="denken" wvorm="pv"/>
      <node begin="2" cat="cp" end="10" id="4" rel="vc">
        <node begin="2" conjtype="onder" end="3" frame="complementizer(dat)" his="normal" his_1="normal" id="5" lcat="cp" lemma="dat" pos="comp" postag="VG(onder)" pt="vg" rel="cmp" root="dat" sc="dat" sense="dat" word="dat"/>
        <node begin="3" cat="ssub" end="10" id="6" rel="body">
          <node begin="3" cat="np" end="5" id="7" rel="su">
            <node begin="3" buiging="zonder" end="4" frame="determiner(het,nwh,nmod,pro,nparg)" his="normal" his_1="normal" id="8" infl="het" lcat="detp" lemma="dit" naamval="stan" npagr="evon" pdtype="det" pos="det" positie="prenom" postag="VNW(aanw,det,stan,prenom,zonder,evon)" pt="vnw" rel="det" root="dit" sense="dit" vwtype="aanw" wh="nwh" word="dit"/>
            <node begin="4" end="5" frame="meas_mod_noun(het,mass,sg)" gen="het" getal="ev" his="normal" his_1="normal" id="9" lcat="np" lemma="iets" naamval="stan" num="sg" pdtype="pron" persoon="3o" pos="noun" postag="VNW(onbep,pron,stan,vol,3o,ev)" pt="vnw" rel="hd" rnum="sg" root="iets" sense="iets" special="meas_mod" status="vol" vwtype="onbep" word="iets"/>
          </node>
          <node aform="base" begin="5" buiging="zonder" end="6" frame="adjective(no_e(adv))" graad="basis" his="normal" his_1="normal" id="10" infl="no_e" lcat="ap" lemma="prachtig" pos="adj" positie="vrij" postag="ADJ(vrij,basis,zonder)" pt="adj" rel="predc" root="prachtig" sense="prachtig" vform="adj" word="prachtig"/>
          <node begin="6" end="7" frame="verb(unacc,sg_heeft,copula)" his="normal" his_1="normal" id="11" infl="sg_heeft" lcat="ssub" lemma="zijn" pos="verb" postag="WW(pv,tgw,ev)" pt="ww" pvagr="ev" pvtijd="tgw" rel="hd" root="ben" sc="copula" sense="ben" tense="present" word="is" wvorm="pv"/>
          <node begin="7" cat="pp" end="10" id="12" rel="mod">
            <node begin="7" end="8" frame="preposition(voor,[aan,door,uit,[in,de,plaats]])" his="normal" his_1="normal" id="13" lcat="pp" lemma="voor" pos="prep" postag="VZ(init)" pt="vz" rel="hd" root="voor" sense="voor" vztype="init" word="voor"/>
            <node begin="8" cat="np" end="10" id="14" rel="obj1">
              <node begin="8" end="9" frame="determiner(de)" his="normal" his_1="normal" id="15" infl="de" lcat="detp" lemma="de" lwtype="bep" naamval="stan" npagr="rest" pos="det" postag="LID(bep,stan,rest)" pt="lid" rel="det" root="de" sense="de" word="de"/>
              <node begin="9" end="10" frame="noun(de,count,sg)" gen="de" genus="zijd" getal="ev" graad="basis" his="normal" his_1="normal" id="16" lcat="np" lemma="wereld" naamval="stan" ntype="soort" num="sg" pos="noun" postag="N(soort,ev,basis,zijd,stan)" pt="n" rel="hd" rnum="sg" root="wereld" sense="wereld" word="wereld"/>
            </node>
          </node>
        </node>
      </node>
    </node>
    <node begin="10" end="11" frame="punct(punt)" his="normal" his_1="normal" id="17" lcat="punct" lemma="." pos="punct" postag="LET()" pt="let" rel="--" root="." sense="." special="punt" word="."/>
  </node>
  <sentence sentid="6">We denken dat dit iets prachtig is voor de wereld .</sentence>
  <comments>
    <comment>Q#6|We denken dat dit iets prachtig is voor de wereld .|1|1|-3.7689960921500023</comment>
  </comments>
</alpino_ds>
