{"meta": {"id": "MH-DMF20170918_03079512-Trump_geeft_VN_kritiek_bij.tsv", "author": "eventdna_anno_2"}, "doc": {"token_string": "Trump geeft VN kritiek bij eerste speech : ' VN bereikt niet haar volle potentieel ' De Amerikaanse president Donald Trump heeft voor het eerst de algemene vergadering van de Verenigde Naties toegesproken . In zijn speech was Trump erg kritisch voor de VN : ' De jongste jaren hebben de VN niet hun volledig potentieel gehaald vanwege bureaucratie en slecht bestuur . '", "token_ids": [0, 1, 2, 3, 4, 5, 6, 7, 8, 9, 10, 11, 12, 13, 14, 15, 16, 17, 18, 19, 20, 21, 22, 23, 24, 25, 26, 27, 28, 29, 30, 31, 32, 33, 34, 35, 36, 37, 38, 39, 40, 41, 42, 43, 44, 45, 46, 47, 48, 49, 50, 51, 52, 53, 54, 55, 56, 57, 58, 59, 60, 61, 62, 63], "sentences": {"sentence_1": {"token_ids": [0, 1, 2, 3, 4, 5, 6, 7, 8, 9, 10, 11, 12, 13, 14, 15]}, "sentence_2": {"token_ids": [16, 17, 18, 19, 20, 21, 22, 23, 24, 25, 26, 27, 28, 29, 30, 31, 32, 33]}, "sentence_3": {"token_ids": [34, 35, 36, 37, 38, 39, 40, 41, 42, 43, 44, 45, 46, 47, 48, 49, 50, 51, 52, 53, 54, 55, 56, 57, 58, 59, 60, 61, 62, 63]}}, "annotations": {"entities": {"entity_1": {"type": "entity", "string": "Trump", "features": {"type": "PER", "span": [0], "individuality": "INDIV", "mention_level_type": "NAM", "head": {"type": "entityHead", "string": "Trump", "features": {"span": [0]}}}, "home_sentence": "sentence_1"}, "entity_2": {"type": "entity", "string": "VN", "features": {"type": "ORG", "span": [2], "individuality": "INDIV", "mention_level_type": "NAM", "head": {"type": "entityHead", "string": "VN", "features": {"span": [2]}}}, "home_sentence": "sentence_1"}, "entity_3": {"type": "entity", "string": "VN", "features": {"type": "ORG", "span": [9], "individuality": "INDIV", "mention_level_type": "NAM", "head": {"type": "entityHead", "string": "VN", "features": {"span": [9]}}}, "home_sentence": "sentence_1"}, "entity_4": {"type": "entity", "string": "haar", "features": {"type": "ORG", "span": [12], "individuality": "INDIV", "mention_level_type": "PRON", "head": {"type": "entityHead", "string": "haar", "features": {"span": [12]}}}, "home_sentence": "sentence_1"}, "entity_5": {"type": "entity", "string": "Amerikaanse", "features": {"type": "LOC", "span": [17], "individuality": "INDIV", "mention_level_type": "NAM", "head": {"type": "entityHead", "string": "Amerikaanse", "features": {"span": [17]}}}, "home_sentence": "sentence_2"}, "entity_6": {"type": "entity", "string": "Donald Trump", "features": {"type": "PER", "span": [19, 20], "individuality": "INDIV", "mention_level_type": "NAM", "head": {"type": "entityHead", "string": "Donald Trump", "features": {"span": [19, 20]}}}, "home_sentence": "sentence_2"}, "entity_7": {"type": "entity", "string": "Verenigde Naties", "features": {"type": "ORG", "span": [30, 31], "individuality": "INDIV", "mention_level_type": "NAM", "head": {"type": "entityHead", "string": "Verenigde Naties", "features": {"span": [30, 31]}}}, "home_sentence": "sentence_2"}, "entity_8": {"type": "entity", "string": "zijn", "features": {"type": "PER", "span": [35], "individuality": "INDIV", "mention_level_type": "PRON", "head": {"type": "entityHead", "string": "zijn", "features": {"span": [35]}}}, "home_sentence": "sentence_3"}, "entity_9": {"type": "entity", "string": "Trump", "features": {"type": "PER", "span": [38], "individuality": "INDIV", "mention_level_type": "NAM", "head": {"type": "entityHead", "string": "Trump", "features": {"span": [38]}}}, "home_sentence": "sentence_3"}, "entity_10": {"type": "entity", "string": "VN", "features": {"type": "ORG", "span": [43], "individuality": "INDIV", "mention_level_type": "NAM", "head": {"type": "entityHead", "string": "VN", "features": {"span": [43]}}}, "home_sentence": "sentence_3"}, "entity_11": {"type": "entity", "string": "VN", "features": {"type": "ORG", "span": [51], "individuality": "INDIV", "mention_level_type": "NAM", "head": {"type": "entityHead", "string": "VN", "features": {"span": [51]}}}, "home_sentence": "sentence_3"}, "entity_12": {"type": "entity", "string": "hun", "features": {"type": "ORG", "span": [53], "individuality": "INDIV", "mention_level_type": "PRON", "head": {"type": "entityHead", "string": "hun", "features": {"span": [53]}}}, "home_sentence": "sentence_3"}}, "events": {"event_1": {"annotation_type": "event", "string": "Trump geeft VN kritiek", "features": {"span": [0, 1, 2, 3], "arguments": [], "type": "Contact", "subtype": "Contact", "modality": "Asserted", "pos_neg": "Positive", "prominence": "Main", "tense": "Present"}, "home_sentence": "sentence_1"}, "event_2": {"annotation_type": "event", "string": "De Amerikaanse president Donald Trump heeft voor het eerst de algemene vergadering van de Verenigde Naties toegesproken", "features": {"span": [16, 17, 18, 19, 20, 21, 22, 23, 24, 25, 26, 27, 28, 29, 30, 31, 32], "arguments": [{"string": "Donald Trump", "features": {"span": [19, 20], "argument_entity_type": "PER", "argument_role": "Entity"}}], "type": "Contact", "subtype": "Contact", "modality": "Asserted", "pos_neg": "Positive", "prominence": "Background", "tense": "Past"}, "home_sentence": "sentence_2"}, "event_3": {"annotation_type": "event", "string": "de algemene vergadering van de Verenigde Naties", "features": {"span": [25, 26, 27, 28, 29, 30, 31], "arguments": [{"string": "Verenigde Naties", "features": {"span": [30, 31], "argument_entity_type": "ORG", "argument_role": "Entity"}}], "type": "Contact", "subtype": "Meet", "modality": "Asserted", "pos_neg": "Positive", "prominence": "Background", "tense": "Unspecified"}, "home_sentence": "sentence_2"}, "event_4": {"annotation_type": "event", "string": "In zijn speech was Trump erg kritisch voor de VN", "features": {"span": [34, 35, 36, 37, 38, 39, 40, 41, 42, 43], "arguments": [{"string": "Trump", "features": {"span": [38], "argument_entity_type": "PER", "argument_role": "Entity"}}], "type": "Contact", "subtype": "Contact", "modality": "Asserted", "pos_neg": "Positive", "prominence": "Main", "tense": "Past"}, "home_sentence": "sentence_3"}}, "coreference": {"entities": {"coref_bucket_1": ["entity_4", "entity_2", "entity_3"], "coref_bucket_2": ["entity_4", "entity_7", "entity_2", "entity_3"], "coref_bucket_3": ["entity_8", "entity_6", "entity_1"], "coref_bucket_4": ["entity_4", "entity_7", "entity_10", "entity_3"], "coref_bucket_5": ["entity_9", "entity_8", "entity_6", "entity_1"], "coref_bucket_6": ["entity_8", "entity_6", "entity_9"], "coref_bucket_7": ["entity_4", "entity_7", "entity_10", "entity_11"], "coref_bucket_8": ["entity_12", "entity_7", "entity_10", "entity_11"], "coref_bucket_9": ["entity_12", "entity_10", "entity_11"]}, "events": {"coref_bucket_10": ["event_1", "event_4"]}}, "iptc_codes": {"certain": [[["medtop:20000644", "international organisation"], ["medtop:20000638", "international relations"], ["medtop:11000000", "politics"]], [["medtop:20000610", "heads of state"], ["medtop:20000593", "government"], ["medtop:11000000", "politics"]]], "uncertain": [[["medtop:20000639", "diplomacy"], ["medtop:20000638", "international relations"], ["medtop:11000000", "politics"]]]}}}}