<?xml version="1.0" encoding="UTF-8"?>
<alpino_ds version="1.6">
  <parser cats="1" skips="0" />
  <node begin="0" cat="top" end="12" id="0" rel="top">
    <node begin="0" cat="smain" end="12" id="1" rel="--">
      <node begin="0" cat="np" end="6" id="2" rel="su">
        <node begin="0" end="1" frame="noun(het,count,sg)" gen="het" genus="onz" getal="ev" graad="basis" his="normal" his_1="decap" his_1_1="normal" id="3" lcat="np" lemma="ongeval" naamval="stan" ntype="soort" num="sg" pos="noun" postag="N(soort,ev,basis,onz,stan)" pt="n" rel="hd" rnum="sg" root="ongeval" sense="ongeval" word="Ongeval"/>
        <node begin="1" cat="pp" end="4" id="4" rel="mod">
          <node begin="1" end="2" frame="preposition(met,[mee,[en,al]])" his="normal" his_1="normal" id="5" lcat="pp" lemma="met" pos="prep" postag="VZ(init)" pt="vz" rel="hd" root="met" sense="met" vztype="init" word="met"/>
          <node begin="2" cat="np" end="4" id="6" rel="obj1">
            <node begin="2" end="3" frame="number(hoofd(pl_num))" his="normal" his_1="normal" id="7" infl="pl_num" lcat="detp" lemma="vijf" naamval="stan" numtype="hoofd" pos="num" positie="prenom" postag="TW(hoofd,prenom,stan)" pt="tw" rel="det" root="vijf" sense="vijf" special="hoofd" word="vijf"/>
            <node begin="3" end="4" frame="noun(het,count,pl)" gen="het" getal="mv" graad="basis" his="normal" his_1="normal" id="8" lcat="np" lemma="voertuig" ntype="soort" num="pl" pos="noun" postag="N(soort,mv,basis)" pt="n" rel="hd" rnum="pl" root="voertuig" sense="voertuig" word="voertuigen"/>
          </node>
        </node>
        <node begin="4" cat="pp" end="6" id="9" rel="mod">
          <node begin="4" end="5" frame="preposition(op,[af,na])" his="normal" his_1="normal" id="10" lcat="pp" lemma="op" pos="prep" postag="VZ(init)" pt="vz" rel="hd" root="op" sense="op" vztype="init" word="op"/>
          <node begin="5" end="6" frame="proper_name(sg,'LOC')" genus="zijd" getal="ev" graad="basis" his="normal" his_1="names_dictionary" id="11" lcat="np" lemma="A12" naamval="stan" neclass="LOC" ntype="eigen" num="sg" pos="name" postag="N(eigen,ev,basis,zijd,stan)" pt="n" rel="obj1" rnum="sg" root="A12" sense="A12" word="A12"/>
        </node>
      </node>
      <node begin="6" end="7" frame="verb(hebben,sg3,fixed([ap_pred('in de war'),acc],norm_passive))" his="normal" his_1="normal" id="12" infl="sg3" lcat="smain" lemma="sturen" pos="verb" postag="WW(pv,tgw,met-t)" pt="ww" pvagr="met-t" pvtijd="tgw" rel="hd" root="stuur" sc="fixed([ap_pred(in de war),acc],norm_passive)" sense="in de war-stuur" stype="declarative" tense="present" word="stuurt" wvorm="pv"/>
      <node begin="7" end="8" frame="noun(de,count,sg)" gen="de" genus="zijd" getal="ev" graad="basis" his="normal" his_1="normal" id="13" lcat="np" lemma="ochtendspits" naamval="stan" ntype="soort" num="sg" pos="noun" postag="N(soort,ev,basis,zijd,stan)" pt="n" rel="obj1" rnum="sg" root="ochtendspits" sense="ochtendspits" word="ochtendspits"/>
      <node begin="8" cat="ap" end="12" id="14" rel="predc">
        <node aform="base" begin="8" buiging="zonder" end="9" frame="adjective(no_e(adv))" graad="basis" his="normal" his_1="normal" id="15" infl="no_e" lcat="ap" lemma="stevig" pos="adj" positie="vrij" postag="ADJ(vrij,basis,zonder)" pt="adj" rel="mod" root="stevig" sense="stevig" vform="adj" word="stevig"/>
        <node begin="9" cat="mwu" end="12" his="normal" his_1="normal" id="16" mwu_root="in de war" mwu_sense="in de war" rel="hd">
          <node aform="base" begin="9" buiging="zonder" end="10" frame="adjective(pred(padv))" graad="basis" id="17" infl="pred" lcat="ap" lemma="in" pos="adj" positie="vrij" postag="ADJ(vrij,basis,zonder)" pt="adj" rel="mwp" root="in" sense="in" vform="adj" word="in"/>
          <node aform="base" begin="10" buiging="zonder" end="11" frame="adjective(pred(padv))" graad="basis" id="18" infl="pred" lcat="ap" lemma="de" pos="adj" positie="vrij" postag="ADJ(vrij,basis,zonder)" pt="adj" rel="mwp" root="de" sense="de" vform="adj" word="de"/>
          <node aform="base" begin="11" buiging="zonder" end="12" frame="adjective(pred(padv))" graad="basis" id="19" infl="pred" lcat="ap" lemma="war" pos="adj" positie="vrij" postag="ADJ(vrij,basis,zonder)" pt="adj" rel="mwp" root="war" sense="war" vform="adj" word="war"/>
        </node>
      </node>
    </node>
  </node>
  <sentence sentid="1">Ongeval met vijf voertuigen op A12 stuurt ochtendspits stevig in de war</sentence>
  <comments>
    <comment>Q#1|Ongeval met vijf voertuigen op A12 stuurt ochtendspits stevig in de war|1|1|-1.3855730134799917</comment>
  </comments>
</alpino_ds>
