<?xml version="1.0" encoding="UTF-8"?>
<alpino_ds version="1.6">
  <parser cats="1" skips="0" />
  <node begin="0" cat="top" end="19" id="0" rel="top">
    <node begin="0" cat="smain" end="18" id="1" rel="--">
      <node begin="0" cat="np" end="9" id="2" rel="su">
        <node begin="0" end="1" frame="determiner(een)" his="normal" his_1="decap" his_1_1="normal" id="3" infl="een" lcat="detp" lemma="een" lwtype="onbep" naamval="stan" npagr="agr" pos="det" postag="LID(onbep,stan,agr)" pt="lid" rel="det" root="een" sense="een" word="Een"/>
        <node begin="1" end="2" frame="noun(het,count,sg)" gen="het" genus="onz" getal="ev" graad="basis" his="normal" his_1="normal" id="4" lcat="np" lemma="ongeval" naamval="stan" ntype="soort" num="sg" pos="noun" postag="N(soort,ev,basis,onz,stan)" pt="n" rel="hd" rnum="sg" root="ongeval" sense="ongeval" word="ongeval"/>
        <node begin="2" cat="pp" end="9" id="5" rel="mod">
          <node begin="2" end="3" frame="preposition(met,[mee,[en,al]])" his="normal" his_1="normal" id="6" lcat="pp" lemma="met" pos="prep" postag="VZ(init)" pt="vz" rel="hd" root="met" sense="met" vztype="init" word="met"/>
          <node begin="3" cat="np" end="9" id="7" rel="obj1">
            <node begin="3" end="4" frame="number(hoofd(pl_num))" his="normal" his_1="normal" id="8" infl="pl_num" lcat="detp" lemma="vijf" naamval="stan" numtype="hoofd" pos="num" positie="prenom" postag="TW(hoofd,prenom,stan)" pt="tw" rel="det" root="vijf" sense="vijf" special="hoofd" word="vijf"/>
            <node begin="4" end="5" frame="noun(het,count,pl)" gen="het" getal="mv" graad="basis" his="normal" his_1="normal" id="9" lcat="np" lemma="voertuig" ntype="soort" num="pl" pos="noun" postag="N(soort,mv,basis)" pt="n" rel="hd" rnum="pl" root="voertuig" sense="voertuig" word="voertuigen"/>
            <node begin="5" cat="pp" end="9" id="10" rel="mod">
              <node begin="5" end="6" frame="modal_adverb" his="normal" his_1="normal" id="11" lcat="advp" lemma="net" pos="adv" postag="BW()" pt="bw" rel="mod" root="net" sc="modal" sense="net" word="net"/>
              <node begin="6" end="7" frame="preposition(voor,[aan,door,uit,[in,de,plaats]])" his="normal" his_1="normal" id="12" lcat="pp" lemma="voor" pos="prep" postag="VZ(init)" pt="vz" rel="hd" root="voor" sense="voor" vztype="init" word="voor"/>
              <node begin="7" cat="np" end="9" id="13" rel="obj1">
                <node begin="7" end="8" frame="determiner(de)" his="normal" his_1="normal" id="14" infl="de" lcat="detp" lemma="de" lwtype="bep" naamval="stan" npagr="rest" pos="det" postag="LID(bep,stan,rest)" pt="lid" rel="det" root="de" sense="de" word="de"/>
                <node begin="8" end="9" frame="proper_name(both,'ORG')" genus="zijd" getal="ev" graad="basis" his="name" his_1="not_begin" id="15" lcat="np" lemma="Rupeltunnel" naamval="stan" neclass="ORG" ntype="eigen" num="both" pos="name" postag="N(eigen,ev,basis,zijd,stan)" pt="n" rel="hd" rnum="sg" root="Rupeltunnel" sense="Rupeltunnel" word="Rupeltunnel"/>
              </node>
            </node>
          </node>
        </node>
      </node>
      <node begin="9" end="10" frame="verb(hebben,past(sg),fixed([ap_pred('in de war'),acc],norm_passive))" his="normal" his_1="normal" id="16" infl="sg" lcat="smain" lemma="sturen" pos="verb" postag="WW(pv,verl,ev)" pt="ww" pvagr="ev" pvtijd="verl" rel="hd" root="stuur" sc="fixed([ap_pred(in de war),acc],norm_passive)" sense="in de war-stuur" stype="declarative" tense="past" word="stuurde" wvorm="pv"/>
      <node begin="10" cat="np" end="14" id="17" rel="obj1">
        <node begin="10" end="11" frame="determiner(de)" his="normal" his_1="normal" id="18" infl="de" lcat="detp" lemma="de" lwtype="bep" naamval="stan" npagr="rest" pos="det" postag="LID(bep,stan,rest)" pt="lid" rel="det" root="de" sense="de" word="de"/>
        <node begin="11" end="12" frame="noun(de,count,sg)" gen="de" genus="zijd" getal="ev" graad="basis" his="normal" his_1="normal" id="19" lcat="np" lemma="ochtendspits" naamval="stan" ntype="soort" num="sg" pos="noun" postag="N(soort,ev,basis,zijd,stan)" pt="n" rel="hd" rnum="sg" root="ochtendspits" sense="ochtendspits" word="ochtendspits"/>
        <node begin="12" cat="pp" end="14" id="20" rel="mod">
          <node begin="12" end="13" frame="preposition(richting,[])" genus="zijd" getal="ev" graad="basis" his="normal" his_1="normal" id="21" lcat="pp" lemma="richting" naamval="stan" ntype="soort" pos="prep" postag="N(soort,ev,basis,zijd,stan)" pt="n" rel="hd" root="richting" sense="richting" word="richting"/>
          <node begin="13" end="14" frame="proper_name(sg,'LOC')" genus="onz" getal="ev" graad="basis" his="normal" his_1="names_dictionary" id="22" lcat="np" lemma="Brussel" naamval="stan" neclass="LOC" ntype="eigen" num="sg" pos="name" postag="N(eigen,ev,basis,onz,stan)" pt="n" rel="obj1" rnum="sg" root="Brussel" sense="Brussel" word="Brussel"/>
        </node>
      </node>
      <node begin="14" cat="ap" end="18" id="23" rel="predc">
        <node aform="base" begin="14" buiging="zonder" end="15" frame="adjective(no_e(adv))" graad="basis" his="normal" his_1="normal" id="24" infl="no_e" lcat="ap" lemma="danig" pos="adj" positie="vrij" postag="ADJ(vrij,basis,zonder)" pt="adj" rel="mod" root="danig" sense="danig" vform="adj" word="danig"/>
        <node begin="15" cat="mwu" end="18" his="normal" his_1="normal" id="25" mwu_root="in de war" mwu_sense="in de war" rel="hd">
          <node aform="base" begin="15" buiging="zonder" end="16" frame="adjective(pred(padv))" graad="basis" id="26" infl="pred" lcat="ap" lemma="in" pos="adj" positie="vrij" postag="ADJ(vrij,basis,zonder)" pt="adj" rel="mwp" root="in" sense="in" vform="adj" word="in"/>
          <node aform="base" begin="16" buiging="zonder" end="17" frame="adjective(pred(padv))" graad="basis" id="27" infl="pred" lcat="ap" lemma="de" pos="adj" positie="vrij" postag="ADJ(vrij,basis,zonder)" pt="adj" rel="mwp" root="de" sense="de" vform="adj" word="de"/>
          <node aform="base" begin="17" buiging="zonder" end="18" frame="adjective(pred(padv))" graad="basis" id="28" infl="pred" lcat="ap" lemma="war" pos="adj" positie="vrij" postag="ADJ(vrij,basis,zonder)" pt="adj" rel="mwp" root="war" sense="war" vform="adj" word="war"/>
        </node>
      </node>
    </node>
    <node begin="18" end="19" frame="punct(punt)" his="normal" his_1="normal" id="29" lcat="punct" lemma="." pos="punct" postag="LET()" pt="let" rel="--" root="." sense="." special="punt" word="."/>
  </node>
  <sentence sentid="2">Een ongeval met vijf voertuigen net voor de Rupeltunnel stuurde de ochtendspits richting Brussel danig in de war .</sentence>
  <comments>
    <comment>Q#2|Een ongeval met vijf voertuigen net voor de Rupeltunnel stuurde de ochtendspits richting Brussel danig in de war .|1|1|-9.094615789930002</comment>
  </comments>
</alpino_ds>
