<?xml version="1.0" encoding="UTF-8"?>
<alpino_ds version="1.6">
  <parser cats="1" skips="0" />
  <node begin="0" cat="top" end="31" id="0" rel="top">
    <node begin="21" end="22" frame="punct(komma)" his="normal" his_1="normal" id="1" lcat="punct" lemma="," pos="punct" postag="LET()" pt="let" rel="--" root="," sense="," special="komma" word=","/>
    <node begin="0" cat="conj" end="30" id="2" rel="--">
      <node begin="0" cat="smain" end="7" id="3" rel="cnj">
        <node begin="0" cat="np" end="5" id="4" index="1" rel="su">
          <node begin="0" end="1" frame="determiner(het,nwh,nmod,pro,nparg,wkpro)" his="normal" his_1="decap" his_1_1="normal" id="5" infl="het" lcat="detp" lemma="het" lwtype="bep" naamval="stan" npagr="evon" pos="det" postag="LID(bep,stan,evon)" pt="lid" rel="det" root="het" sense="het" wh="nwh" word="Het"/>
          <node begin="1" end="2" frame="noun(het,mass,sg)" gen="het" genus="onz" getal="ev" graad="basis" his="normal" his_1="normal" id="6" lcat="np" lemma="verkeer" naamval="stan" ntype="soort" num="sg" pos="noun" postag="N(soort,ev,basis,onz,stan)" pt="n" rel="hd" rnum="sg" root="verkeer" sense="verkeer" word="verkeer"/>
          <node begin="2" cat="pp" end="5" id="7" rel="mod">
            <node begin="2" end="3" frame="preposition(op,[af,na])" his="normal" his_1="normal" id="8" lcat="pp" lemma="op" pos="prep" postag="VZ(init)" pt="vz" rel="hd" root="op" sense="op" vztype="init" word="op"/>
            <node begin="3" cat="np" end="5" id="9" rel="obj1">
              <node begin="3" end="4" frame="determiner(de)" his="normal" his_1="normal" id="10" infl="de" lcat="detp" lemma="de" lwtype="bep" naamval="stan" npagr="rest" pos="det" postag="LID(bep,stan,rest)" pt="lid" rel="det" root="de" sense="de" word="de"/>
              <node begin="4" end="5" frame="proper_name(sg,'LOC')" genus="zijd" getal="ev" graad="basis" his="normal" his_1="names_dictionary" id="11" lcat="np" lemma="A12" naamval="stan" neclass="LOC" ntype="eigen" num="sg" pos="name" postag="N(eigen,ev,basis,zijd,stan)" pt="n" rel="hd" rnum="sg" root="A12" sense="A12" word="A12"/>
            </node>
          </node>
        </node>
        <node begin="5" end="6" frame="verb(hebben,past(sg),nonp_copula)" his="normal" his_1="normal" id="12" infl="sg" lcat="smain" lemma="staan" pos="verb" postag="WW(pv,verl,ev)" pt="ww" pvagr="ev" pvtijd="verl" rel="hd" root="sta" sc="nonp_copula" sense="sta" tense="past" word="stond" wvorm="pv"/>
        <node aform="base" begin="6" buiging="zonder" end="7" frame="adjective(no_e(nonadv))" graad="basis" his="normal" his_1="normal" id="13" infl="no_e" lcat="ap" lemma="muurvast" pos="adj" positie="vrij" postag="ADJ(vrij,basis,zonder)" pt="adj" rel="predc" root="muurvast" sense="muurvast" vform="adj" word="muurvast"/>
      </node>
      <node begin="7" conjtype="neven" end="8" frame="conj(en)" his="normal" his_1="normal" id="14" lcat="vg" lemma="en" pos="vg" postag="VG(neven)" pt="vg" rel="crd" root="en" sense="en" word="en"/>
      <node begin="0" cat="smain" end="30" id="15" rel="cnj">
        <node begin="0" end="5" id="16" index="1" rel="su"/>
        <node begin="8" end="9" frame="verb('hebben/zijn',past(sg),modifier(aux(inf)))" his="normal" his_1="normal" id="17" infl="sg" lcat="smain" lemma="moeten" pos="verb" postag="WW(pv,verl,ev)" pt="ww" pvagr="ev" pvtijd="verl" rel="hd" root="moet" sc="modifier(aux(inf))" sense="moet" tense="past" word="moest" wvorm="pv"/>
        <node begin="0" cat="inf" end="30" id="18" rel="vc">
          <node begin="0" end="5" id="19" index="1" rel="su"/>
          <node begin="20" buiging="zonder" end="21" frame="verb(unacc,inf,passive)" his="normal" his_1="normal" id="20" infl="inf" lcat="inf" lemma="worden" pos="verb" positie="vrij" postag="WW(inf,vrij,zonder)" pt="ww" rel="hd" root="word" sc="passive" sense="word" word="worden" wvorm="inf"/>
          <node begin="0" cat="ppart" end="30" id="21" rel="vc">
            <node begin="0" end="5" id="22" index="1" rel="obj1"/>
            <node begin="9" cat="pp" end="14" id="23" rel="mod">
              <node begin="9" end="10" frame="preposition(via,[])" his="normal" his_1="normal" id="24" lcat="pp" lemma="via" pos="prep" postag="VZ(init)" pt="vz" rel="hd" root="via" sense="via" vztype="init" word="via"/>
              <node begin="10" cat="conj" end="14" id="25" rel="obj1">
                <node begin="10" cat="np" end="12" id="26" rel="cnj">
                  <node begin="10" end="11" frame="determiner(de)" his="normal" his_1="normal" id="27" index="2" infl="de" lcat="detp" lemma="de" lwtype="bep" naamval="stan" npagr="rest" pos="det" postag="LID(bep,stan,rest)" pt="lid" rel="det" root="de" sense="de" word="de"/>
                  <node begin="11" end="12" frame="within_word_conjunct" his="within_word_conjunct" id="28" lcat="np" lemma="af" pos="prefix" postag="SPEC(afgebr)" pt="spec" rel="hd" root="af" sense="af" spectype="afgebr" word="af-"/>
                </node>
                <node begin="12" conjtype="neven" end="13" frame="conj(en)" his="normal" his_1="normal" id="29" lcat="vg" lemma="en" pos="vg" postag="VG(neven)" pt="vg" rel="crd" root="en" sense="en" word="en"/>
                <node begin="10" cat="np" end="14" id="30" rel="cnj">
                  <node begin="10" end="11" id="31" index="2" rel="det"/>
                  <node begin="13" end="14" frame="noun(de,count,sg)" gen="de" genus="zijd" getal="ev" graad="basis" his="normal" his_1="normal" id="32" lcat="np" lemma="oprit" naamval="stan" ntype="soort" num="sg" pos="noun" postag="N(soort,ev,basis,zijd,stan)" pt="n" rel="hd" rnum="sg" root="oprit" sense="oprit" word="oprit"/>
                </node>
              </node>
            </node>
            <node begin="14" cat="pp" end="16" id="33" rel="mod">
              <node begin="14" end="15" frame="preposition(van,[af,uit,vandaan,[af,aan]])" his="normal" his_1="normal" id="34" lcat="pp" lemma="van" pos="prep" postag="VZ(init)" pt="vz" rel="hd" root="van" sense="van" vztype="init" word="van"/>
              <node begin="15" end="16" frame="proper_name(sg,'LOC')" genus="onz" getal="ev" graad="basis" his="normal" his_1="names_dictionary" id="35" lcat="np" lemma="Boom" naamval="stan" neclass="LOC" ntype="eigen" num="sg" pos="name" postag="N(eigen,ev,basis,onz,stan)" pt="n" rel="obj1" rnum="sg" root="Boom" sense="Boom" word="Boom"/>
            </node>
            <node begin="16" cat="advp" end="19" id="36" rel="mod">
              <node begin="16" end="17" frame="loc_adverb" his="normal" his_1="normal" id="37" lcat="advp" lemma="terug" pos="adv" postag="BW()" pt="bw" rel="hd" root="terug" sense="terug" special="loc" word="terug"/>
              <node begin="17" cat="pp" end="19" id="38" rel="mod">
                <node begin="17" end="18" frame="preposition(naar,[toe])" his="normal" his_1="normal" id="39" lcat="pp" lemma="naar" pos="prep" postag="VZ(init)" pt="vz" rel="hd" root="naar" sense="naar" vztype="init" word="naar"/>
                <node begin="18" end="19" frame="proper_name(sg,'LOC')" genus="onz" getal="ev" graad="basis" his="normal" his_1="names_dictionary" id="40" lcat="np" lemma="Antwerpen" naamval="stan" neclass="LOC" ntype="eigen" num="sg" pos="name" postag="N(eigen,ev,basis,onz,stan)" pt="n" rel="obj1" rnum="sg" root="Antwerpen" sense="Antwerpen" word="Antwerpen"/>
              </node>
            </node>
            <node begin="19" buiging="zonder" end="20" frame="verb(hebben,psp,transitive)" his="normal" his_1="normal" id="41" infl="psp" lcat="ppart" lemma="leiden" pos="verb" positie="vrij" postag="WW(vd,vrij,zonder)" pt="ww" rel="hd" root="leid" sc="transitive" sense="leid" word="geleid" wvorm="vd"/>
            <node begin="22" cat="oti" end="30" id="42" rel="mod">
              <node begin="22" end="23" frame="complementizer(om)" his="normal" his_1="normal" id="43" lcat="oti" lemma="om" pos="comp" postag="VZ(init)" pt="vz" rel="cmp" root="om" sc="om" sense="om" vztype="init" word="om"/>
              <node begin="23" cat="ti" end="30" id="44" rel="body">
                <node begin="28" end="29" frame="complementizer(te)" his="normal" his_1="normal" id="45" lcat="ti" lemma="te" pos="comp" postag="VZ(init)" pt="vz" rel="cmp" root="te" sc="te" sense="te" vztype="init" word="te"/>
                <node begin="23" cat="inf" end="30" id="46" rel="body">
                  <node begin="23" end="24" frame="adverb" his="normal" his_1="normal" id="47" lcat="advp" lemma="vervolgens" pos="adv" postag="BW()" pt="bw" rel="mod" root="vervolgens" sense="vervolgens" word="vervolgens"/>
                  <node begin="24" cat="np" end="28" id="48" rel="obj1">
                    <node begin="24" end="25" frame="determiner(de)" his="normal" his_1="normal" id="49" infl="de" lcat="detp" lemma="de" lwtype="bep" naamval="stan" npagr="rest" pos="det" postag="LID(bep,stan,rest)" pt="lid" rel="det" root="de" sense="de" word="de"/>
                    <node begin="25" end="26" frame="amount_meas_mod_noun(both,count,bare_meas)" gen="both" genus="zijd" getal="ev" graad="basis" his="normal" his_1="normal" id="50" lcat="np" lemma="E19" naamval="stan" ntype="soort" num="bare_meas" pos="noun" postag="N(soort,ev,basis,zijd,stan)" pt="n" rel="hd" rnum="sg" root="E19" sense="E19" special="amount_meas_mod" word="E19"/>
                    <node begin="26" cat="pp" end="28" id="51" rel="mod">
                      <node begin="26" end="27" frame="preposition(richting,[])" genus="zijd" getal="ev" graad="basis" his="normal" his_1="normal" id="52" lcat="pp" lemma="richting" naamval="stan" ntype="soort" pos="prep" postag="N(soort,ev,basis,zijd,stan)" pt="n" rel="hd" root="richting" sense="richting" word="richting"/>
                      <node begin="27" end="28" frame="proper_name(sg,'LOC')" genus="onz" getal="ev" graad="basis" his="normal" his_1="names_dictionary" id="53" lcat="np" lemma="Brussel" naamval="stan" neclass="LOC" ntype="eigen" num="sg" pos="name" postag="N(eigen,ev,basis,onz,stan)" pt="n" rel="obj1" rnum="sg" root="Brussel" sense="Brussel" word="Brussel"/>
                    </node>
                  </node>
                  <node begin="29" buiging="zonder" end="30" frame="verb(hebben,inf,transitive)" his="normal" his_1="normal" id="54" infl="inf" lcat="inf" lemma="nemen" pos="verb" positie="vrij" postag="WW(inf,vrij,zonder)" pt="ww" rel="hd" root="neem" sc="transitive" sense="neem" word="nemen" wvorm="inf"/>
                </node>
              </node>
            </node>
          </node>
        </node>
      </node>
    </node>
    <node begin="30" end="31" frame="punct(punt)" his="normal" his_1="normal" id="55" lcat="punct" lemma="." pos="punct" postag="LET()" pt="let" rel="--" root="." sense="." special="punt" word="."/>
  </node>
  <sentence sentid="3">Het verkeer op de A12 stond muurvast en moest via de af- en oprit van Boom terug naar Antwerpen geleid worden , om vervolgens de E19 richting Brussel te nemen .</sentence>
  <comments>
    <comment>Q#3|Het verkeer op de A12 stond muurvast en moest via de af- en oprit van Boom terug naar Antwerpen geleid worden , om vervolgens de E19 richting Brussel te nemen .|1|1|-15.805330589820002</comment>
  </comments>
</alpino_ds>
