<?xml version="1.0" encoding="UTF-8"?>
<alpino_ds version="1.6">
  <parser cats="1" skips="0" />
  <node begin="0" cat="top" end="12" id="0" rel="top">
    <node begin="0" cat="conj" end="11" id="1" rel="--">
      <node begin="0" cat="smain" end="6" id="2" rel="cnj">
        <node begin="2" end="3" frame="verb(unacc,past(pl),passive)" his="normal" his_1="normal" id="3" infl="pl" lcat="smain" lemma="zijn" pos="verb" postag="WW(pv,verl,mv)" pt="ww" pvagr="mv" pvtijd="verl" rel="hd" root="ben" sc="passive" sense="ben" tense="past" word="waren" wvorm="pv"/>
        <node begin="3" cat="np" end="5" id="4" index="1" rel="su">
          <node begin="3" end="4" frame="determiner(de)" his="normal" his_1="normal" id="5" infl="de" lcat="detp" lemma="de" lwtype="bep" naamval="stan" npagr="rest" pos="det" postag="LID(bep,stan,rest)" pt="lid" rel="det" root="de" sense="de" word="de"/>
          <node begin="4" end="5" frame="noun(het,count,pl)" gen="het" getal="mv" graad="basis" his="normal" his_1="normal" id="6" lcat="np" lemma="voertuig" ntype="soort" num="pl" pos="noun" postag="N(soort,mv,basis)" pt="n" rel="hd" rnum="pl" root="voertuig" sense="voertuig" word="voertuigen"/>
        </node>
        <node begin="0" cat="ppart" end="6" id="7" rel="vc">
          <node begin="0" cat="pp" end="2" id="8" index="2" rel="mod">
            <node begin="0" end="1" frame="preposition(om,[heen])" his="normal" his_1="decap" his_1_1="normal" id="9" lcat="pp" lemma="om" pos="prep" postag="VZ(init)" pt="vz" rel="hd" root="om" sense="om" vztype="init" word="Om"/>
            <node begin="1" end="2" frame="tmp_np" his="normal" his_1="temporal_expression" id="10" lcat="np" lemma="8u30" pos="noun" postag="SPEC(symb)" pt="spec" rel="obj1" rnum="sg" root="8u30" sense="8u30" special="tmp" spectype="symb" word="8u30"/>
          </node>
          <node begin="3" end="5" id="11" index="1" rel="obj1"/>
          <node begin="5" buiging="zonder" end="6" frame="verb(hebben,psp,transitive)" his="normal" his_1="normal" id="12" infl="psp" lcat="ppart" lemma="takelen" pos="verb" positie="vrij" postag="WW(vd,vrij,zonder)" pt="ww" rel="hd" root="takel" sc="transitive" sense="takel" word="getakeld" wvorm="vd"/>
        </node>
      </node>
      <node begin="6" conjtype="neven" end="7" frame="conj(en)" his="normal" his_1="normal" id="13" lcat="vg" lemma="en" pos="vg" postag="VG(neven)" pt="vg" rel="crd" root="en" sense="en" word="en"/>
      <node begin="0" cat="smain" end="11" id="14" rel="cnj">
        <node begin="7" end="8" frame="verb(unacc,past(sg),passive)" his="normal" his_1="normal" id="15" infl="sg" lcat="smain" lemma="worden" pos="verb" postag="WW(pv,verl,ev)" pt="ww" pvagr="ev" pvtijd="verl" rel="hd" root="word" sc="passive" sense="word" tense="past" word="werd" wvorm="pv"/>
        <node begin="8" cat="np" end="10" id="16" index="3" rel="su">
          <node begin="8" end="9" frame="determiner(de)" his="normal" his_1="normal" id="17" infl="de" lcat="detp" lemma="de" lwtype="bep" naamval="stan" npagr="rest" pos="det" postag="LID(bep,stan,rest)" pt="lid" rel="det" root="de" sense="de" word="de"/>
          <node begin="9" end="10" frame="noun(de,count,sg)" gen="de" genus="zijd" getal="ev" graad="basis" his="normal" his_1="normal" id="18" lcat="np" lemma="rij_weg" naamval="stan" ntype="soort" num="sg" pos="noun" postag="N(soort,ev,basis,zijd,stan)" pt="n" rel="hd" rnum="sg" root="rij_weg" sense="rij_weg" word="rijweg"/>
        </node>
        <node begin="0" cat="ppart" end="11" id="19" rel="vc">
          <node begin="0" end="2" id="20" index="2" rel="mod"/>
          <node begin="8" end="10" id="21" index="3" rel="obj1"/>
          <node begin="10" buiging="zonder" end="11" frame="verb(hebben,psp,ninv(transitive,part_transitive(vrij)))" his="normal" his_1="part-V" id="22" infl="psp" lcat="ppart" lemma="vrij_geven" pos="verb" positie="vrij" postag="WW(vd,vrij,zonder)" pt="ww" rel="hd" root="geef_vrij" sc="part_transitive(vrij)" sense="geef_vrij" word="vrijgegeven" wvorm="vd"/>
        </node>
      </node>
    </node>
    <node begin="11" end="12" frame="punct(punt)" his="normal" his_1="normal" id="23" lcat="punct" lemma="." pos="punct" postag="LET()" pt="let" rel="--" root="." sense="." special="punt" word="."/>
  </node>
  <sentence sentid="5">Om 8u30 waren de voertuigen getakeld en werd de rijweg vrijgegeven .</sentence>
  <comments>
    <comment>Q#5|Om 8u30 waren de voertuigen getakeld en werd de rijweg vrijgegeven .|1|1|-8.380361282410004</comment>
  </comments>
</alpino_ds>
