{"meta": {"id": "MH-DMF20180212_03353549-Colruyt_haalt_Spaanse_worst_uit.tsv", "author": "eventdna_anno_3"}, "doc": {"token_string": "Colruyt haalt Spaanse worst uit de rekken na horrorbeelden , Delhaize niet Alhama de Murcia Na een oproep van actiegroep Animal Rights heeft warenhuisketen Colruyt beslist niet langer salami te verkopen van het Spaanse merk El Pozo . Delhaize laat de producten wel in hun schappen liggen . In een fokkerij van de Spaanse vleesproducent zijn videobeelden gemaakt die wijzen op een ernstige mishandeling van de varkens .", "token_ids": [0, 1, 2, 3, 4, 5, 6, 7, 8, 9, 10, 11, 12, 13, 14, 15, 16, 17, 18, 19, 20, 21, 22, 23, 24, 25, 26, 27, 28, 29, 30, 31, 32, 33, 34, 35, 36, 37, 38, 39, 40, 41, 42, 43, 44, 45, 46, 47, 48, 49, 50, 51, 52, 53, 54, 55, 56, 57, 58, 59, 60, 61, 62, 63, 64, 65, 66, 67], "sentences": {"sentence_1": {"token_ids": [0, 1, 2, 3, 4, 5, 6, 7, 8, 9, 10, 11]}, "sentence_2": {"token_ids": [12, 13, 14]}, "sentence_3": {"token_ids": [15, 16, 17, 18, 19, 20, 21, 22, 23, 24, 25, 26, 27, 28, 29, 30, 31, 32, 33, 34, 35, 36, 37]}, "sentence_4": {"token_ids": [38, 39, 40, 41, 42, 43, 44, 45, 46, 47]}, "sentence_5": {"token_ids": [48, 49, 50, 51, 52, 53, 54, 55, 56, 57, 58, 59, 60, 61, 62, 63, 64, 65, 66, 67]}}, "annotations": {"entities": {"entity_1": {"type": "entity", "string": "Colruyt", "features": {"type": "ORG", "span": [0], "individuality": "INDIV", "mention_level_type": "NAM", "head": {"type": "entityHead", "string": "Colruyt", "features": {"span": [0]}}}, "home_sentence": "sentence_1"}, "entity_2": {"type": "entity", "string": "Spaanse", "features": {"type": "LOC", "span": [2], "individuality": "INDIV", "mention_level_type": "NAM", "head": {"type": "entityHead", "string": "Spaanse", "features": {"span": [2]}}}, "home_sentence": "sentence_1"}, "entity_3": {"type": "entity", "string": "Delhaize", "features": {"type": "ORG", "span": [10], "individuality": "INDIV", "mention_level_type": "NAM", "head": {"type": "entityHead", "string": "Delhaize", "features": {"span": [10]}}}, "home_sentence": "sentence_1"}, "entity_4": {"type": "entity", "string": "Alhama de Murcia", "features": {"type": "LOC", "span": [12, 13, 14], "individuality": "INDIV", "mention_level_type": "NAM", "head": {"type": "entityHead", "string": "Alhama de Murcia", "features": {"span": [12, 13, 14]}}}, "home_sentence": "sentence_2"}, "entity_5": {"type": "entity", "string": "Animal Rights", "features": {"type": "ORG", "span": [20, 21], "individuality": "INDIV", "mention_level_type": "NAM", "head": {"type": "entityHead", "string": "Animal Rights", "features": {"span": [20, 21]}}}, "home_sentence": "sentence_3"}, "entity_6": {"type": "entity", "string": "Colruyt", "features": {"type": "ORG", "span": [24], "individuality": "INDIV", "mention_level_type": "NAM", "head": {"type": "entityHead", "string": "Colruyt", "features": {"span": [24]}}}, "home_sentence": "sentence_3"}, "entity_7": {"type": "entity", "string": "Spaanse", "features": {"type": "LOC", "span": [33], "individuality": "INDIV", "mention_level_type": "NAM", "head": {"type": "entityHead", "string": "Spaanse", "features": {"span": [33]}}}, "home_sentence": "sentence_3"}, "entity_8": {"type": "entity", "string": "El Pozo", "features": {"type": "ORG", "span": [35, 36], "individuality": "INDIV", "mention_level_type": "NAM", "head": {"type": "entityHead", "string": "El Pozo", "features": {"span": [35, 36]}}}, "home_sentence": "sentence_3"}, "entity_9": {"type": "entity", "string": "Delhaize", "features": {"type": "ORG", "span": [38], "individuality": "INDIV", "mention_level_type": "NAM", "head": {"type": "entityHead", "string": "Delhaize", "features": {"span": [38]}}}, "home_sentence": "sentence_4"}, "entity_10": {"type": "entity", "string": "hun", "features": {"type": "ORG", "span": [44], "individuality": "INDIV", "mention_level_type": "PRON", "head": {"type": "entityHead", "string": "hun", "features": {"span": [44]}}}, "home_sentence": "sentence_4"}, "entity_11": {"type": "entity", "string": "een fokkerij van de Spaanse vleesproducent", "features": {"type": "LOC", "span": [49, 50, 51, 52, 53, 54], "individuality": "INDIV", "mention_level_type": "NOM", "head": {"type": "entityHead", "string": "fokkerij", "features": {"span": [50]}}}, "home_sentence": "sentence_5"}, "entity_12": {"type": "entity", "string": "de Spaanse vleesproducent", "features": {"type": "ORG", "span": [52, 53, 54], "individuality": "INDIV", "mention_level_type": "NOM", "head": {"type": "entityHead", "string": "vleesproducent", "features": {"span": [54]}}}, "home_sentence": "sentence_5"}, "entity_13": {"type": "entity", "string": "Spaanse", "features": {"type": "LOC", "span": [53], "individuality": "INDIV", "mention_level_type": "NAM", "head": {"type": "entityHead", "string": "Spaanse", "features": {"span": [53]}}}, "home_sentence": "sentence_5"}}, "events": {"event_1": {"annotation_type": "event", "string": "Colruyt haalt Spaanse worst uit de rekken na horrorbeelden", "features": {"span": [0, 1, 2, 3, 4, 5, 6, 7, 8], "arguments": [{"string": "Colruyt", "features": {"span": [0], "argument_entity_type": "ORG", "argument_role": "Participant"}}], "type": "Unknown", "subtype": "Unknown", "modality": "Asserted", "pos_neg": "Positive", "prominence": "Main", "tense": "Present"}, "home_sentence": "sentence_1"}, "event_2": {"annotation_type": "event", "string": "horrorbeelden", "features": {"span": [8], "arguments": [], "type": "Journalism", "subtype": "Publication", "modality": "Asserted", "pos_neg": "Positive", "prominence": "Background", "tense": "Unspecified"}, "home_sentence": "sentence_1"}, "event_3": {"annotation_type": "event", "string": "een oproep van actiegroep Animal Rights", "features": {"span": [16, 17, 18, 19, 20, 21], "arguments": [{"string": "Animal Rights", "features": {"span": [20, 21], "argument_entity_type": "ORG", "argument_role": "Entity"}}], "type": "Contact", "subtype": "Contact", "modality": "Asserted", "pos_neg": "Positive", "prominence": "Background", "tense": "Unspecified"}, "home_sentence": "sentence_3"}, "event_4": {"annotation_type": "event", "string": "heeft warenhuisketen Colruyt beslist niet langer salami te verkopen van het Spaanse merk El Pozo", "features": {"span": [22, 23, 24, 25, 26, 27, 28, 29, 30, 31, 32, 33, 34, 35, 36], "arguments": [{"string": "Colruyt", "features": {"span": [24], "argument_entity_type": "ORG", "argument_role": "Participant"}}], "type": "Unknown", "subtype": "Unknown", "modality": "Asserted", "pos_neg": "Positive", "prominence": "Main", "tense": "Past"}, "home_sentence": "sentence_3"}, "event_5": {"annotation_type": "event", "string": "In een fokkerij van de Spaanse vleesproducent zijn videobeelden gemaakt die wijzen op een ernstige mishandeling van de varkens", "features": {"span": [48, 49, 50, 51, 52, 53, 54, 55, 56, 57, 58, 59, 60, 61, 62, 63, 64, 65, 66], "arguments": [{"string": "een fokkerij van de Spaanse vleesproducent", "features": {"span": [49, 50, 51, 52, 53, 54], "argument_entity_type": "LOC", "argument_role": "Place"}}, {"string": "een ernstige mishandeling van de varkens", "features": {"span": [61, 62, 63, 64, 65, 66], "argument_entity_type": "content", "argument_role": "Content"}}], "type": "Journalism", "subtype": "Publication", "modality": "Asserted", "pos_neg": "Positive", "prominence": "Background", "tense": "Past"}, "home_sentence": "sentence_5"}}, "coreference": {"entities": {"coref_bucket_1": ["entity_6", "entity_1"], "coref_bucket_2": ["entity_13", "entity_7", "entity_2"], "coref_bucket_3": ["entity_3", "entity_9", "entity_10"], "coref_bucket_4": ["entity_8", "entity_12"]}, "events": {"coref_bucket_5": ["event_4", "event_1"], "coref_bucket_6": ["event_5", "event_2"]}}, "iptc_codes": {"certain": [[["medtop:20000500", "animal"], ["medtop:08000000", "human interest"]], [["medtop:20000207", "product recall"], ["medtop:20000192", "strategy and marketing"], ["medtop:20000170", "business information"], ["medtop:04000000", "economy, business and finance"]], [["medtop:20000324", "food industry"], ["medtop:20000322", "process industry"], ["medtop:20000209", "economic sector"], ["medtop:04000000", "economy, business and finance"]], [["medtop:20000215", "livestock farming"], ["medtop:20000210", "agriculture"], ["medtop:20000209", "economic sector"], ["medtop:04000000", "economy, business and finance"]]], "uncertain": []}}}}