<?xml version="1.0" encoding="UTF-8"?>
<alpino_ds version="1.6">
  <parser cats="1" skips="0" />
  <node begin="0" cat="top" end="5" id="0" rel="top">
    <node begin="0" cat="smain" end="5" id="1" rel="--">
      <node begin="0" end="1" frame="noun(de,count,sg)" gen="de" genus="zijd" getal="ev" graad="basis" his="normal" his_1="decap" his_1_1="normal" id="2" index="1" lcat="np" lemma="dader" naamval="stan" ntype="soort" num="sg" pos="noun" postag="N(soort,ev,basis,zijd,stan)" pt="n" rel="su" rnum="sg" root="dader" sense="dader" word="Dader"/>
      <node begin="1" end="2" frame="verb(hebben,past(sg),aux(inf))" his="normal" his_1="normal" id="3" infl="sg" lcat="smain" lemma="zullen" pos="verb" postag="WW(pv,verl,ev)" pt="ww" pvagr="ev" pvtijd="verl" rel="hd" root="zal" sc="aux(inf)" sense="zal" stype="declarative" tense="past" word="zou" wvorm="pv"/>
      <node begin="0" cat="inf" end="5" id="4" rel="vc">
        <node begin="0" end="1" id="5" index="1" rel="su"/>
        <node begin="2" cat="pp" end="4" id="6" rel="pc">
          <node begin="2" end="3" frame="preposition(met,[mee,[en,al]])" his="normal" his_1="normal" id="7" lcat="pp" lemma="met" pos="prep" postag="VZ(init)" pt="vz" rel="hd" root="met" sense="met" vztype="init" word="met"/>
          <node begin="3" end="4" frame="proper_name(sg,'ORG')" genus="zijd" getal="ev" graad="basis" his="normal" his_1="names_dictionary" id="8" lcat="np" lemma="IS" naamval="stan" neclass="ORG" ntype="eigen" num="sg" pos="name" postag="N(eigen,ev,basis,zijd,stan)" pt="n" rel="obj1" rnum="sg" root="IS" sense="IS" word="IS"/>
        </node>
        <node begin="4" buiging="zonder" end="5" frame="verb(hebben,inf,pc_pp(met))" his="normal" his_1="normal" id="9" infl="inf" lcat="inf" lemma="heulen" pos="verb" positie="vrij" postag="WW(inf,vrij,zonder)" pt="ww" rel="hd" root="heul" sc="pc_pp(met)" sense="heul-met" word="heulen" wvorm="inf"/>
      </node>
    </node>
  </node>
  <sentence sentid="1">Dader zou met IS heulen</sentence>
  <comments>
    <comment>Q#1|Dader zou met IS heulen|1|1|-2.9803487803000004</comment>
  </comments>
</alpino_ds>
