<?xml version="1.0" encoding="UTF-8"?>
<alpino_ds version="1.6">
  <parser cats="1" skips="0" />
  <node begin="0" cat="top" end="22" id="0" rel="top">
    <node begin="10" end="11" frame="punct(komma)" his="normal" his_1="normal" id="1" lcat="punct" lemma="," pos="punct" postag="LET()" pt="let" rel="--" root="," sense="," special="komma" word=","/>
    <node begin="0" cat="smain" end="21" id="2" rel="--">
      <node begin="0" cat="np" end="10" id="3" rel="su">
        <node begin="0" end="1" frame="determiner(de)" his="normal" his_1="decap" his_1_1="normal" id="4" infl="de" lcat="detp" lemma="de" lwtype="bep" naamval="stan" npagr="rest" pos="det" postag="LID(bep,stan,rest)" pt="lid" rel="det" root="de" sense="de" word="De"/>
        <node aform="base" begin="1" buiging="met-e" end="2" frame="adjective(e)" graad="basis" his="normal" his_1="normal" id="5" infl="e" lcat="ap" lemma="Tsetsjeens" naamval="stan" pos="adj" positie="prenom" postag="ADJ(prenom,basis,met-e,stan)" pt="adj" rel="mod" root="Tsetsjeens" sense="Tsetsjeens" vform="adj" word="Tsjetsjeense"/>
        <node begin="2" end="3" frame="noun(de,count,sg)" gen="de" genus="zijd" getal="ev" graad="basis" his="normal" his_1="normal" id="6" lcat="np" lemma="Fransman" naamval="stan" ntype="eigen" num="sg" pos="noun" postag="N(eigen,ev,basis,zijd,stan)" pt="n" rel="hd" rnum="sg" root="Fransman" sense="Fransman" word="Fransman"/>
        <node begin="3" cat="rel" end="10" id="7" rel="mod">
          <node begin="3" case="no_obl" end="4" frame="rel_pronoun(de,no_obl)" gen="de" getal="getal" his="normal" his_1="normal" id="8" index="1" lcat="np" lemma="die" naamval="stan" pdtype="pron" persoon="persoon" pos="pron" postag="VNW(betr,pron,stan,vol,persoon,getal)" pt="vnw" rel="rhd" rnum="sg" root="die" sense="die" status="vol" vwtype="betr" wh="rel" word="die"/>
          <node begin="3" cat="ssub" end="10" id="9" rel="body">
            <node begin="3" end="4" id="10" index="1" rel="su"/>
            <node begin="4" end="5" frame="tmp_noun(de,count,sg)" gen="de" genus="zijd" getal="ev" graad="basis" his="normal" his_1="normal" id="11" lcat="np" lemma="zaterdag_avond" naamval="stan" ntype="soort" num="sg" pos="noun" postag="N(soort,ev,basis,zijd,stan)" pt="n" rel="mod" rnum="sg" root="zaterdag_avond" sense="zaterdag_avond" special="tmp" word="zaterdagavond"/>
            <node begin="5" cat="np" end="7" id="12" rel="obj1">
              <node begin="5" end="6" frame="determiner(een)" his="normal" his_1="normal" id="13" infl="een" lcat="detp" lemma="een" lwtype="onbep" naamval="stan" npagr="agr" pos="det" postag="LID(onbep,stan,agr)" pt="lid" rel="det" root="een" sense="een" word="een"/>
              <node begin="6" end="7" frame="noun(de,count,bare_meas)" gen="de" genus="zijd" getal="ev" graad="basis" his="normal" his_1="normal" id="14" lcat="np" lemma="man" naamval="stan" ntype="soort" num="bare_meas" pos="noun" postag="N(soort,ev,basis,zijd,stan)" pt="n" rel="hd" rnum="sg" root="man" sense="man" word="man"/>
            </node>
            <node begin="7" end="8" frame="verb(hebben,past(sg),ninv(transitive,part_transitive(dood)))" his="normal" his_1="part-V" id="15" infl="sg" lcat="ssub" lemma="dood_steken" pos="verb" postag="WW(pv,verl,ev)" pt="ww" pvagr="ev" pvtijd="verl" rel="hd" root="steek_dood" sc="part_transitive(dood)" sense="steek_dood" tense="past" word="doodstak" wvorm="pv"/>
            <node begin="8" cat="pp" end="10" id="16" rel="mod">
              <node begin="8" end="9" frame="preposition(in,[])" his="normal" his_1="normal" id="17" lcat="pp" lemma="in" pos="prep" postag="VZ(init)" pt="vz" rel="hd" root="in" sense="in" vztype="init" word="in"/>
              <node begin="9" end="10" frame="proper_name(sg,'LOC')" genus="onz" getal="ev" graad="basis" his="normal" his_1="names_dictionary" id="18" lcat="np" lemma="Parijs" naamval="stan" neclass="LOC" ntype="eigen" num="sg" pos="name" postag="N(eigen,ev,basis,onz,stan)" pt="n" rel="obj1" rnum="sg" root="Parijs" sense="Parijs" word="Parijs"/>
            </node>
          </node>
        </node>
      </node>
      <node begin="11" end="12" frame="verb(hebben,past(sg),ld_pp)" his="normal" his_1="normal" id="19" infl="sg" lcat="smain" lemma="staan" pos="verb" postag="WW(pv,verl,ev)" pt="ww" pvagr="ev" pvtijd="verl" rel="hd" root="sta" sc="ld_pp" sense="sta" stype="declarative" tense="past" word="stond" wvorm="pv"/>
      <node begin="12" cat="ap" end="14" id="20" rel="mod">
        <node begin="12" end="13" frame="adverb" his="normal" his_1="normal" id="21" lcat="advp" lemma="al" pos="adv" postag="BW()" pt="bw" rel="mod" root="al" sense="al" word="al"/>
        <node aform="compar" begin="13" buiging="zonder" end="14" frame="adjective(er(tmpadv))" graad="comp" his="normal" his_1="normal" id="22" infl="no_e" lcat="ap" lemma="lang" pos="adj" positie="vrij" postag="ADJ(vrij,comp,zonder)" pt="adj" rel="hd" root="lang" sense="lang" vform="adj" word="langer"/>
      </node>
      <node begin="14" cat="pp" end="21" id="23" rel="ld">
        <node begin="14" end="15" frame="preposition(op,[af,na])" his="normal" his_1="normal" id="24" lcat="pp" lemma="op" pos="prep" postag="VZ(init)" pt="vz" rel="hd" root="op" sense="op" vztype="init" word="op"/>
        <node begin="15" cat="np" end="21" id="25" rel="obj1">
          <node begin="15" end="16" frame="determiner(de)" his="normal" his_1="normal" id="26" infl="de" lcat="detp" lemma="de" lwtype="bep" naamval="stan" npagr="rest" pos="det" postag="LID(bep,stan,rest)" pt="lid" rel="det" root="de" sense="de" word="de"/>
          <node begin="16" end="17" frame="noun(de,count,sg)" gen="de" genus="zijd" getal="ev" graad="basis" his="normal" his_1="normal" id="27" lcat="np" lemma="radar" naamval="stan" ntype="soort" num="sg" pos="noun" postag="N(soort,ev,basis,zijd,stan)" pt="n" rel="hd" rnum="sg" root="radar" sense="radar" word="radar"/>
          <node begin="17" cat="pp" end="21" id="28" rel="mod">
            <node begin="17" end="18" frame="preposition(van,[af,uit,vandaan,[af,aan]])" his="normal" his_1="normal" id="29" lcat="pp" lemma="van" pos="prep" postag="VZ(init)" pt="vz" rel="hd" root="van" sense="van" vztype="init" word="van"/>
            <node begin="18" cat="np" end="21" id="30" rel="obj1">
              <node begin="18" end="19" frame="determiner(de)" his="normal" his_1="normal" id="31" infl="de" lcat="detp" lemma="de" lwtype="bep" naamval="stan" npagr="rest" pos="det" postag="LID(bep,stan,rest)" pt="lid" rel="det" root="de" sense="de" word="de"/>
              <node aform="base" begin="19" buiging="met-e" end="20" frame="adjective(e)" graad="basis" his="normal" his_1="normal" id="32" infl="e" lcat="ap" lemma="Frans" naamval="stan" pos="adj" positie="prenom" postag="ADJ(prenom,basis,met-e,stan)" pt="adj" rel="mod" root="Frans" sense="Frans" vform="adj" word="Franse"/>
              <node begin="20" end="21" frame="noun(de,count,pl)" gen="de" getal="mv" graad="basis" his="normal" his_1="normal" id="33" lcat="np" lemma="inlichting_dienst" ntype="soort" num="pl" pos="noun" postag="N(soort,mv,basis)" pt="n" rel="hd" rnum="pl" root="inlichting_dienst" sense="inlichting_dienst" word="inlichtingendiensten"/>
            </node>
          </node>
        </node>
      </node>
    </node>
    <node begin="21" end="22" frame="punct(punt)" his="normal" his_1="normal" id="34" lcat="punct" lemma="." pos="punct" postag="LET()" pt="let" rel="--" root="." sense="." special="punt" word="."/>
  </node>
  <sentence sentid="2">De Tsjetsjeense Fransman die zaterdagavond een man doodstak in Parijs , stond al langer op de radar van de Franse inlichtingendiensten .</sentence>
  <comments>
    <comment>Q#2|De Tsjetsjeense Fransman die zaterdagavond een man doodstak in Parijs , stond al langer op de radar van de Franse inlichtingendiensten .|1|1|-3.3161535461399834</comment>
  </comments>
</alpino_ds>
