{"meta": {"id": "MH-DMF20180724_03629195-Ook_Waalse_minister_van_Dierenwelzijn.tsv", "author": "eventdna_anno_1"}, "doc": {"token_string": "Ook Waalse minister van Dierenwelzijn wil dwangvoederen verbieden Tegen het einde van deze regeerperiode , volgend jaar , wil de Waalse minister van Dierenwelzijn Carlo Di Antonio ( CDH ) werk gemaakt hebben van een verbod op het dwangvoederen van ganzen . Dat schrijft La Derni\u00e8re Heure dinsdag .", "token_ids": [0, 1, 2, 3, 4, 5, 6, 7, 8, 9, 10, 11, 12, 13, 14, 15, 16, 17, 18, 19, 20, 21, 22, 23, 24, 25, 26, 27, 28, 29, 30, 31, 32, 33, 34, 35, 36, 37, 38, 39, 40, 41, 42, 43, 44, 45, 46, 47, 48], "sentences": {"sentence_1": {"token_ids": [0, 1, 2, 3, 4, 5, 6, 7]}, "sentence_2": {"token_ids": [8, 9, 10, 11, 12, 13, 14, 15, 16, 17, 18, 19, 20, 21, 22, 23, 24, 25, 26, 27, 28, 29, 30, 31, 32, 33, 34, 35, 36, 37, 38, 39, 40, 41]}, "sentence_3": {"token_ids": [42, 43, 44, 45, 46, 47, 48]}}, "annotations": {"entities": {"entity_1": {"type": "entity", "string": "Waalse minister van Dierenwelzijn", "features": {"type": "PER", "span": [1, 2, 3, 4], "individuality": "INDIV", "mention_level_type": "NOM", "head": {"type": "entityHead", "string": "minister", "features": {"span": [2]}}}, "home_sentence": "sentence_1"}, "entity_2": {"type": "entity", "string": "Waalse", "features": {"type": "LOC", "span": [1], "individuality": "INDIV", "mention_level_type": "NAM", "head": {"type": "entityHead", "string": "Waalse", "features": {"span": [1]}}}, "home_sentence": "sentence_1"}, "entity_3": {"type": "entity", "string": "Waalse", "features": {"type": "LOC", "span": [20], "individuality": "INDIV", "mention_level_type": "NAM", "head": {"type": "entityHead", "string": "Waalse", "features": {"span": [20]}}}, "home_sentence": "sentence_2"}, "entity_4": {"type": "entity", "string": "Carlo Di Antonio", "features": {"type": "PER", "span": [24, 25, 26], "individuality": "INDIV", "mention_level_type": "NAM", "head": {"type": "entityHead", "string": "Carlo Di Antonio", "features": {"span": [24, 25, 26]}}}, "home_sentence": "sentence_2"}, "entity_5": {"type": "entity", "string": "CDH", "features": {"type": "ORG", "span": [28], "individuality": "INDIV", "mention_level_type": "NAM", "head": {"type": "entityHead", "string": "CDH", "features": {"span": [28]}}}, "home_sentence": "sentence_2"}, "entity_6": {"type": "entity", "string": "La Derni\u00e8re Heure", "features": {"type": "ORG", "span": [44, 45, 46], "individuality": "INDIV", "mention_level_type": "NAM", "head": {"type": "entityHead", "string": "La Derni\u00e8re Heure", "features": {"span": [44, 45, 46]}}}, "home_sentence": "sentence_3"}}, "events": {"event_1": {"annotation_type": "event", "string": "Ook Waalse minister van Dierenwelzijn wil dwangvoederen verbieden", "features": {"span": [0, 1, 2, 3, 4, 5, 6, 7], "arguments": [{"string": "dwangvoederen", "features": {"span": [6], "argument_entity_type": "crime", "argument_role": "Crime"}}, {"string": "Waalse minister van Dierenwelzijn", "features": {"span": [1, 2, 3, 4], "argument_entity_type": "PER", "argument_role": "Entity"}}], "type": "Justice", "subtype": "Justice", "modality": "Other", "pos_neg": "Positive", "prominence": "Main", "tense": "Future"}, "home_sentence": "sentence_1"}, "event_2": {"annotation_type": "event", "string": "Tegen het einde van deze regeerperiode , volgend jaar , wil de Waalse minister van Dierenwelzijn Carlo Di Antonio ( CDH ) werk gemaakt hebben van een verbod op het dwangvoederen van ganzen", "features": {"span": [8, 9, 10, 11, 12, 13, 14, 15, 16, 17, 18, 19, 20, 21, 22, 23, 24, 25, 26, 27, 28, 29, 30, 31, 32, 33, 34, 35, 36, 37, 38, 39, 40], "arguments": [{"string": "het dwangvoederen van ganzen", "features": {"span": [37, 38, 39, 40], "argument_entity_type": "crime", "argument_role": "Crime"}}, {"string": "Carlo Di Antonio", "features": {"span": [24, 25, 26], "argument_entity_type": "PER", "argument_role": "Entity"}}, {"string": "volgend jaar", "features": {"span": [15, 16], "argument_entity_type": "time", "argument_role": "Time"}}], "type": "Justice", "subtype": "Justice", "modality": "Other", "pos_neg": "Positive", "prominence": "Main", "tense": "Future"}, "home_sentence": "sentence_2"}}, "coreference": {"entities": {"coref_bucket_1": ["entity_1", "entity_4"], "coref_bucket_2": ["entity_2", "entity_3"]}, "events": {}}, "iptc_codes": {"certain": [[["medtop:20000215", "livestock farming"], ["medtop:20000210", "agriculture"], ["medtop:20000209", "economic sector"], ["medtop:04000000", "economy, business and finance"]], [["medtop:20000636", "regulation of industry"], ["medtop:20000621", "government policy"], ["medtop:11000000", "politics"]]], "uncertain": []}}}}