<?xml version="1.0" encoding="UTF-8"?>
<alpino_ds version="1.6">
  <parser cats="1" skips="0" />
  <node begin="0" cat="top" end="22" id="0" rel="top">
    <node begin="2" end="3" frame="punct(haak_open)" his="normal" his_1="normal" id="1" lcat="punct" lemma="(" pos="punct" postag="LET()" pt="let" rel="--" root="(" sense="(" special="haak_open" word="("/>
    <node begin="4" end="5" frame="punct(haak_sluit)" his="normal" his_1="normal" id="2" lcat="punct" lemma=")" pos="punct" postag="LET()" pt="let" rel="--" root=")" sense=")" special="haak_sluit" word=")"/>
    <node begin="0" cat="conj" end="22" id="3" rel="--">
      <node begin="0" cat="smain" end="9" id="4" rel="cnj">
        <node begin="0" cat="np" end="4" id="5" index="1" rel="su">
          <node begin="0" end="1" frame="noun(de,count,sg)" gen="de" genus="zijd" getal="ev" graad="basis" his="normal" his_1="decap" his_1_1="normal" id="6" lcat="np" lemma="moordenaar" naamval="stan" ntype="soort" num="sg" pos="noun" postag="N(soort,ev,basis,zijd,stan)" pt="n" rel="hd" rnum="sg" root="moordenaar" sense="moordenaar" word="Moordenaar"/>
          <node begin="1" end="2" frame="proper_name(both,'PER')" genus="zijd" getal="ev" graad="basis" his="name" his_1="not_begin" id="7" lcat="np" lemma="Maëlys" naamval="stan" neclass="PER" ntype="eigen" num="both" pos="name" postag="N(eigen,ev,basis,zijd,stan)" pt="n" rel="app" rnum="sg" root="Maëlys" sense="Maëlys" word="Maëlys"/>
          <node begin="3" end="4" frame="number(hoofd(pl_num))" his="normal" his_1="normal" id="8" infl="pl_num" lcat="np" lemma="9" numtype="hoofd" pos="num" positie="vrij" postag="TW(hoofd,vrij)" pt="tw" rel="mod" rnum="pl" root="9" sense="9" special="hoofd" word="9"/>
        </node>
        <node begin="5" end="6" frame="verb(hebben,sg_heeft,aux_psp_hebben)" his="normal" his_1="normal" id="9" infl="sg_heeft" lcat="smain" lemma="hebben" pos="verb" postag="WW(pv,tgw,met-t)" pt="ww" pvagr="met-t" pvtijd="tgw" rel="hd" root="heb" sc="aux_psp_hebben" sense="heb" stype="declarative" tense="present" word="heeft" wvorm="pv"/>
        <node begin="0" cat="ppart" end="9" id="10" rel="vc">
          <node begin="0" end="4" id="11" index="1" rel="su"/>
          <node begin="6" end="7" frame="sentence_adverb" his="normal" his_1="normal" id="12" lcat="advp" lemma="ook" pos="adv" postag="BW()" pt="bw" rel="mod" root="ook" sense="ook" special="sentence" word="ook"/>
          <node begin="7" end="8" frame="noun(de,count,sg)" gen="de" genus="zijd" getal="ev" graad="basis" his="normal" his_1="normal" id="13" lcat="np" lemma="militair" naamval="stan" ntype="soort" num="sg" pos="noun" postag="N(soort,ev,basis,zijd,stan)" pt="n" rel="obj1" rnum="sg" root="militair" sense="militair" word="militair"/>
          <node begin="8" buiging="zonder" end="9" frame="verb(hebben,psp,transitive)" his="normal" his_1="normal" id="14" infl="psp" lcat="ppart" lemma="doden" pos="verb" positie="vrij" postag="WW(vd,vrij,zonder)" pt="ww" rel="hd" root="dood" sc="transitive" sense="dood" word="gedood" wvorm="vd"/>
        </node>
      </node>
      <node begin="9" conjtype="neven" end="10" frame="conj(en)" his="normal" his_1="normal" id="15" lcat="vg" lemma="en" pos="vg" postag="VG(neven)" pt="vg" rel="crd" root="en" sense="en" word="en"/>
      <node begin="10" cat="smain" end="22" id="16" rel="cnj">
        <node begin="10" cat="np" end="12" id="17" rel="su">
          <node aform="base" begin="10" buiging="met-e" end="11" frame="adjective(e)" graad="basis" his="normal" his_1="normal" id="18" infl="e" lcat="ap" lemma="Frans" naamval="stan" pos="adj" positie="prenom" postag="ADJ(prenom,basis,met-e,stan)" pt="adj" rel="mod" root="Frans" sense="Frans" vform="adj" word="Franse"/>
          <node begin="11" end="12" frame="noun(de,count,pl)" gen="de" getal="mv" graad="basis" his="normal" his_1="normal" id="19" lcat="np" lemma="speurder" ntype="soort" num="pl" pos="noun" postag="N(soort,mv,basis)" pt="n" rel="hd" rnum="pl" root="speurder" sense="speurder" word="speurders"/>
        </node>
        <node begin="12" end="13" frame="verb(hebben,pl,sbar)" his="normal" his_1="normal" id="20" infl="pl" lcat="smain" lemma="vrezen" pos="verb" postag="WW(pv,tgw,mv)" pt="ww" pvagr="mv" pvtijd="tgw" rel="hd" root="vrees" sc="sbar" sense="vrees" stype="declarative" tense="present" word="vrezen" wvorm="pv"/>
        <node begin="13" cat="cp" end="22" id="21" rel="vc">
          <node begin="13" conjtype="onder" end="14" frame="complementizer(dat)" his="normal" his_1="normal" id="22" lcat="cp" lemma="dat" pos="comp" postag="VG(onder)" pt="vg" rel="cmp" root="dat" sc="dat" sense="dat" word="dat"/>
          <node begin="14" cat="ssub" end="22" id="23" rel="body">
            <node begin="14" case="nom" def="def" end="15" frame="pronoun(nwh,thi,sg,de,nom,def)" gen="de" genus="masc" getal="ev" his="normal" his_1="normal" id="24" lcat="np" lemma="hij" naamval="nomin" num="sg" pdtype="pron" per="thi" persoon="3" pos="pron" postag="VNW(pers,pron,nomin,vol,3,ev,masc)" pt="vnw" rel="su" rnum="sg" root="hij" sense="hij" status="vol" vwtype="pers" wh="nwh" word="hij"/>
            <node begin="15" cat="np" end="21" id="25" rel="obj1">
              <node begin="15" cat="ap" end="17" id="26" rel="det">
                <node begin="15" end="16" frame="adverb" his="normal" his_1="normal" id="27" lcat="advp" lemma="nog" pos="adv" postag="BW()" pt="bw" rel="mod" root="nog" sense="nog" word="nog"/>
                <node aform="compar" begin="16" buiging="zonder" end="17" frame="adjective(meer)" graad="comp" his="normal" his_1="normal" id="28" infl="meer" lcat="ap" lemma="meer" naamval="stan" npagr="agr" pdtype="grad" pos="adj" positie="prenom" postag="VNW(onbep,grad,stan,prenom,zonder,agr,comp)" pt="vnw" rel="hd" root="meer" sense="meer" vform="adj" vwtype="onbep" word="meer"/>
              </node>
              <node begin="17" end="18" frame="noun(het,count,pl)" gen="het" getal="mv" graad="basis" his="normal" his_1="normal" id="29" lcat="np" lemma="feit" ntype="soort" num="pl" pos="noun" postag="N(soort,mv,basis)" pt="n" rel="hd" rnum="pl" root="feit" sense="feit" word="feiten"/>
              <node begin="18" cat="pp" end="21" id="30" rel="mod">
                <node begin="18" end="19" frame="preposition(op,[af,na])" his="normal" his_1="normal" id="31" lcat="pp" lemma="op" pos="prep" postag="VZ(init)" pt="vz" rel="hd" root="op" sense="op" vztype="init" word="op"/>
                <node begin="19" cat="np" end="21" id="32" rel="obj1">
                  <node begin="19" buiging="zonder" end="20" frame="determiner(pron)" getal="ev" his="normal" his_1="normal" id="33" infl="pron" lcat="detp" lemma="zijn" naamval="stan" npagr="agr" pdtype="det" persoon="3" pos="det" positie="prenom" postag="VNW(bez,det,stan,vol,3,ev,prenom,zonder,agr)" pron="true" pt="vnw" rel="det" root="zijn" sense="zijn" status="vol" vwtype="bez" word="zijn"/>
                  <node begin="20" end="21" frame="noun(de,count,sg)" gen="de" genus="zijd" getal="ev" graad="basis" his="compound" his_1="2" id="34" lcat="np" lemma="kerf_stok" naamval="stan" ntype="soort" num="sg" pos="noun" postag="N(soort,ev,basis,zijd,stan)" pt="n" rel="hd" rnum="sg" root="kerf_stok" sense="kerf_stok" word="kerfstok"/>
                </node>
              </node>
            </node>
            <node begin="21" end="22" frame="verb(hebben,sg_heeft,transitive_ndev)" his="normal" his_1="normal" id="35" infl="sg_heeft" lcat="ssub" lemma="hebben" pos="verb" postag="WW(pv,tgw,met-t)" pt="ww" pvagr="met-t" pvtijd="tgw" rel="hd" root="heb" sc="transitive_ndev" sense="heb" tense="present" word="heeft" wvorm="pv"/>
          </node>
        </node>
      </node>
    </node>
  </node>
  <sentence sentid="1">Moordenaar Maëlys ( 9 ) heeft ook militair gedood en Franse speurders vrezen dat hij nog meer feiten op zijn kerfstok heeft</sentence>
  <comments>
    <comment>Q#1|Moordenaar Maëlys ( 9 ) heeft ook militair gedood en Franse speurders vrezen dat hij nog meer feiten op zijn kerfstok heeft|1|1|-6.566694863119988</comment>
  </comments>
</alpino_ds>
