<?xml version="1.0" encoding="UTF-8"?>
<alpino_ds version="1.6">
  <parser cats="3" skips="1" />
  <node begin="0" cat="top" end="47" id="0" rel="top">
    <node begin="3" end="4" frame="punct(haak_open)" his="normal" his_1="normal" id="1" lcat="punct" lemma="(" pos="punct" postag="LET()" pt="let" rel="--" root="(" sense="(" special="haak_open" word="("/>
    <node begin="5" end="6" frame="punct(haak_sluit)" his="normal" his_1="normal" id="2" lcat="punct" lemma=")" pos="punct" postag="LET()" pt="let" rel="--" root=")" sense=")" special="haak_sluit" word=")"/>
    <node begin="6" end="7" frame="punct(komma)" his="normal" his_1="normal" id="3" lcat="punct" lemma="," pos="punct" postag="LET()" pt="let" rel="--" root="," sense="," special="komma" word=","/>
    <node begin="14" end="15" frame="punct(haak_open)" his="normal" his_1="normal" id="4" lcat="punct" lemma="(" pos="punct" postag="LET()" pt="let" rel="--" root="(" sense="(" special="haak_open" word="("/>
    <node begin="16" end="17" frame="punct(haak_sluit)" his="normal" his_1="normal" id="5" lcat="punct" lemma=")" pos="punct" postag="LET()" pt="let" rel="--" root=")" sense=")" special="haak_sluit" word=")"/>
    <node begin="17" end="18" frame="punct(komma)" his="normal" his_1="normal" id="6" lcat="punct" lemma="," pos="punct" postag="LET()" pt="let" rel="--" root="," sense="," special="komma" word=","/>
    <node begin="27" end="28" frame="punct(komma)" his="normal" his_1="normal" id="7" lcat="punct" lemma="," pos="punct" postag="LET()" pt="let" rel="--" root="," sense="," special="komma" word=","/>
    <node begin="37" end="38" frame="particle(mee)" his="robust_skip" id="8" lcat="--" lemma="mee" pos="part" postag="VZ(fin)" pt="vz" rel="--" root="mee" sense="mee" vztype="fin" word="mee"/>
    <node begin="0" cat="du" end="46" id="9" rel="--">
      <node begin="0" cat="smain" end="36" id="10" rel="dp">
        <node begin="0" cat="cp" end="27" id="11" rel="mod">
          <node begin="0" conjtype="onder" end="1" frame="complementizer" his="normal" his_1="decap" his_1_1="normal" id="12" lcat="cp" lemma="nu" pos="comp" postag="VG(onder)" pt="vg" rel="cmp" root="nu" sense="nu" word="Nu"/>
          <node begin="1" cat="ssub" end="27" id="13" rel="body">
            <node begin="1" cat="np" end="16" id="14" index="1" rel="su">
              <node begin="1" cat="mwu" end="3" his="name" his_1="not_begin" id="15" mwu_root="Nordahl Lelandais" mwu_sense="Nordahl Lelandais" rel="hd">
                <node begin="1" end="2" frame="proper_name(both,'PER')" id="16" lcat="np" lemma="Nordahl" neclass="PER" num="both" pos="name" postag="SPEC(deeleigen)" pt="spec" rel="mwp" rnum="sg" root="Nordahl" sense="Nordahl" spectype="deeleigen" word="Nordahl"/>
                <node begin="2" end="3" frame="proper_name(both,'PER')" id="17" lcat="np" lemma="Lelandais" neclass="PER" num="both" pos="name" postag="SPEC(deeleigen)" pt="spec" rel="mwp" rnum="sg" root="Lelandais" sense="Lelandais" spectype="deeleigen" word="Lelandais"/>
              </node>
              <node begin="4" end="5" frame="number(hoofd(pl_num))" his="normal" his_1="normal" id="18" infl="pl_num" lcat="np" lemma="35" numtype="hoofd" pos="num" positie="vrij" postag="TW(hoofd,vrij)" pt="tw" rel="mod" rnum="pl" root="35" sense="35" special="hoofd" word="35"/>
              <node begin="7" cat="np" end="16" id="19" rel="app">
                <node begin="7" end="8" frame="determiner(de)" his="normal" his_1="normal" id="20" infl="de" lcat="detp" lemma="de" lwtype="bep" naamval="stan" npagr="rest" pos="det" postag="LID(bep,stan,rest)" pt="lid" rel="det" root="de" sense="de" word="de"/>
                <node begin="8" end="9" frame="noun(de,count,sg)" gen="de" genus="zijd" getal="ev" graad="basis" his="normal" his_1="normal" id="21" lcat="np" lemma="moordenaar" naamval="stan" ntype="soort" num="sg" pos="noun" postag="N(soort,ev,basis,zijd,stan)" pt="n" rel="hd" rnum="sg" root="moordenaar" sense="moordenaar" word="moordenaar"/>
                <node begin="9" cat="pp" end="16" id="22" rel="mod">
                  <node begin="9" end="10" frame="preposition(van,[af,uit,vandaan,[af,aan]])" his="normal" his_1="normal" id="23" lcat="pp" lemma="van" pos="prep" postag="VZ(init)" pt="vz" rel="hd" root="van" sense="van" vztype="init" word="van"/>
                  <node begin="10" cat="np" end="16" id="24" rel="obj1">
                    <node begin="10" end="11" frame="determiner(het,nwh,nmod,pro,nparg,wkpro)" his="normal" his_1="normal" id="25" infl="het" lcat="detp" lemma="het" lwtype="bep" naamval="stan" npagr="evon" pos="det" postag="LID(bep,stan,evon)" pt="lid" rel="det" root="het" sense="het" wh="nwh" word="het"/>
                    <node aform="base" begin="11" buiging="met-e" end="12" frame="adjective(e)" graad="basis" his="normal" his_1="normal" id="26" infl="e" lcat="ap" lemma="Frans" naamval="stan" pos="adj" positie="prenom" postag="ADJ(prenom,basis,met-e,stan)" pt="adj" rel="mod" root="Frans" sense="Frans" vform="adj" word="Franse"/>
                    <node begin="12" end="13" frame="noun(het,count,sg)" gen="het" genus="onz" getal="ev" graad="dim" his="normal" his_1="normal" id="27" lcat="np" lemma="meisje" naamval="stan" ntype="soort" num="sg" pos="noun" postag="N(soort,ev,dim,onz,stan)" pt="n" rel="hd" rnum="sg" root="meisje" sense="meisje" word="meisje"/>
                    <node begin="13" end="14" frame="proper_name(both,'PER')" genus="zijd" getal="ev" graad="basis" his="name" his_1="not_begin" id="28" lcat="np" lemma="Maëlys" naamval="stan" neclass="PER" ntype="eigen" num="both" pos="name" postag="N(eigen,ev,basis,zijd,stan)" pt="n" rel="app" rnum="sg" root="Maëlys" sense="Maëlys" word="Maëlys"/>
                    <node begin="15" end="16" frame="number(hoofd(pl_num))" his="normal" his_1="normal" id="29" infl="pl_num" lcat="np" lemma="9" numtype="hoofd" pos="num" positie="vrij" postag="TW(hoofd,vrij)" pt="tw" rel="mod" rnum="pl" root="9" sense="9" special="hoofd" word="9"/>
                  </node>
                </node>
              </node>
            </node>
            <node begin="25" end="26" frame="verb(hebben,sg_heeft,aux_psp_hebben)" his="normal" his_1="normal" id="30" infl="sg_heeft" lcat="ssub" lemma="hebben" pos="verb" postag="WW(pv,tgw,met-t)" pt="ww" pvagr="met-t" pvtijd="tgw" rel="hd" root="heb" sc="aux_psp_hebben" sense="heb" tense="present" word="heeft" wvorm="pv"/>
            <node begin="1" cat="ppart" end="27" id="31" rel="vc">
              <node begin="1" end="16" id="32" index="1" rel="su"/>
              <node begin="18" end="19" frame="tmp_noun(de,count,sg)" gen="de" genus="zijd" getal="ev" graad="basis" his="normal" his_1="normal" id="33" lcat="np" lemma="donderdag_avond" naamval="stan" ntype="soort" num="sg" pos="noun" postag="N(soort,ev,basis,zijd,stan)" pt="n" rel="mod" rnum="sg" root="donderdag_avond" sense="donderdag_avond" special="tmp" word="donderdagavond"/>
              <node begin="19" end="20" frame="sentence_adverb" his="normal" his_1="normal" id="34" lcat="advp" lemma="ook" pos="adv" postag="BW()" pt="bw" rel="mod" root="ook" sense="ook" special="sentence" word="ook"/>
              <node begin="20" cat="np" end="25" id="35" rel="obj1">
                <node begin="20" end="21" frame="determiner(de)" his="normal" his_1="normal" id="36" infl="de" lcat="detp" lemma="de" lwtype="bep" naamval="stan" npagr="rest" pos="det" postag="LID(bep,stan,rest)" pt="lid" rel="det" root="de" sense="de" word="de"/>
                <node begin="21" end="22" frame="noun(de,count,sg)" gen="de" genus="zijd" getal="ev" graad="basis" his="normal" his_1="normal" id="37" lcat="np" lemma="moord" naamval="stan" ntype="soort" num="sg" pos="noun" postag="N(soort,ev,basis,zijd,stan)" pt="n" rel="hd" rnum="sg" root="moord" sense="moord" word="moord"/>
                <node begin="22" cat="pp" end="25" id="38" rel="mod">
                  <node begin="22" end="23" frame="preposition(op,[af,na])" his="normal" his_1="normal" id="39" lcat="pp" lemma="op" pos="prep" postag="VZ(init)" pt="vz" rel="hd" root="op" sense="op" vztype="init" word="op"/>
                  <node begin="23" cat="np" end="25" id="40" rel="obj1">
                    <node begin="23" end="24" frame="determiner(een)" his="normal" his_1="normal" id="41" infl="een" lcat="detp" lemma="een" lwtype="onbep" naamval="stan" npagr="agr" pos="det" postag="LID(onbep,stan,agr)" pt="lid" rel="det" root="een" sense="een" word="een"/>
                    <node begin="24" end="25" frame="noun(de,count,sg)" gen="de" genus="zijd" getal="ev" graad="basis" his="compound" his_1="2" id="42" lcat="np" lemma="beroep_militair" naamval="stan" ntype="soort" num="sg" pos="noun" postag="N(soort,ev,basis,zijd,stan)" pt="n" rel="hd" rnum="sg" root="beroep_militair" sense="beroep_militair" word="beroepsmilitair"/>
                  </node>
                </node>
              </node>
              <node begin="26" buiging="zonder" end="27" frame="verb(hebben,psp,transitive)" his="normal" his_1="normal" id="43" infl="psp" lcat="ppart" lemma="bekennen" pos="verb" positie="vrij" postag="WW(vd,vrij,zonder)" pt="ww" rel="hd" root="beken" sc="transitive" sense="beken" word="bekend" wvorm="vd"/>
            </node>
          </node>
        </node>
        <node begin="28" end="29" frame="verb(hebben,sg3,transitive)" his="normal" his_1="normal" id="44" infl="sg3" lcat="smain" lemma="houden" pos="verb" postag="WW(pv,tgw,met-t)" pt="ww" pvagr="met-t" pvtijd="tgw" rel="hd" root="houd" sc="transitive" sense="houd" stype="declarative" tense="present" word="houdt" wvorm="pv"/>
        <node begin="29" cat="np" end="32" id="45" rel="su">
          <node begin="29" end="30" frame="determiner(het,nwh,nmod,pro,nparg,wkpro)" his="normal" his_1="normal" id="46" infl="het" lcat="detp" lemma="het" lwtype="bep" naamval="stan" npagr="evon" pos="det" postag="LID(bep,stan,evon)" pt="lid" rel="det" root="het" sense="het" wh="nwh" word="het"/>
          <node aform="base" begin="30" buiging="met-e" end="31" frame="adjective(e)" graad="basis" his="normal" his_1="normal" id="47" infl="e" lcat="ap" lemma="Frans" naamval="stan" pos="adj" positie="prenom" postag="ADJ(prenom,basis,met-e,stan)" pt="adj" rel="mod" root="Frans" sense="Frans" vform="adj" word="Franse"/>
          <node begin="31" end="32" frame="noun(het,count,sg)" gen="het" genus="onz" getal="ev" graad="basis" his="normal" his_1="normal" id="48" lcat="np" lemma="gerecht" naamval="stan" ntype="soort" num="sg" pos="noun" postag="N(soort,ev,basis,onz,stan)" pt="n" rel="hd" rnum="sg" root="gerecht" sense="gerecht" word="gerecht"/>
        </node>
        <node begin="32" end="33" frame="er_vp_adverb" getal="getal" his="normal" his_1="normal" id="49" lcat="advp" lemma="er" naamval="stan" pdtype="adv-pron" persoon="3" pos="adv" postag="VNW(aanw,adv-pron,stan,red,3,getal)" pt="vnw" rel="mod" root="er" sense="er" special="er" status="red" vwtype="aanw" word="er"/>
        <node aform="compar" begin="33" buiging="zonder" end="34" frame="adjective(meer)" graad="comp" his="normal" his_1="normal" id="50" infl="meer" lcat="ap" lemma="meer" naamval="stan" pdtype="grad" pos="adj" positie="vrij" postag="VNW(onbep,grad,stan,vrij,zonder,comp)" pt="vnw" rel="mod" root="meer" sense="meer" vform="adj" vwtype="onbep" word="meer"/>
        <node begin="34" case="both" def="indef" end="35" frame="pronoun(nwh,thi,sg,both,both,indef,strpro)" gen="both" his="normal" his_1="normal" id="51" lcat="np" lemma="één" num="sg" numtype="hoofd" per="thi" pos="pron" positie="vrij" postag="TW(hoofd,vrij)" pt="tw" rel="obj1" rnum="sg" root="één" sense="één" special="strpro" wh="nwh" word="een"/>
        <node aform="compar" begin="35" buiging="zonder" end="36" frame="adjective(meer)" graad="comp" his="normal" his_1="normal" id="52" infl="meer" lcat="ap" lemma="meer" naamval="stan" pdtype="grad" pos="adj" positie="vrij" postag="VNW(onbep,grad,stan,vrij,zonder,comp)" pt="vnw" rel="mod" root="meer" sense="meer" vform="adj" vwtype="onbep" word="meer"/>
      </node>
      <node begin="36" end="37" frame="noun(de,count,sg)" gen="de" genus="zijd" getal="ev" graad="basis" his="normal" his_1="normal" id="53" lcat="np" lemma="rekening" naamval="stan" ntype="soort" num="sg" pos="noun" postag="N(soort,ev,basis,zijd,stan)" pt="n" rel="dp" rnum="sg" root="rekening" sense="rekening" word="rekening"/>
      <node begin="38" cat="cp" end="46" id="54" rel="dp">
        <node begin="38" conjtype="onder" end="39" frame="complementizer(dat)" his="normal" his_1="normal" id="55" lcat="cp" lemma="dat" pos="comp" postag="VG(onder)" pt="vg" rel="cmp" root="dat" sc="dat" sense="dat" word="dat"/>
        <node begin="39" cat="ssub" end="46" id="56" rel="body">
          <node begin="39" case="both" def="def" end="40" frame="pronoun(nwh,thi,both,de,both,def,wkpro)" gen="de" getal="mv" his="normal" his_1="normal" id="57" lcat="np" lemma="ze" naamval="stan" num="both" pdtype="pron" per="thi" persoon="3" pos="pron" postag="VNW(pers,pron,stan,red,3,mv)" pt="vnw" rel="su" rnum="pl" root="ze" sense="ze" special="wkpro" status="red" vwtype="pers" wh="nwh" word="ze"/>
          <node begin="40" cat="pp" end="43" id="58" rel="pc">
            <node begin="40" end="41" frame="preposition(met,[mee,[en,al]])" his="normal" his_1="normal" id="59" lcat="pp" lemma="met" pos="prep" postag="VZ(init)" pt="vz" rel="hd" root="met" sense="met" vztype="init" word="met"/>
            <node begin="41" cat="np" end="43" id="60" rel="obj1">
              <node begin="41" end="42" frame="determiner(een)" his="normal" his_1="normal" id="61" infl="een" lcat="detp" lemma="een" lwtype="onbep" naamval="stan" npagr="agr" pos="det" postag="LID(onbep,stan,agr)" pt="lid" rel="det" root="een" sense="een" word="een"/>
              <node begin="42" end="43" frame="noun(de,count,sg)" gen="de" genus="zijd" getal="ev" graad="basis" his="normal" his_1="normal" id="62" lcat="np" lemma="serie_moordenaar" naamval="stan" ntype="soort" num="sg" pos="noun" postag="N(soort,ev,basis,zijd,stan)" pt="n" rel="hd" rnum="sg" root="serie_moordenaar" sense="serie_moordenaar" word="seriemoordenaar"/>
            </node>
          </node>
          <node begin="43" cat="ti" end="45" id="63" rel="svp">
            <node begin="43" end="44" frame="complementizer(te)" his="normal" his_1="normal" id="64" lcat="ti" lemma="te" pos="comp" postag="VZ(init)" pt="vz" rel="cmp" root="te" sc="te" sense="te" vztype="init" word="te"/>
            <node begin="44" buiging="zonder" end="45" frame="verb(hebben,inf,fixed_dep(intransitive))" his="normal" his_1="normal" id="65" infl="inf" lcat="inf" lemma="maken" pos="verb" positie="vrij" postag="WW(inf,vrij,zonder)" pt="ww" rel="body" root="maak" sc="fixed_dep(intransitive)" sense="maak" word="maken" wvorm="inf"/>
          </node>
          <node begin="45" end="46" frame="verb(hebben,pl,fixed([vc(maak,pass_te,intransitive),pc(met)],no_passive))" his="normal" his_1="normal" id="66" infl="pl" lcat="ssub" lemma="hebben" pos="verb" postag="WW(pv,tgw,mv)" pt="ww" pvagr="mv" pvtijd="tgw" rel="hd" root="heb" sc="fixed([vc(maak,pass_te,intransitive),pc(met)],no_passive)" sense="heb-met-maak" tense="present" word="hebben" wvorm="pv"/>
        </node>
      </node>
    </node>
    <node begin="46" end="47" frame="punct(punt)" his="robust_skip" id="67" lcat="--" lemma="." pos="punct" postag="LET()" pt="let" rel="--" root="." sense="." special="punt" word="."/>
  </node>
  <sentence sentid="2">Nu Nordahl Lelandais ( 35 ) , de moordenaar van het Franse meisje Maëlys ( 9 ) , donderdagavond ook de moord op een beroepsmilitair heeft bekend , houdt het Franse gerecht er meer een meer rekening mee dat ze met een seriemoordenaar te maken hebben .</sentence>
  <comments>
    <comment>Q#2|Nu Nordahl Lelandais ( 35 ) , de moordenaar van het Franse meisje Maëlys ( 9 ) , donderdagavond ook de moord op een beroepsmilitair heeft bekend , houdt het Franse gerecht er meer een meer rekening mee dat ze met een seriemoordenaar te maken hebben .|1|4|-2.182491586889985</comment>
  </comments>
</alpino_ds>
