<?xml version="1.0" encoding="UTF-8"?>
<alpino_ds version="1.6">
  <parser cats="1" skips="0" />
  <node begin="0" cat="top" end="13" id="0" rel="top">
    <node begin="0" cat="smain" end="12" id="1" rel="--">
      <node begin="0" cat="conj" end="9" id="2" index="1" rel="su">
        <node begin="3" conjtype="neven" end="4" frame="conj(en)" his="normal" his_1="normal" id="3" lcat="vg" lemma="en" pos="vg" postag="VG(neven)" pt="vg" rel="crd" root="en" sense="en" word="en"/>
        <node begin="0" cat="np" end="9" id="4" rel="cnj">
          <node begin="0" buiging="met-e" end="1" frame="determiner(alle,nwh,mod,pro,nparg)" his="normal" his_1="decap" his_1_1="normal" id="5" index="2" infl="alle" lcat="detp" lemma="alle" naamval="stan" npagr="agr" pdtype="det" pos="det" positie="prenom" postag="VNW(onbep,det,stan,prenom,met-e,agr)" pt="vnw" rel="det" root="alle" sense="alle" vwtype="onbep" wh="nwh" word="Alle"/>
          <node aform="base" begin="1" buiging="met-e" end="2" frame="adjective(e)" graad="basis" his="normal" his_1="normal" id="6" index="3" infl="e" lcat="ap" lemma="onopgelost" naamval="stan" pos="adj" positie="prenom" postag="ADJ(prenom,basis,met-e,stan)" pt="adj" rel="mod" root="onopgelost" sense="onopgelost" vform="adj" word="onopgeloste"/>
          <node begin="2" end="3" frame="noun(de,count,pl)" gen="de" getal="mv" graad="basis" his="normal" his_1="normal" id="7" lcat="np" lemma="verdwijning" ntype="soort" num="pl" pos="noun" postag="N(soort,mv,basis)" pt="n" rel="hd" rnum="pl" root="verdwijning" sense="verdwijning" word="verdwijningen"/>
          <node begin="5" cat="pp" end="9" id="8" index="4" rel="mod">
            <node begin="5" end="6" frame="preposition(in,[])" his="normal" his_1="normal" id="9" lcat="pp" lemma="in" pos="prep" postag="VZ(init)" pt="vz" rel="hd" root="in" sense="in" vztype="init" word="in"/>
            <node begin="6" cat="np" end="9" id="10" rel="obj1">
              <node begin="6" end="7" frame="determiner(de)" his="normal" his_1="normal" id="11" infl="de" lcat="detp" lemma="de" lwtype="bep" naamval="stan" npagr="rest" pos="det" postag="LID(bep,stan,rest)" pt="lid" rel="det" root="de" sense="de" word="de"/>
              <node aform="base" begin="7" buiging="met-e" end="8" frame="adjective(e)" graad="basis" his="normal" his_1="normal" id="12" infl="e" lcat="ap" lemma="Frans" naamval="stan" pos="adj" positie="prenom" postag="ADJ(prenom,basis,met-e,stan)" pt="adj" rel="mod" root="Frans" sense="Frans" vform="adj" word="Franse"/>
              <node begin="8" end="9" frame="proper_name(sg,'LOC')" genus="zijd" getal="ev" graad="basis" his="normal" his_1="names_dictionary" id="13" lcat="np" lemma="Savoie" naamval="stan" neclass="LOC" ntype="eigen" num="sg" pos="name" postag="N(eigen,ev,basis,zijd,stan)" pt="n" rel="hd" rnum="sg" root="Savoie" sense="Savoie" word="Savoie"/>
            </node>
          </node>
        </node>
        <node begin="0" cat="np" end="9" id="14" rel="cnj">
          <node begin="0" end="1" id="15" index="2" rel="det"/>
          <node begin="1" end="2" id="16" index="3" rel="mod"/>
          <node begin="4" end="5" frame="noun(de,count,pl)" gen="de" getal="mv" graad="basis" his="normal" his_1="normal" id="17" lcat="np" lemma="moord_zaak" ntype="soort" num="pl" pos="noun" postag="N(soort,mv,basis)" pt="n" rel="hd" rnum="pl" root="moord_zaak" sense="moord_zaak" word="moordzaken"/>
          <node begin="5" end="9" id="18" index="4" rel="mod"/>
        </node>
      </node>
      <node begin="9" end="10" frame="verb(unacc,pl,passive)" his="normal" his_1="normal" id="19" infl="pl" lcat="smain" lemma="worden" pos="verb" postag="WW(pv,tgw,mv)" pt="ww" pvagr="mv" pvtijd="tgw" rel="hd" root="word" sc="passive" sense="word" stype="declarative" tense="present" word="worden" wvorm="pv"/>
      <node begin="0" cat="ppart" end="12" id="20" rel="vc">
        <node begin="0" end="9" id="21" index="1" rel="obj1"/>
        <node begin="10" end="11" frame="adverb" his="normal" his_1="normal" id="22" lcat="advp" lemma="opnieuw" pos="adv" postag="BW()" pt="bw" rel="mod" root="opnieuw" sense="opnieuw" word="opnieuw"/>
        <node begin="11" buiging="zonder" end="12" frame="verb(hebben,psp,transitive)" his="normal" his_1="normal" id="23" infl="psp" lcat="ppart" lemma="bekijken" pos="verb" positie="vrij" postag="WW(vd,vrij,zonder)" pt="ww" rel="hd" root="bekijk" sc="transitive" sense="bekijk" word="bekeken" wvorm="vd"/>
      </node>
    </node>
    <node begin="12" end="13" frame="punct(punt)" his="normal" his_1="normal" id="24" lcat="punct" lemma="." pos="punct" postag="LET()" pt="let" rel="--" root="." sense="." special="punt" word="."/>
  </node>
  <sentence sentid="3">Alle onopgeloste verdwijningen en moordzaken in de Franse Savoie worden opnieuw bekeken .</sentence>
  <comments>
    <comment>Q#3|Alle onopgeloste verdwijningen en moordzaken in de Franse Savoie worden opnieuw bekeken .|1|1|-10.145342862160001</comment>
  </comments>
</alpino_ds>
