<?xml version="1.0" encoding="UTF-8"?>
<alpino_ds version="1.6">
  <parser cats="1" skips="0" />
  <node begin="0" cat="top" end="6" id="0" rel="top">
    <node begin="0" cat="np" end="6" id="1" rel="--">
      <node begin="0" end="1" frame="noun(de,count,pl,measure)" gen="de" getal-n="mv-n" graad="basis" his="normal" his_1="decap" his_1_1="normal" id="2" lcat="np" lemma="duizenden" num="pl" numtype="hoofd" pos="noun" positie="nom" postag="TW(hoofd,nom,mv-n,basis)" pt="tw" rel="hd" rnum="pl" root="duizenden" sc="measure" sense="duizenden" word="Duizenden"/>
      <node begin="1" cat="np" end="6" id="3" rel="mod">
        <node begin="1" buiging="zonder" end="2" frame="v_noun(intransitive)" getal-n="zonder-n" his="normal" his_1="normal" id="4" lcat="np" lemma="betogen" pos="verb" positie="nom" postag="WW(inf,nom,zonder,zonder-n)" pt="ww" rel="hd" root="betoog" sc="intransitive" sense="betoog" special="v_noun" word="betogen" wvorm="inf"/>
        <node begin="2" cat="pp" end="4" id="5" rel="mod">
          <node begin="2" end="3" frame="preposition(in,[])" his="normal" his_1="normal" id="6" lcat="pp" lemma="in" pos="prep" postag="VZ(init)" pt="vz" rel="hd" root="in" sense="in" vztype="init" word="in"/>
          <node begin="3" end="4" frame="proper_name(sg,'LOC')" genus="onz" getal="ev" graad="basis" his="normal" his_1="names_dictionary" id="7" lcat="np" lemma="Parijs" naamval="stan" neclass="LOC" ntype="eigen" num="sg" pos="name" postag="N(eigen,ev,basis,onz,stan)" pt="n" rel="obj1" rnum="sg" root="Parijs" sense="Parijs" word="Parijs"/>
        </node>
        <node begin="4" cat="pp" end="6" id="8" rel="mod">
          <node begin="4" end="5" frame="preposition(tegen,[aan,in,op])" his="normal" his_1="normal" id="9" lcat="pp" lemma="tegen" pos="prep" postag="VZ(init)" pt="vz" rel="hd" root="tegen" sense="tegen" vztype="init" word="tegen"/>
          <node begin="5" end="6" frame="noun(het,mass,sg)" gen="het" genus="onz" getal="ev" graad="basis" his="normal" his_1="normal" id="10" lcat="np" lemma="antisemitisme" naamval="stan" ntype="soort" num="sg" pos="noun" postag="N(soort,ev,basis,onz,stan)" pt="n" rel="obj1" rnum="sg" root="antisemitisme" sense="antisemitisme" word="antisemitisme"/>
        </node>
      </node>
    </node>
  </node>
  <sentence sentid="1">Duizenden betogen in Parijs tegen antisemitisme</sentence>
  <comments>
    <comment>Q#1|Duizenden betogen in Parijs tegen antisemitisme|1|1|3.13408371429</comment>
  </comments>
</alpino_ds>
