<?xml version="1.0" encoding="UTF-8"?>
<alpino_ds version="1.6">
  <parser cats="1" skips="0" />
  <node begin="0" cat="top" end="30" id="0" rel="top">
    <node begin="14" end="15" frame="punct(aanhaal_both)" his="normal" his_1="normal" id="1" lcat="punct" lemma="&apos;" pos="punct" postag="LET()" pt="let" rel="--" root="&apos;" sense="&apos;" special="aanhaal_both" word="&apos;"/>
    <node begin="17" end="18" frame="punct(aanhaal_both)" his="normal" his_1="normal" id="2" lcat="punct" lemma="&apos;" pos="punct" postag="LET()" pt="let" rel="--" root="&apos;" sense="&apos;" special="aanhaal_both" word="&apos;"/>
    <node begin="20" end="21" frame="punct(komma)" his="normal" his_1="normal" id="3" lcat="punct" lemma="," pos="punct" postag="LET()" pt="let" rel="--" root="," sense="," special="komma" word=","/>
    <node begin="0" cat="smain" end="29" id="4" rel="--">
      <node begin="0" cat="pp" end="5" id="5" rel="mod">
        <node begin="0" end="1" frame="preposition(in,[])" his="normal" his_1="decap" his_1_1="normal" id="6" lcat="pp" lemma="in" pos="prep" postag="VZ(init)" pt="vz" rel="hd" root="in" sense="in" vztype="init" word="In"/>
        <node begin="1" cat="np" end="5" id="7" rel="obj1">
          <node begin="1" end="2" frame="determiner(de)" his="normal" his_1="normal" id="8" infl="de" lcat="detp" lemma="de" lwtype="bep" naamval="stan" npagr="rest" pos="det" postag="LID(bep,stan,rest)" pt="lid" rel="det" root="de" sense="de" word="de"/>
          <node aform="base" begin="2" buiging="met-e" end="3" frame="adjective(e)" graad="basis" his="normal" his_1="normal" id="9" infl="e" lcat="ap" lemma="Frans" naamval="stan" pos="adj" positie="prenom" postag="ADJ(prenom,basis,met-e,stan)" pt="adj" rel="mod" root="Frans" sense="Frans" vform="adj" word="Franse"/>
          <node begin="3" end="4" frame="noun(de,count,sg)" gen="de" genus="zijd" getal="ev" graad="basis" his="normal" his_1="normal" id="10" lcat="np" lemma="hoofdstad" naamval="stan" ntype="soort" num="sg" pos="noun" postag="N(soort,ev,basis,zijd,stan)" pt="n" rel="hd" rnum="sg" root="hoofdstad" sense="hoofdstad" word="hoofdstad"/>
          <node begin="4" end="5" frame="proper_name(sg,'LOC')" genus="onz" getal="ev" graad="basis" his="normal" his_1="names_dictionary" id="11" lcat="np" lemma="Parijs" naamval="stan" neclass="LOC" ntype="eigen" num="sg" pos="name" postag="N(eigen,ev,basis,onz,stan)" pt="n" rel="app" rnum="sg" root="Parijs" sense="Parijs" word="Parijs"/>
        </node>
      </node>
      <node begin="5" end="6" frame="verb(unacc,pl,intransitive)" his="normal" his_1="normal" id="12" infl="pl" lcat="smain" lemma="zijn" pos="verb" postag="WW(pv,tgw,mv)" pt="ww" pvagr="mv" pvtijd="tgw" rel="hd" root="ben" sc="intransitive" sense="ben" stype="declarative" tense="present" word="zijn" wvorm="pv"/>
      <node begin="6" end="7" frame="tmp_noun(de,count,sg)" gen="de" genus="zijd" getal="ev" graad="basis" his="normal" his_1="normal" id="13" lcat="np" lemma="woensdag_avond" naamval="stan" ntype="soort" num="sg" pos="noun" postag="N(soort,ev,basis,zijd,stan)" pt="n" rel="mod" rnum="sg" root="woensdag_avond" sense="woensdag_avond" special="tmp" word="woensdagavond"/>
      <node begin="7" cat="np" end="9" id="14" rel="su">
        <node begin="7" end="8" frame="noun(de,count,pl,measure)" gen="de" getal-n="mv-n" graad="basis" his="normal" his_1="normal" id="15" lcat="np" lemma="duizenden" num="pl" numtype="hoofd" pos="noun" positie="nom" postag="TW(hoofd,nom,mv-n,basis)" pt="tw" rel="hd" rnum="pl" root="duizenden" sc="measure" sense="duizenden" word="duizenden"/>
        <node begin="8" end="9" frame="noun(both,count,pl)" gen="both" getal="mv" graad="basis" his="normal" his_1="normal" id="16" lcat="np" lemma="mens" ntype="soort" num="pl" pos="noun" postag="N(soort,mv,basis)" pt="n" rel="mod" rnum="pl" root="mens" sense="mens" word="mensen"/>
      </node>
      <node begin="9" cat="pp" end="11" id="17" rel="mod">
        <node begin="9" end="10" frame="preposition(op,[af,na])" his="normal" his_1="normal" id="18" lcat="pp" lemma="op" pos="prep" postag="VZ(init)" pt="vz" rel="hd" root="op" sense="op" vztype="init" word="op"/>
        <node begin="10" end="11" frame="noun(de,count,sg)" gen="de" genus="zijd" getal="ev" graad="basis" his="normal" his_1="normal" id="19" lcat="np" lemma="straat" naamval="stan" ntype="soort" num="sg" pos="noun" postag="N(soort,ev,basis,zijd,stan)" pt="n" rel="obj1" rnum="sg" root="straat" sense="straat" word="straat"/>
      </node>
      <node aform="base" begin="11" buiging="zonder" end="12" frame="adjective(ge_both(adv))" his="normal" his_1="normal" id="20" infl="both" lcat="ppart" lemma="gekomen" pos="adj" positie="vrij" postag="WW(vd,vrij,zonder)" pt="ww" rel="mod" root="gekomen" sense="gekomen" vform="psp" word="gekomen" wvorm="vd"/>
      <node begin="12" cat="pp" end="20" id="21" rel="mod">
        <node begin="12" end="13" frame="preposition(voor,[aan,door,uit,[in,de,plaats]])" his="normal" his_1="normal" id="22" lcat="pp" lemma="voor" pos="prep" postag="VZ(init)" pt="vz" rel="hd" root="voor" sense="voor" vztype="init" word="voor"/>
        <node begin="13" cat="np" end="20" id="23" rel="obj1">
          <node begin="13" end="14" frame="determiner(een)" his="normal" his_1="normal" id="24" infl="een" lcat="detp" lemma="een" lwtype="onbep" naamval="stan" npagr="agr" pos="det" postag="LID(onbep,stan,agr)" pt="lid" rel="det" root="een" sense="een" word="een"/>
          <node aform="base" begin="15" buiging="met-e" end="16" frame="adjective(e)" graad="basis" his="normal" his_1="normal" id="25" infl="e" lcat="ap" lemma="wit" naamval="stan" pos="adj" positie="prenom" postag="ADJ(prenom,basis,met-e,stan)" pt="adj" rel="mod" root="wit" sense="wit" vform="adj" word="witte"/>
          <node begin="16" end="17" frame="noun(de,count,sg)" gen="de" genus="zijd" getal="ev" graad="basis" his="normal" his_1="normal" id="26" lcat="np" lemma="mars" naamval="stan" ntype="soort" num="sg" pos="noun" postag="N(soort,ev,basis,zijd,stan)" pt="n" rel="hd" rnum="sg" root="mars" sense="mars" word="mars"/>
          <node begin="18" cat="pp" end="20" id="27" rel="mod">
            <node begin="18" end="19" frame="preposition(tegen,[aan,in,op])" his="normal" his_1="normal" id="28" lcat="pp" lemma="tegen" pos="prep" postag="VZ(init)" pt="vz" rel="hd" root="tegen" sense="tegen" vztype="init" word="tegen"/>
            <node begin="19" end="20" frame="noun(het,mass,sg)" gen="het" genus="onz" getal="ev" graad="basis" his="normal" his_1="normal" id="29" lcat="np" lemma="antisemitisme" naamval="stan" ntype="soort" num="sg" pos="noun" postag="N(soort,ev,basis,onz,stan)" pt="n" rel="obj1" rnum="sg" root="antisemitisme" sense="antisemitisme" word="antisemitisme"/>
          </node>
        </node>
      </node>
      <node begin="21" cat="pp" end="29" id="30" rel="mod">
        <node begin="21" end="22" frame="preposition(na,[])" his="normal" his_1="normal" id="31" lcat="pp" lemma="na" pos="prep" postag="VZ(init)" pt="vz" rel="hd" root="na" sense="na" vztype="init" word="na"/>
        <node begin="22" cat="np" end="29" id="32" rel="obj1">
          <node begin="22" end="23" frame="determiner(de)" his="normal" his_1="normal" id="33" infl="de" lcat="detp" lemma="de" lwtype="bep" naamval="stan" npagr="rest" pos="det" postag="LID(bep,stan,rest)" pt="lid" rel="det" root="de" sense="de" word="de"/>
          <node begin="23" end="24" frame="noun(de,count,sg)" gen="de" genus="zijd" getal="ev" graad="basis" his="normal" his_1="normal" id="34" lcat="np" lemma="moord" naamval="stan" ntype="soort" num="sg" pos="noun" postag="N(soort,ev,basis,zijd,stan)" pt="n" rel="hd" rnum="sg" root="moord" sense="moord" word="moord"/>
          <node begin="24" cat="pp" end="29" id="35" rel="mod">
            <node begin="24" end="25" frame="preposition(op,[af,na])" his="normal" his_1="normal" id="36" lcat="pp" lemma="op" pos="prep" postag="VZ(init)" pt="vz" rel="hd" root="op" sense="op" vztype="init" word="op"/>
            <node begin="25" cat="np" end="29" id="37" rel="obj1">
              <node begin="25" end="26" frame="determiner(een)" his="normal" his_1="normal" id="38" infl="een" lcat="detp" lemma="een" lwtype="onbep" naamval="stan" npagr="agr" pos="det" postag="LID(onbep,stan,agr)" pt="lid" rel="det" root="een" sense="een" word="een"/>
              <node aform="base" begin="26" buiging="met-e" end="27" frame="adjective(e)" graad="basis" his="normal" his_1="normal" id="39" infl="e" lcat="ap" lemma="85_jarig" naamval="stan" pos="adj" positie="prenom" postag="ADJ(prenom,basis,met-e,stan)" pt="adj" rel="mod" root="85_jarig" sense="85_jarig" vform="adj" word="85-jarige"/>
              <node aform="base" begin="27" buiging="met-e" end="28" frame="adjective(e)" graad="basis" his="normal" his_1="normal" id="40" infl="e" lcat="ap" lemma="Joods" naamval="stan" pos="adj" positie="prenom" postag="ADJ(prenom,basis,met-e,stan)" pt="adj" rel="mod" root="Joods" sense="Joods" vform="adj" word="joodse"/>
              <node begin="28" end="29" frame="noun(de,count,sg)" gen="de" genus="zijd" getal="ev" graad="basis" his="normal" his_1="normal" id="41" lcat="np" lemma="vrouw" naamval="stan" ntype="soort" num="sg" pos="noun" postag="N(soort,ev,basis,zijd,stan)" pt="n" rel="hd" rnum="sg" root="vrouw" sense="vrouw" word="vrouw"/>
            </node>
          </node>
        </node>
      </node>
    </node>
    <node begin="29" end="30" frame="punct(punt)" his="normal" his_1="normal" id="42" lcat="punct" lemma="." pos="punct" postag="LET()" pt="let" rel="--" root="." sense="." special="punt" word="."/>
  </node>
  <sentence sentid="2">In de Franse hoofdstad Parijs zijn woensdagavond duizenden mensen op straat gekomen voor een &apos; witte mars &apos; tegen antisemitisme , na de moord op een 85-jarige joodse vrouw .</sentence>
  <comments>
    <comment>Q#2|In de Franse hoofdstad Parijs zijn woensdagavond duizenden mensen op straat gekomen voor een &apos; witte mars &apos; tegen antisemitisme , na de moord op een 85-jarige joodse vrouw .|1|1|-1.150545254410003</comment>
  </comments>
</alpino_ds>
