<?xml version="1.0" encoding="UTF-8"?>
<alpino_ds version="1.6">
  <parser cats="1" skips="0" />
  <node begin="0" cat="top" end="16" id="0" rel="top">
    <node begin="7" end="8" frame="punct(dubb_punt)" his="normal" his_1="normal" id="1" lcat="punct" lemma=":" pos="punct" postag="LET()" pt="let" rel="--" root=":" sense=":" special="dubb_punt" word=":"/>
    <node begin="8" end="9" frame="punct(aanhaal_both)" his="normal" his_1="normal" id="2" lcat="punct" lemma="&apos;" pos="punct" postag="LET()" pt="let" rel="--" root="&apos;" sense="&apos;" special="aanhaal_both" word="&apos;"/>
    <node begin="0" cat="du" end="15" id="3" rel="--">
      <node begin="0" cat="smain" end="7" id="4" rel="nucl">
        <node begin="0" end="1" frame="proper_name(sg,'PER')" genus="zijd" getal="ev" graad="basis" his="name" his_1="begin" id="5" lcat="np" lemma="Trump" naamval="stan" neclass="PER" ntype="eigen" num="sg" pos="name" postag="N(eigen,ev,basis,zijd,stan)" pt="n" rel="su" rnum="sg" root="Trump" sense="Trump" word="Trump"/>
        <node begin="1" end="2" frame="verb(hebben,sg3,np_np)" his="normal" his_1="normal" id="6" infl="sg3" lcat="smain" lemma="geven" pos="verb" postag="WW(pv,tgw,met-t)" pt="ww" pvagr="met-t" pvtijd="tgw" rel="hd" root="geef" sc="np_np" sense="geef" stype="declarative" tense="present" word="geeft" wvorm="pv"/>
        <node begin="2" end="3" frame="proper_name(both,'ORG')" genus="zijd" getal="ev" graad="basis" his="normal" his_1="names_dictionary" id="7" lcat="np" lemma="VN" naamval="stan" neclass="ORG" ntype="eigen" num="both" pos="name" postag="N(eigen,ev,basis,zijd,stan)" pt="n" rel="obj2" rnum="sg" root="VN" sense="VN" word="VN"/>
        <node begin="3" end="4" frame="noun(de,count,sg)" gen="de" genus="zijd" getal="ev" graad="basis" his="normal" his_1="normal" id="8" lcat="np" lemma="kritiek" naamval="stan" ntype="soort" num="sg" pos="noun" postag="N(soort,ev,basis,zijd,stan)" pt="n" rel="obj1" rnum="sg" root="kritiek" sense="kritiek" word="kritiek"/>
        <node begin="4" cat="pp" end="7" id="9" rel="mod">
          <node begin="4" end="5" frame="preposition(bij,[vandaan])" his="normal" his_1="normal" id="10" lcat="pp" lemma="bij" pos="prep" postag="VZ(init)" pt="vz" rel="hd" root="bij" sense="bij" vztype="init" word="bij"/>
          <node begin="5" cat="np" end="7" id="11" rel="obj1">
            <node begin="5" end="6" frame="number(rang)" his="normal" his_1="normal" id="12" lcat="ap" lemma="eerste" naamval="stan" numtype="rang" pos="num" positie="prenom" postag="TW(rang,prenom,stan)" pt="tw" rel="mod" root="eerste" sense="eerste" special="rang" word="eerste"/>
            <node begin="6" end="7" frame="noun(de,count,sg)" gen="de" genus="zijd" getal="ev" graad="basis" his="normal" his_1="normal" id="13" lcat="np" lemma="speech" naamval="stan" ntype="soort" num="sg" pos="noun" postag="N(soort,ev,basis,zijd,stan)" pt="n" rel="hd" rnum="sg" root="speech" sense="speech" word="speech"/>
          </node>
        </node>
      </node>
      <node begin="9" cat="smain" end="15" id="14" rel="sat">
        <node begin="9" end="10" frame="proper_name(both,'ORG')" genus="zijd" getal="ev" graad="basis" his="normal" his_1="names_dictionary" id="15" lcat="np" lemma="VN" naamval="stan" neclass="ORG" ntype="eigen" num="both" pos="name" postag="N(eigen,ev,basis,zijd,stan)" pt="n" rel="su" rnum="sg" root="VN" sense="VN" word="VN"/>
        <node begin="10" end="11" frame="verb(hebben,sg3,transitive)" his="normal" his_1="normal" id="16" infl="sg3" lcat="smain" lemma="bereiken" pos="verb" postag="WW(pv,tgw,met-t)" pt="ww" pvagr="met-t" pvtijd="tgw" rel="hd" root="bereik" sc="transitive" sense="bereik" stype="declarative" tense="present" word="bereikt" wvorm="pv"/>
        <node begin="11" end="12" frame="adverb" his="normal" his_1="normal" id="17" lcat="advp" lemma="niet" pos="adv" postag="BW()" pt="bw" rel="mod" root="niet" sense="niet" word="niet"/>
        <node begin="12" cat="np" end="15" id="18" rel="obj1">
          <node begin="12" buiging="zonder" end="13" frame="determiner(pron)" getal="ev" his="normal" his_1="normal" id="19" infl="pron" lcat="detp" lemma="haar" naamval="stan" npagr="agr" pdtype="det" persoon="3" pos="det" positie="prenom" postag="VNW(bez,det,stan,vol,3,ev,prenom,zonder,agr)" pron="true" pt="vnw" rel="det" root="haar" sense="haar" status="vol" vwtype="bez" word="haar"/>
          <node aform="base" begin="13" buiging="met-e" end="14" frame="adjective(e)" graad="basis" his="normal" his_1="normal" id="20" infl="e" lcat="ap" lemma="vol" naamval="stan" pos="adj" positie="prenom" postag="ADJ(prenom,basis,met-e,stan)" pt="adj" rel="mod" root="vol" sense="vol" vform="adj" word="volle"/>
          <node begin="14" end="15" frame="noun(het,count,sg)" gen="het" genus="onz" getal="ev" graad="basis" his="normal" his_1="normal" id="21" lcat="np" lemma="potentieel" naamval="stan" ntype="soort" num="sg" pos="noun" postag="N(soort,ev,basis,onz,stan)" pt="n" rel="hd" rnum="sg" root="potentieel" sense="potentieel" word="potentieel"/>
        </node>
      </node>
    </node>
    <node begin="15" end="16" frame="punct(aanhaal_both)" his="normal" his_1="normal" id="22" lcat="punct" lemma="&apos;" pos="punct" postag="LET()" pt="let" rel="--" root="&apos;" sense="&apos;" special="aanhaal_both" word="&apos;"/>
  </node>
  <sentence sentid="1">Trump geeft VN kritiek bij eerste speech : &apos; VN bereikt niet haar volle potentieel &apos;</sentence>
  <comments>
    <comment>Q#1|Trump geeft VN kritiek bij eerste speech : &apos; VN bereikt niet haar volle potentieel &apos;|1|1|-1.188702312550002</comment>
  </comments>
</alpino_ds>
