<?xml version="1.0" encoding="UTF-8"?>
<alpino_ds version="1.6">
  <parser cats="1" skips="0" />
  <node begin="0" cat="top" end="18" id="0" rel="top">
    <node begin="0" cat="smain" end="17" id="1" rel="--">
      <node begin="0" cat="np" end="5" id="2" index="1" rel="su">
        <node begin="0" end="1" frame="determiner(de)" his="normal" his_1="decap" his_1_1="normal" id="3" infl="de" lcat="detp" lemma="de" lwtype="bep" naamval="stan" npagr="rest" pos="det" postag="LID(bep,stan,rest)" pt="lid" rel="det" root="de" sense="de" word="De"/>
        <node aform="base" begin="1" buiging="met-e" end="2" frame="adjective(e)" graad="basis" his="normal" his_1="normal" id="4" infl="e" lcat="ap" lemma="Amerikaans" naamval="stan" pos="adj" positie="prenom" postag="ADJ(prenom,basis,met-e,stan)" pt="adj" rel="mod" root="Amerikaans" sense="Amerikaans" vform="adj" word="Amerikaanse"/>
        <node begin="2" end="3" frame="noun(de,count,sg)" gen="de" genus="zijd" getal="ev" graad="basis" his="normal" his_1="normal" id="5" lcat="np" lemma="president" naamval="stan" ntype="soort" num="sg" pos="noun" postag="N(soort,ev,basis,zijd,stan)" pt="n" rel="hd" rnum="sg" root="president" sense="president" word="president"/>
        <node begin="3" cat="mwu" end="5" his="normal" his_1="names_dictionary" id="6" mwu_root="Donald Trump" mwu_sense="Donald Trump" rel="app">
          <node begin="3" end="4" frame="proper_name(sg,'PER')" id="7" lcat="np" lemma="Donald" neclass="PER" num="sg" pos="name" postag="SPEC(deeleigen)" pt="spec" rel="mwp" rnum="sg" root="Donald" sense="Donald" spectype="deeleigen" word="Donald"/>
          <node begin="4" end="5" frame="proper_name(sg,'PER')" id="8" lcat="np" lemma="Trump" neclass="PER" num="sg" pos="name" postag="SPEC(deeleigen)" pt="spec" rel="mwp" rnum="sg" root="Trump" sense="Trump" spectype="deeleigen" word="Trump"/>
        </node>
      </node>
      <node begin="5" end="6" frame="verb(hebben,sg_heeft,aux_psp_hebben)" his="normal" his_1="normal" id="9" infl="sg_heeft" lcat="smain" lemma="hebben" pos="verb" postag="WW(pv,tgw,met-t)" pt="ww" pvagr="met-t" pvtijd="tgw" rel="hd" root="heb" sc="aux_psp_hebben" sense="heb" stype="declarative" tense="present" word="heeft" wvorm="pv"/>
      <node begin="0" cat="ppart" end="17" id="10" rel="vc">
        <node begin="0" end="5" id="11" index="1" rel="su"/>
        <node begin="6" cat="mwu" end="9" his="normal" his_1="normal" id="12" mwu_root="voor het eerst" mwu_sense="voor het eerst" rel="mod">
          <node aform="base" begin="6" end="7" frame="adjective(pred(adv))" id="13" infl="pred" lcat="ap" lemma="voor" pos="adj" postag="VZ(init)" pt="vz" rel="mwp" root="voor" sense="voor" vform="adj" vztype="init" word="voor"/>
          <node aform="base" begin="7" end="8" frame="adjective(pred(adv))" id="14" infl="pred" lcat="ap" lemma="het" lwtype="bep" naamval="stan" npagr="evon" pos="adj" postag="LID(bep,stan,evon)" pt="lid" rel="mwp" root="het" sense="het" vform="adj" word="het"/>
          <node aform="base" begin="8" end="9" frame="adjective(pred(adv))" getal-n="zonder-n" id="15" infl="pred" lcat="ap" lemma="eerst" numtype="rang" pos="adj" positie="nom" postag="TW(rang,nom,zonder-n)" pt="tw" rel="mwp" root="eerst" sense="eerst" vform="adj" word="eerst"/>
        </node>
        <node begin="9" cat="np" end="16" id="16" rel="obj1">
          <node begin="9" end="10" frame="determiner(de)" his="normal" his_1="normal" id="17" infl="de" lcat="detp" lemma="de" lwtype="bep" naamval="stan" npagr="rest" pos="det" postag="LID(bep,stan,rest)" pt="lid" rel="det" root="de" sense="de" word="de"/>
          <node aform="base" begin="10" buiging="met-e" end="11" frame="adjective(e)" graad="basis" his="normal" his_1="normal" id="18" infl="e" lcat="ap" lemma="algemeen" naamval="stan" pos="adj" positie="prenom" postag="ADJ(prenom,basis,met-e,stan)" pt="adj" rel="mod" root="algemeen" sense="algemeen" vform="adj" word="algemene"/>
          <node begin="11" end="12" frame="noun(de,count,sg)" gen="de" genus="zijd" getal="ev" graad="basis" his="normal" his_1="normal" id="19" lcat="np" lemma="vergadering" naamval="stan" ntype="soort" num="sg" pos="noun" postag="N(soort,ev,basis,zijd,stan)" pt="n" rel="hd" rnum="sg" root="vergadering" sense="vergadering" word="vergadering"/>
          <node begin="12" cat="pp" end="16" id="20" rel="mod">
            <node begin="12" end="13" frame="preposition(van,[af,uit,vandaan,[af,aan]])" his="normal" his_1="normal" id="21" lcat="pp" lemma="van" pos="prep" postag="VZ(init)" pt="vz" rel="hd" root="van" sense="van" vztype="init" word="van"/>
            <node begin="13" cat="np" end="16" id="22" rel="obj1">
              <node begin="13" end="14" frame="determiner(de)" his="normal" his_1="normal" id="23" infl="de" lcat="detp" lemma="de" lwtype="bep" naamval="stan" npagr="rest" pos="det" postag="LID(bep,stan,rest)" pt="lid" rel="det" root="de" sense="de" word="de"/>
              <node begin="14" cat="mwu" end="16" his="normal" his_1="names_dictionary" id="24" mwu_root="Verenigde Naties" mwu_sense="Verenigde Naties" rel="hd">
                <node begin="14" end="15" frame="proper_name(both,'ORG')" id="25" lcat="np" lemma="Verenigde" neclass="ORG" num="both" pos="name" postag="SPEC(deeleigen)" pt="spec" rel="mwp" rnum="sg" root="Verenigde" sense="Verenigde" spectype="deeleigen" word="Verenigde"/>
                <node begin="15" end="16" frame="proper_name(both,'ORG')" id="26" lcat="np" lemma="Naties" neclass="ORG" num="both" pos="name" postag="SPEC(deeleigen)" pt="spec" rel="mwp" rnum="sg" root="Naties" sense="Naties" spectype="deeleigen" word="Naties"/>
              </node>
            </node>
          </node>
        </node>
        <node begin="16" buiging="zonder" end="17" frame="verb(hebben,psp,ninv(transitive,part_transitive(toe)))" his="normal" his_1="part-V" id="27" infl="psp" lcat="ppart" lemma="toe_spreken" pos="verb" positie="vrij" postag="WW(vd,vrij,zonder)" pt="ww" rel="hd" root="spreek_toe" sc="part_transitive(toe)" sense="spreek_toe" word="toegesproken" wvorm="vd"/>
      </node>
    </node>
    <node begin="17" end="18" frame="punct(punt)" his="normal" his_1="normal" id="28" lcat="punct" lemma="." pos="punct" postag="LET()" pt="let" rel="--" root="." sense="." special="punt" word="."/>
  </node>
  <sentence sentid="2">De Amerikaanse president Donald Trump heeft voor het eerst de algemene vergadering van de Verenigde Naties toegesproken .</sentence>
  <comments>
    <comment>Q#2|De Amerikaanse president Donald Trump heeft voor het eerst de algemene vergadering van de Verenigde Naties toegesproken .|1|1|-12.660854739590002</comment>
  </comments>
</alpino_ds>
