<?xml version="1.0" encoding="UTF-8"?>
<alpino_ds version="1.6">
  <parser cats="1" skips="0" />
  <node begin="0" cat="top" end="30" id="0" rel="top">
    <node begin="10" end="11" frame="punct(dubb_punt)" his="normal" his_1="normal" id="1" lcat="punct" lemma=":" pos="punct" postag="LET()" pt="let" rel="--" root=":" sense=":" special="dubb_punt" word=":"/>
    <node begin="11" end="12" frame="punct(aanhaal_both)" his="skip" id="2" lcat="--" lemma="&apos;" pos="punct" postag="LET()" pt="let" rel="--" root="&apos;" sense="&apos;" special="aanhaal_both" word="&apos;"/>
    <node begin="0" cat="du" end="28" id="3" rel="--">
      <node begin="0" cat="smain" end="10" id="4" rel="nucl">
        <node begin="0" cat="pp" end="3" id="5" rel="mod">
          <node begin="0" end="1" frame="preposition(in,[])" his="normal" his_1="decap" his_1_1="normal" id="6" lcat="pp" lemma="in" pos="prep" postag="VZ(init)" pt="vz" rel="hd" root="in" sense="in" vztype="init" word="In"/>
          <node begin="1" cat="np" end="3" id="7" rel="obj1">
            <node begin="1" buiging="zonder" end="2" frame="determiner(pron)" getal="ev" his="normal" his_1="normal" id="8" infl="pron" lcat="detp" lemma="zijn" naamval="stan" npagr="agr" pdtype="det" persoon="3" pos="det" positie="prenom" postag="VNW(bez,det,stan,vol,3,ev,prenom,zonder,agr)" pron="true" pt="vnw" rel="det" root="zijn" sense="zijn" status="vol" vwtype="bez" word="zijn"/>
            <node begin="2" end="3" frame="noun(de,count,sg)" gen="de" genus="zijd" getal="ev" graad="basis" his="normal" his_1="normal" id="9" lcat="np" lemma="speech" naamval="stan" ntype="soort" num="sg" pos="noun" postag="N(soort,ev,basis,zijd,stan)" pt="n" rel="hd" rnum="sg" root="speech" sense="speech" word="speech"/>
          </node>
        </node>
        <node begin="3" end="4" frame="verb(unacc,past(sg),copula)" his="normal" his_1="normal" id="10" infl="sg" lcat="smain" lemma="zijn" pos="verb" postag="WW(pv,verl,ev)" pt="ww" pvagr="ev" pvtijd="verl" rel="hd" root="ben" sc="copula" sense="ben" stype="declarative" tense="past" word="was" wvorm="pv"/>
        <node begin="4" end="5" frame="proper_name(sg,'PER')" genus="zijd" getal="ev" graad="basis" his="name" his_1="not_begin" id="11" lcat="np" lemma="Trump" naamval="stan" neclass="PER" ntype="eigen" num="sg" pos="name" postag="N(eigen,ev,basis,zijd,stan)" pt="n" rel="su" rnum="sg" root="Trump" sense="Trump" word="Trump"/>
        <node begin="5" cat="ap" end="7" id="12" rel="predc">
          <node aform="base" begin="5" buiging="zonder" end="6" frame="adjective(no_e(adv))" graad="basis" his="normal" his_1="normal" id="13" infl="no_e" lcat="ap" lemma="erg" pos="adj" positie="vrij" postag="ADJ(vrij,basis,zonder)" pt="adj" rel="mod" root="erg" sense="erg" vform="adj" word="erg"/>
          <node aform="base" begin="6" buiging="zonder" end="7" frame="adjective(no_e(adv))" graad="basis" his="normal" his_1="normal" id="14" infl="no_e" lcat="ap" lemma="kritisch" pos="adj" positie="vrij" postag="ADJ(vrij,basis,zonder)" pt="adj" rel="hd" root="kritisch" sense="kritisch" vform="adj" word="kritisch"/>
        </node>
        <node begin="7" cat="pp" end="10" id="15" rel="mod">
          <node begin="7" end="8" frame="preposition(voor,[aan,door,uit,[in,de,plaats]])" his="normal" his_1="normal" id="16" lcat="pp" lemma="voor" pos="prep" postag="VZ(init)" pt="vz" rel="hd" root="voor" sense="voor" vztype="init" word="voor"/>
          <node begin="8" cat="np" end="10" id="17" rel="obj1">
            <node begin="8" end="9" frame="determiner(de)" his="normal" his_1="normal" id="18" infl="de" lcat="detp" lemma="de" lwtype="bep" naamval="stan" npagr="rest" pos="det" postag="LID(bep,stan,rest)" pt="lid" rel="det" root="de" sense="de" word="de"/>
            <node begin="9" end="10" frame="proper_name(both,'ORG')" genus="zijd" getal="ev" graad="basis" his="normal" his_1="names_dictionary" id="19" lcat="np" lemma="VN" naamval="stan" neclass="ORG" ntype="eigen" num="both" pos="name" postag="N(eigen,ev,basis,zijd,stan)" pt="n" rel="hd" rnum="sg" root="VN" sense="VN" word="VN"/>
          </node>
        </node>
      </node>
      <node begin="12" cat="smain" end="28" id="20" rel="sat">
        <node begin="15" end="16" frame="verb(hebben,pl,aux_psp_hebben)" his="normal" his_1="normal" id="21" infl="pl" lcat="smain" lemma="hebben" pos="verb" postag="WW(pv,tgw,mv)" pt="ww" pvagr="mv" pvtijd="tgw" rel="hd" root="heb" sc="aux_psp_hebben" sense="heb" stype="declarative" tense="present" word="hebben" wvorm="pv"/>
        <node begin="16" cat="np" end="18" id="22" index="1" rel="su">
          <node begin="16" end="17" frame="determiner(de)" his="normal" his_1="normal" id="23" infl="de" lcat="detp" lemma="de" lwtype="bep" naamval="stan" npagr="rest" pos="det" postag="LID(bep,stan,rest)" pt="lid" rel="det" root="de" sense="de" word="de"/>
          <node begin="17" end="18" frame="proper_name(both,'ORG')" getal="mv" graad="basis" his="normal" his_1="names_dictionary" id="24" lcat="np" lemma="VN" neclass="ORG" ntype="eigen" num="both" pos="name" postag="N(eigen,mv,basis)" pt="n" rel="hd" rnum="pl" root="VN" sense="VN" word="VN"/>
        </node>
        <node begin="12" cat="ppart" end="28" id="25" rel="vc">
          <node begin="12" cat="np" end="15" id="26" rel="mod">
            <node begin="12" end="13" frame="determiner(de)" his="normal" his_1="decap" his_1_1="normal" id="27" infl="de" lcat="detp" lemma="de" lwtype="bep" naamval="stan" npagr="rest" pos="det" postag="LID(bep,stan,rest)" pt="lid" rel="det" root="de" sense="de" word="De"/>
            <node aform="super" begin="13" buiging="met-e" end="14" frame="adjective(ste)" graad="sup" his="normal" his_1="normal" id="28" infl="e" lcat="ap" lemma="jong" naamval="stan" pos="adj" positie="prenom" postag="ADJ(prenom,sup,met-e,stan)" pt="adj" rel="mod" root="jong" sense="jong" vform="adj" word="jongste"/>
            <node begin="14" end="15" frame="tmp_noun(het,count,pl)" gen="het" getal="mv" graad="basis" his="normal" his_1="normal" id="29" lcat="np" lemma="jaar" ntype="soort" num="pl" pos="noun" postag="N(soort,mv,basis)" pt="n" rel="hd" rnum="pl" root="jaar" sense="jaar" special="tmp" word="jaren"/>
          </node>
          <node begin="16" end="18" id="30" index="1" rel="su"/>
          <node begin="18" end="19" frame="adverb" his="normal" his_1="normal" id="31" lcat="advp" lemma="niet" pos="adv" postag="BW()" pt="bw" rel="mod" root="niet" sense="niet" word="niet"/>
          <node begin="19" cat="np" end="22" id="32" rel="obj1">
            <node begin="19" buiging="zonder" end="20" frame="determiner(pron)" getal="mv" his="normal" his_1="normal" id="33" infl="pron" lcat="detp" lemma="hun" naamval="stan" npagr="agr" pdtype="det" persoon="3" pos="det" positie="prenom" postag="VNW(bez,det,stan,vol,3,mv,prenom,zonder,agr)" pron="true" pt="vnw" rel="det" root="hun" sense="hun" status="vol" vwtype="bez" word="hun"/>
            <node aform="base" begin="20" buiging="zonder" end="21" frame="adjective(no_e(adv))" graad="basis" his="normal" his_1="normal" id="34" infl="no_e" lcat="ap" lemma="volledig" pos="adj" positie="prenom" postag="ADJ(prenom,basis,zonder)" pt="adj" rel="mod" root="volledig" sense="volledig" vform="adj" word="volledig"/>
            <node begin="21" end="22" frame="noun(het,count,sg)" gen="het" genus="onz" getal="ev" graad="basis" his="normal" his_1="normal" id="35" lcat="np" lemma="potentieel" naamval="stan" ntype="soort" num="sg" pos="noun" postag="N(soort,ev,basis,onz,stan)" pt="n" rel="hd" rnum="sg" root="potentieel" sense="potentieel" word="potentieel"/>
          </node>
          <node begin="22" buiging="zonder" end="23" frame="verb(hebben,psp,transitive)" his="normal" his_1="normal" id="36" infl="psp" lcat="ppart" lemma="halen" pos="verb" positie="vrij" postag="WW(vd,vrij,zonder)" pt="ww" rel="hd" root="haal" sc="transitive" sense="haal" word="gehaald" wvorm="vd"/>
          <node begin="23" cat="pp" end="28" id="37" rel="mod">
            <node begin="23" end="24" frame="preposition(vanwege,[])" his="normal" his_1="normal" id="38" lcat="pp" lemma="vanwege" pos="prep" postag="VZ(init)" pt="vz" rel="hd" root="vanwege" sense="vanwege" vztype="init" word="vanwege"/>
            <node begin="24" cat="conj" end="28" id="39" rel="obj1">
              <node begin="24" end="25" frame="noun(de,mass,sg)" gen="de" genus="zijd" getal="ev" graad="basis" his="normal" his_1="normal" id="40" lcat="np" lemma="bureaucratie" naamval="stan" ntype="soort" num="sg" pos="noun" postag="N(soort,ev,basis,zijd,stan)" pt="n" rel="cnj" rnum="sg" root="bureaucratie" sense="bureaucratie" word="bureaucratie"/>
              <node begin="25" conjtype="neven" end="26" frame="conj(en)" his="normal" his_1="normal" id="41" lcat="vg" lemma="en" pos="vg" postag="VG(neven)" pt="vg" rel="crd" root="en" sense="en" word="en"/>
              <node begin="26" cat="np" end="28" id="42" rel="cnj">
                <node aform="base" begin="26" buiging="zonder" end="27" frame="adjective(no_e(adv))" graad="basis" his="normal" his_1="normal" id="43" infl="no_e" lcat="ap" lemma="slecht" pos="adj" positie="prenom" postag="ADJ(prenom,basis,zonder)" pt="adj" rel="mod" root="slecht" sense="slecht" vform="adj" word="slecht"/>
                <node begin="27" end="28" frame="noun(het,count,sg)" gen="het" genus="onz" getal="ev" graad="basis" his="normal" his_1="normal" id="44" lcat="np" lemma="bestuur" naamval="stan" ntype="soort" num="sg" pos="noun" postag="N(soort,ev,basis,onz,stan)" pt="n" rel="hd" rnum="sg" root="bestuur" sense="bestuur" word="bestuur"/>
              </node>
            </node>
          </node>
        </node>
      </node>
    </node>
    <node begin="28" end="29" frame="punct(punt)" his="normal" his_1="normal" id="45" lcat="punct" lemma="." pos="punct" postag="LET()" pt="let" rel="--" root="." sense="." special="punt" word="."/>
    <node begin="29" end="30" frame="punct(aanhaal_both)" his="skip" id="46" lcat="--" lemma="&apos;" pos="punct" postag="LET()" pt="let" rel="--" root="&apos;" sense="&apos;" special="aanhaal_both" word="&apos;"/>
  </node>
  <sentence sentid="3">In zijn speech was Trump erg kritisch voor de VN : &apos; De jongste jaren hebben de VN niet hun volledig potentieel gehaald vanwege bureaucratie en slecht bestuur . &apos;</sentence>
  <comments>
    <comment>Q#3|In zijn speech was Trump erg kritisch voor de VN : &apos; De jongste jaren hebben de VN niet hun volledig potentieel gehaald vanwege bureaucratie en slecht bestuur . &apos;|1|1|-1.8112852037899956</comment>
  </comments>
</alpino_ds>
