<?xml version="1.0" encoding="UTF-8"?>
<alpino_ds version="1.6">
  <parser cats="1" skips="0" />
  <node begin="0" cat="top" end="29" id="0" rel="top">
    <node begin="6" end="7" frame="punct(aanhaal_both)" his="normal" his_1="normal" id="1" lcat="punct" lemma="&apos;" pos="punct" postag="LET()" pt="let" rel="--" root="&apos;" sense="&apos;" special="aanhaal_both" word="&apos;"/>
    <node begin="11" end="12" frame="punct(aanhaal_both)" his="normal" his_1="normal" id="2" lcat="punct" lemma="&apos;" pos="punct" postag="LET()" pt="let" rel="--" root="&apos;" sense="&apos;" special="aanhaal_both" word="&apos;"/>
    <node begin="0" cat="smain" end="28" id="3" rel="--">
      <node begin="0" cat="np" end="3" id="4" rel="su">
        <node begin="0" end="1" frame="noun(de,count,sg)" gen="de" genus="zijd" getal="ev" graad="basis" his="normal" his_1="normal" id="5" lcat="np" lemma="VN-secretaris-generaal" naamval="stan" ntype="soort" num="sg" pos="noun" postag="N(soort,ev,basis,zijd,stan)" pt="n" rel="hd" rnum="sg" root="VN-secretaris-generaal" sense="VN-secretaris-generaal" word="VN-secretaris-generaal"/>
        <node begin="1" cat="mwu" end="3" his="normal" his_1="names_dictionary" id="6" mwu_root="António Guterres" mwu_sense="António Guterres" rel="app">
          <node begin="1" end="2" frame="proper_name(sg,'PER')" id="7" lcat="np" lemma="António" neclass="PER" num="sg" pos="name" postag="SPEC(deeleigen)" pt="spec" rel="mwp" rnum="sg" root="António" sense="António" spectype="deeleigen" word="António"/>
          <node begin="2" end="3" frame="proper_name(sg,'PER')" id="8" lcat="np" lemma="Guterres" neclass="PER" num="sg" pos="name" postag="SPEC(deeleigen)" pt="spec" rel="mwp" rnum="sg" root="Guterres" sense="Guterres" spectype="deeleigen" word="Guterres"/>
        </node>
      </node>
      <node begin="3" end="4" frame="verb(hebben,sg3,pc_pp(voor))" his="normal" his_1="normal" id="9" infl="sg3" lcat="smain" lemma="waarschuwen" pos="verb" postag="WW(pv,tgw,met-t)" pt="ww" pvagr="met-t" pvtijd="tgw" rel="hd" root="waarschuw" sc="pc_pp(voor)" sense="waarschuw-voor" stype="declarative" tense="present" word="waarschuwt" wvorm="pv"/>
      <node begin="4" cat="pp" end="11" id="10" rel="pc">
        <node begin="4" end="5" frame="preposition(voor,[aan,door,uit,[in,de,plaats]])" his="normal" his_1="normal" id="11" lcat="pp" lemma="voor" pos="prep" postag="VZ(init)" pt="vz" rel="hd" root="voor" sense="voor" vztype="init" word="voor"/>
        <node begin="5" cat="np" end="11" id="12" rel="obj1">
          <node begin="5" end="6" frame="determiner(een)" his="normal" his_1="normal" id="13" infl="een" lcat="detp" lemma="een" lwtype="onbep" naamval="stan" npagr="agr" pos="det" postag="LID(onbep,stan,agr)" pt="lid" rel="det" root="een" sense="een" word="een"/>
          <node begin="7" end="8" frame="noun(both,count,sg,measure)" gen="both" genus="zijd" getal="ev" graad="basis" his="normal" his_1="normal" id="14" lcat="np" lemma="soort" naamval="stan" ntype="soort" num="sg" pos="noun" postag="N(soort,ev,basis,zijd,stan)" pt="n" rel="hd" rnum="sg" root="soort" sc="measure" sense="soort" word="soort"/>
          <node begin="8" cat="np" end="11" id="15" rel="mod">
            <node aform="base" begin="8" buiging="met-e" end="9" frame="adjective(e)" graad="basis" his="normal" his_1="normal" id="16" infl="e" lcat="ap" lemma="nieuw" naamval="stan" pos="adj" positie="prenom" postag="ADJ(prenom,basis,met-e,stan)" pt="adj" rel="mod" root="nieuw" sense="nieuw" vform="adj" word="nieuwe"/>
            <node begin="9" cat="mwu" end="11" his="normal" his_1="names_dictionary" id="17" mwu_root="Koude Oorlog" mwu_sense="Koude Oorlog" rel="hd">
              <node begin="9" end="10" frame="proper_name(sg)" id="18" lcat="np" lemma="Koude" neclass="MISC" num="sg" pos="name" postag="SPEC(deeleigen)" pt="spec" rel="mwp" rnum="sg" root="Koude" sense="Koude" spectype="deeleigen" word="Koude"/>
              <node begin="10" end="11" frame="proper_name(sg)" id="19" lcat="np" lemma="Oorlog" neclass="MISC" num="sg" pos="name" postag="SPEC(deeleigen)" pt="spec" rel="mwp" rnum="sg" root="Oorlog" sense="Oorlog" spectype="deeleigen" word="Oorlog"/>
            </node>
          </node>
        </node>
      </node>
      <node begin="12" cat="cp" end="28" id="20" rel="mod">
        <node begin="12" conjtype="onder" end="13" frame="complementizer" his="normal" his_1="normal" id="21" lcat="cp" lemma="nu" pos="comp" postag="VG(onder)" pt="vg" rel="cmp" root="nu" sense="nu" word="nu"/>
        <node begin="13" cat="ssub" end="28" id="22" rel="body">
          <node begin="13" cat="np" end="20" id="23" index="1" rel="su">
            <node begin="13" end="14" frame="determiner(de)" his="normal" his_1="normal" id="24" infl="de" lcat="detp" lemma="de" lwtype="bep" naamval="stan" npagr="rest" pos="det" postag="LID(bep,stan,rest)" pt="lid" rel="det" root="de" sense="de" word="de"/>
            <node begin="14" end="15" frame="noun(de,count,pl)" gen="de" getal="mv" graad="basis" his="normal" his_1="normal" id="25" lcat="np" lemma="relatie" ntype="soort" num="pl" pos="noun" postag="N(soort,mv,basis)" pt="n" rel="hd" rnum="pl" root="relatie" sense="relatie" word="relaties"/>
            <node begin="15" cat="pp" end="20" id="26" rel="mod">
              <node begin="15" end="16" frame="preposition(tussen,[door,in,vandaan])" his="normal" his_1="normal" id="27" lcat="pp" lemma="tussen" pos="prep" postag="VZ(init)" pt="vz" rel="hd" root="tussen" sense="tussen" vztype="init" word="tussen"/>
              <node begin="16" cat="conj" end="20" id="28" rel="obj1">
                <node begin="16" cat="np" end="18" id="29" rel="cnj">
                  <node begin="16" end="17" frame="determiner(het,nwh,nmod,pro,nparg,wkpro)" his="normal" his_1="normal" id="30" infl="het" lcat="detp" lemma="het" lwtype="bep" naamval="stan" npagr="evon" pos="det" postag="LID(bep,stan,evon)" pt="lid" rel="det" root="het" sense="het" wh="nwh" word="het"/>
                  <node begin="17" end="18" frame="proper_name(sg,'LOC')" genus="onz" getal="ev" graad="basis" his="normal" his_1="names_dictionary" id="31" lcat="np" lemma="Westen" naamval="stan" neclass="LOC" ntype="eigen" num="sg" pos="name" postag="N(eigen,ev,basis,onz,stan)" pt="n" rel="hd" rnum="sg" root="Westen" sense="Westen" word="Westen"/>
                </node>
                <node begin="18" conjtype="neven" end="19" frame="conj(en)" his="normal" his_1="normal" id="32" lcat="vg" lemma="en" pos="vg" postag="VG(neven)" pt="vg" rel="crd" root="en" sense="en" word="en"/>
                <node begin="19" end="20" frame="proper_name(sg,'LOC')" genus="onz" getal="ev" graad="basis" his="normal" his_1="names_dictionary" id="33" lcat="np" lemma="Rusland" naamval="stan" neclass="LOC" ntype="eigen" num="sg" pos="name" postag="N(eigen,ev,basis,onz,stan)" pt="n" rel="cnj" rnum="sg" root="Rusland" sense="Rusland" word="Rusland"/>
              </node>
            </node>
          </node>
          <node begin="26" end="27" frame="verb(unacc,pl,aux_psp_zijn)" his="normal" his_1="normal" id="34" infl="pl" lcat="ssub" lemma="zijn" pos="verb" postag="WW(pv,tgw,mv)" pt="ww" pvagr="mv" pvtijd="tgw" rel="hd" root="ben" sc="aux_psp_zijn" sense="ben" tense="present" word="zijn" wvorm="pv"/>
          <node begin="13" cat="ppart" end="28" id="35" rel="vc">
            <node begin="13" end="20" id="36" index="1" rel="su"/>
            <node begin="20" cat="pp" end="26" id="37" rel="ld">
              <node begin="20" end="21" frame="preposition(om,[heen])" his="normal" his_1="normal" id="38" lcat="pp" lemma="om" pos="prep" postag="VZ(init)" pt="vz" rel="hd" root="om" sense="om" vztype="init" word="om"/>
              <node begin="21" cat="np" end="26" id="39" rel="obj1">
                <node begin="21" end="22" frame="determiner(de)" his="normal" his_1="normal" id="40" infl="de" lcat="detp" lemma="de" lwtype="bep" naamval="stan" npagr="rest" pos="det" postag="LID(bep,stan,rest)" pt="lid" rel="det" root="de" sense="de" word="de"/>
                <node begin="22" end="23" frame="noun(both,both,both)" gen="both" genus="zijd" getal="ev" graad="basis" his="noun" id="41" lcat="np" lemma="affaire-Skripal" naamval="stan" ntype="soort" num="both" pos="noun" postag="N(soort,ev,basis,zijd,stan)" pt="n" rel="hd" rnum="sg" root="affaire-Skripal" sense="affaire-Skripal" word="affaire-Skripal"/>
                <node begin="23" cat="pp" end="26" id="42" rel="mod">
                  <node begin="23" end="24" frame="preposition(onder,[door,vandaan])" his="normal" his_1="normal" id="43" lcat="pp" lemma="onder" pos="prep" postag="VZ(init)" pt="vz" rel="hd" root="onder" sense="onder" vztype="init" word="onder"/>
                  <node begin="24" cat="np" end="26" id="44" rel="obj1">
                    <node begin="24" end="25" frame="determiner(het,nwh,nmod,pro,nparg,wkpro)" his="normal" his_1="normal" id="45" infl="het" lcat="detp" lemma="het" lwtype="bep" naamval="stan" npagr="evon" pos="det" postag="LID(bep,stan,evon)" pt="lid" rel="det" root="het" sense="het" wh="nwh" word="het"/>
                    <node begin="25" end="26" frame="noun(het,count,sg)" gen="het" genus="onz" getal="ev" graad="basis" his="normal" his_1="normal" id="46" lcat="np" lemma="vriespunt" naamval="stan" ntype="soort" num="sg" pos="noun" postag="N(soort,ev,basis,onz,stan)" pt="n" rel="hd" rnum="sg" root="vriespunt" sense="vriespunt" word="vriespunt"/>
                  </node>
                </node>
              </node>
            </node>
            <node begin="27" buiging="zonder" end="28" frame="verb(zijn,psp,ld_pp)" his="normal" his_1="normal" id="47" infl="psp" lcat="ppart" lemma="zakken" pos="verb" positie="vrij" postag="WW(vd,vrij,zonder)" pt="ww" rel="hd" root="zak" sc="ld_pp" sense="zak" word="gezakt" wvorm="vd"/>
          </node>
        </node>
      </node>
    </node>
    <node begin="28" end="29" frame="punct(punt)" his="normal" his_1="normal" id="48" lcat="punct" lemma="." pos="punct" postag="LET()" pt="let" rel="--" root="." sense="." special="punt" word="."/>
  </node>
  <sentence sentid="2">VN-secretaris-generaal António Guterres waarschuwt voor een &apos; soort nieuwe Koude Oorlog &apos; nu de relaties tussen het Westen en Rusland om de affaire-Skripal onder het vriespunt zijn gezakt .</sentence>
  <comments>
    <comment>Q#2|VN-secretaris-generaal António Guterres waarschuwt voor een &apos; soort nieuwe Koude Oorlog &apos; nu de relaties tussen het Westen en Rusland om de affaire-Skripal onder het vriespunt zijn gezakt .|1|1|-8.376163712669992</comment>
  </comments>
</alpino_ds>
