<?xml version="1.0" encoding="UTF-8"?>
<alpino_ds version="1.6">
  <parser cats="1" skips="0" />
  <node begin="0" cat="top" end="7" id="0" rel="top">
    <node begin="0" cat="smain" end="7" id="1" rel="--">
      <node begin="0" end="1" frame="proper_name(sg,'PER')" genus="zijd" getal="ev" graad="basis" his="normal" his_1="names_dictionary" id="2" lcat="np" lemma="Israël" naamval="stan" neclass="PER" ntype="eigen" num="sg" pos="name" postag="N(eigen,ev,basis,zijd,stan)" pt="n" rel="su" rnum="sg" root="Israël" sense="Israël" word="Israël"/>
      <node begin="1" end="2" frame="verb(hebben,sg3,part_transitive(aan))" his="normal" his_1="normal" id="3" infl="sg3" lcat="smain" lemma="aan_vallen" pos="verb" postag="WW(pv,tgw,met-t)" pt="ww" pvagr="met-t" pvtijd="tgw" rel="hd" root="val_aan" sc="part_transitive(aan)" sense="val_aan" stype="declarative" tense="present" word="valt" wvorm="pv"/>
      <node begin="2" cat="np" end="4" id="4" rel="obj1">
        <node begin="2" end="3" frame="noun(het,count,pl)" gen="het" getal="mv" graad="basis" his="normal" his_1="normal" id="5" lcat="np" lemma="doelwit" ntype="soort" num="pl" pos="noun" postag="N(soort,mv,basis)" pt="n" rel="hd" rnum="pl" root="doelwit" sense="doelwit" word="doelwitten"/>
        <node begin="3" end="4" frame="proper_name(sg,'ORG')" genus="zijd" getal="ev" graad="basis" his="normal" his_1="names_dictionary" id="6" lcat="np" lemma="Hamas" naamval="stan" neclass="ORG" ntype="eigen" num="sg" pos="name" postag="N(eigen,ev,basis,zijd,stan)" pt="n" rel="app" rnum="sg" root="Hamas" sense="Hamas" word="Hamas"/>
      </node>
      <node begin="4" end="5" frame="particle(aan)" his="normal" his_1="normal" id="7" lcat="part" lemma="aan" pos="part" postag="VZ(fin)" pt="vz" rel="svp" root="aan" sense="aan" vztype="fin" word="aan"/>
      <node begin="5" cat="pp" end="7" id="8" rel="mod">
        <node begin="5" end="6" frame="preposition(na,[])" his="normal" his_1="normal" id="9" lcat="pp" lemma="na" pos="prep" postag="VZ(init)" pt="vz" rel="hd" root="na" sense="na" vztype="init" word="na"/>
        <node begin="6" end="7" frame="noun(de,count,sg)" gen="de" genus="zijd" getal="ev" graad="basis" his="normal" his_1="normal" id="10" lcat="np" lemma="explosie" naamval="stan" ntype="soort" num="sg" pos="noun" postag="N(soort,ev,basis,zijd,stan)" pt="n" rel="obj1" rnum="sg" root="explosie" sense="explosie" word="explosie"/>
      </node>
    </node>
  </node>
  <sentence sentid="1">Israël valt doelwitten Hamas aan na explosie</sentence>
  <comments>
    <comment>Q#1|Israël valt doelwitten Hamas aan na explosie|1|1|-1.6123748408499987</comment>
  </comments>
</alpino_ds>
