<?xml version="1.0" encoding="UTF-8"?>
<alpino_ds version="1.6">
  <parser cats="1" skips="0" />
  <node begin="0" cat="top" end="16" id="0" rel="top">
    <node begin="0" cat="smain" end="15" id="1" rel="--">
      <node begin="0" cat="np" end="3" id="2" index="1" rel="su">
        <node begin="0" end="1" frame="determiner(het,nwh,nmod,pro,nparg,wkpro)" his="normal" his_1="decap" his_1_1="normal" id="3" infl="het" lcat="detp" lemma="het" lwtype="bep" naamval="stan" npagr="evon" pos="det" postag="LID(bep,stan,evon)" pt="lid" rel="det" root="het" sense="het" wh="nwh" word="Het"/>
        <node aform="base" begin="1" buiging="zonder" end="2" frame="adjective(no_e(nonadv))" graad="basis" his="normal" his_1="normal" id="4" infl="no_e" lcat="ap" lemma="Israëlisch" pos="adj" positie="prenom" postag="ADJ(prenom,basis,zonder)" pt="adj" rel="mod" root="Israëlisch" sense="Israëlisch" vform="adj" word="Israëlisch"/>
        <node begin="2" end="3" frame="noun(het,count,sg)" gen="het" genus="onz" getal="ev" graad="basis" his="normal" his_1="normal" id="5" lcat="np" lemma="leger" naamval="stan" ntype="soort" num="sg" pos="noun" postag="N(soort,ev,basis,onz,stan)" pt="n" rel="hd" rnum="sg" root="leger" sense="leger" word="leger"/>
      </node>
      <node begin="3" end="4" frame="verb(hebben,sg_heeft,aux_psp_hebben)" his="normal" his_1="normal" id="6" infl="sg_heeft" lcat="smain" lemma="hebben" pos="verb" postag="WW(pv,tgw,met-t)" pt="ww" pvagr="met-t" pvtijd="tgw" rel="hd" root="heb" sc="aux_psp_hebben" sense="heb" stype="declarative" tense="present" word="heeft" wvorm="pv"/>
      <node begin="0" cat="ppart" end="15" id="7" rel="vc">
        <node begin="0" end="3" id="8" index="1" rel="su"/>
        <node begin="4" end="5" frame="tmp_noun(de,count,sg)" gen="de" genus="zijd" getal="ev" graad="basis" his="normal" his_1="normal" id="9" lcat="np" lemma="woensdag" naamval="stan" ntype="eigen" num="sg" pos="noun" postag="N(eigen,ev,basis,zijd,stan)" pt="n" rel="mod" rnum="sg" root="woensdag" sense="woensdag" special="tmp" word="woensdag"/>
        <node begin="5" cat="pp" end="8" id="10" rel="mod">
          <node begin="5" end="6" frame="preposition(naar,[toe])" his="normal" his_1="normal" id="11" lcat="pp" lemma="naar" pos="prep" postag="VZ(init)" pt="vz" rel="hd" root="naar" sense="naar" vztype="init" word="naar"/>
          <node begin="6" cat="np" end="8" his="normal" his_1="normal" id="12" rel="obj1">
            <node aform="base" begin="6" buiging="zonder" end="7" frame="adjective(no_e(nonadv))" graad="basis" id="13" infl="no_e" lcat="ap" lemma="eigen" pos="adj" positie="prenom" postag="ADJ(prenom,basis,zonder)" pt="adj" rel="mod" root="eigen" sense="eigen" vform="adj" word="eigen"/>
            <node begin="7" buiging="zonder" end="8" frame="v_noun(intransitive)" getal-n="zonder-n" id="14" lcat="np" lemma="zeggen" pos="verb" positie="nom" postag="WW(inf,nom,zonder,zonder-n)" pt="ww" rel="hd" rnum="sg" root="zeggen" sc="intransitive" sense="zeggen" special="v_noun" word="zeggen" wvorm="inf"/>
          </node>
        </node>
        <node begin="12" buiging="zonder" end="13" frame="verb(hebben,psp,ninv(transitive,part_transitive(aan)))" his="normal" his_1="part-V" id="15" infl="psp" lcat="ppart" lemma="aan_vallen" pos="verb" positie="vrij" postag="WW(vd,vrij,zonder)" pt="ww" rel="hd" root="val_aan" sc="part_transitive(aan)" sense="val_aan" word="aangevallen" wvorm="vd"/>
        <node begin="8" cat="np" end="15" id="16" rel="obj1">
          <node aform="base" begin="8" buiging="met-e" end="9" frame="adjective(e)" graad="basis" his="normal" his_1="normal" id="17" infl="e" lcat="ap" lemma="militair" naamval="stan" pos="adj" positie="prenom" postag="ADJ(prenom,basis,met-e,stan)" pt="adj" rel="mod" root="militair" sense="militair" vform="adj" word="militaire"/>
          <node begin="9" end="10" frame="noun(het,count,pl)" gen="het" getal="mv" graad="basis" his="normal" his_1="normal" id="18" lcat="np" lemma="doelwit" ntype="soort" num="pl" pos="noun" postag="N(soort,mv,basis)" pt="n" rel="hd" rnum="pl" root="doelwit" sense="doelwit" word="doelwitten"/>
          <node begin="10" cat="pp" end="15" id="19" rel="mod">
            <node begin="10" end="11" frame="preposition(van,[af,uit,vandaan,[af,aan]])" his="normal" his_1="normal" id="20" lcat="pp" lemma="van" pos="prep" postag="VZ(init)" pt="vz" rel="hd" root="van" sense="van" vztype="init" word="van"/>
            <node begin="11" cat="np" end="15" id="21" rel="obj1">
              <node begin="11" end="12" frame="proper_name(sg,'ORG')" genus="zijd" getal="ev" graad="basis" his="normal" his_1="names_dictionary" id="22" lcat="np" lemma="Hamas" naamval="stan" neclass="ORG" ntype="eigen" num="sg" pos="name" postag="N(eigen,ev,basis,zijd,stan)" pt="n" rel="hd" rnum="sg" root="Hamas" sense="Hamas" word="Hamas"/>
              <node begin="13" cat="pp" end="15" id="23" rel="mod">
                <node begin="13" end="14" frame="preposition(in,[])" his="normal" his_1="normal" id="24" lcat="pp" lemma="in" pos="prep" postag="VZ(init)" pt="vz" rel="hd" root="in" sense="in" vztype="init" word="in"/>
                <node begin="14" end="15" frame="proper_name(sg,'LOC')" genus="onz" getal="ev" graad="basis" his="normal" his_1="names_dictionary" id="25" lcat="np" lemma="Gaza" naamval="stan" neclass="LOC" ntype="eigen" num="sg" pos="name" postag="N(eigen,ev,basis,onz,stan)" pt="n" rel="obj1" rnum="sg" root="Gaza" sense="Gaza" word="Gaza"/>
              </node>
            </node>
          </node>
        </node>
      </node>
    </node>
    <node begin="15" end="16" frame="punct(punt)" his="normal" his_1="normal" id="26" lcat="punct" lemma="." pos="punct" postag="LET()" pt="let" rel="--" root="." sense="." special="punt" word="."/>
  </node>
  <sentence sentid="2">Het Israëlisch leger heeft woensdag naar eigen zeggen militaire doelwitten van Hamas aangevallen in Gaza .</sentence>
  <comments>
    <comment>Q#2|Het Israëlisch leger heeft woensdag naar eigen zeggen militaire doelwitten van Hamas aangevallen in Gaza .|1|1|-8.447005315039995</comment>
  </comments>
</alpino_ds>
