<?xml version="1.0" encoding="UTF-8"?>
<alpino_ds version="1.6">
  <parser cats="1" skips="0" />
  <node begin="0" cat="top" end="18" id="0" rel="top">
    <node begin="0" cat="smain" end="17" id="1" rel="--">
      <node begin="0" cat="np" end="2" id="2" rel="su">
        <node begin="0" end="1" frame="determiner(de)" his="normal" his_1="decap" his_1_1="normal" id="3" infl="de" lcat="detp" lemma="de" lwtype="bep" naamval="stan" npagr="rest" pos="det" postag="LID(bep,stan,rest)" pt="lid" rel="det" root="de" sense="de" word="De"/>
        <node begin="1" end="2" frame="noun(de,count,pl)" gen="de" getal="mv" graad="basis" his="normal" his_1="normal" id="4" lcat="np" lemma="actie" ntype="soort" num="pl" pos="noun" postag="N(soort,mv,basis)" pt="n" rel="hd" rnum="pl" root="actie" sense="actie" word="acties"/>
      </node>
      <node begin="2" end="3" frame="verb(unacc,pl,copula)" his="normal" his_1="normal" id="5" infl="pl" lcat="smain" lemma="zijn" pos="verb" postag="WW(pv,tgw,mv)" pt="ww" pvagr="mv" pvtijd="tgw" rel="hd" root="ben" sc="copula" sense="ben" stype="declarative" tense="present" word="zijn" wvorm="pv"/>
      <node begin="3" cat="np" end="17" id="6" rel="predc">
        <node begin="3" end="4" frame="determiner(een)" his="normal" his_1="normal" id="7" infl="een" lcat="detp" lemma="een" lwtype="onbep" naamval="stan" npagr="agr" pos="det" postag="LID(onbep,stan,agr)" pt="lid" rel="det" root="een" sense="een" word="een"/>
        <node begin="4" end="5" frame="noun(de,count,sg)" gen="de" genus="zijd" getal="ev" graad="basis" his="normal" his_1="normal" id="8" lcat="np" lemma="vergelding" naamval="stan" ntype="soort" num="sg" pos="noun" postag="N(soort,ev,basis,zijd,stan)" pt="n" rel="hd" rnum="sg" root="vergelding" sense="vergelding" word="vergelding"/>
        <node begin="5" cat="pp" end="17" id="9" rel="mod">
          <node begin="5" end="6" frame="preposition(na,[])" his="normal" his_1="normal" id="10" lcat="pp" lemma="na" pos="prep" postag="VZ(init)" pt="vz" rel="hd" root="na" sense="na" vztype="init" word="na"/>
          <node begin="6" cat="np" end="17" id="11" rel="obj1">
            <node begin="6" end="7" frame="determiner(een)" his="normal" his_1="normal" id="12" infl="een" lcat="detp" lemma="een" lwtype="onbep" naamval="stan" npagr="agr" pos="det" postag="LID(onbep,stan,agr)" pt="lid" rel="det" root="een" sense="een" word="een"/>
            <node begin="7" end="8" frame="noun(de,count,sg)" gen="de" genus="zijd" getal="ev" graad="basis" his="compound" his_1="2" id="13" lcat="np" lemma="bom_explosie" naamval="stan" ntype="soort" num="sg" pos="noun" postag="N(soort,ev,basis,zijd,stan)" pt="n" rel="hd" rnum="sg" root="bom_explosie" sense="bom_explosie" word="bomexplosie"/>
            <node begin="8" cat="pp" end="17" id="14" rel="mod">
              <node begin="8" end="9" frame="preposition(nabij,[])" his="normal" his_1="normal" id="15" lcat="pp" lemma="nabij" pos="prep" postag="VZ(init)" pt="vz" rel="hd" root="nabij" sense="nabij" vztype="init" word="nabij"/>
              <node begin="9" cat="np" end="17" id="16" rel="obj1">
                <node begin="9" end="10" frame="determiner(de)" his="normal" his_1="normal" id="17" infl="de" lcat="detp" lemma="de" lwtype="bep" naamval="stan" npagr="rest" pos="det" postag="LID(bep,stan,rest)" pt="lid" rel="det" root="de" sense="de" word="de"/>
                <node begin="10" end="11" frame="noun(de,count,sg)" gen="de" genus="zijd" getal="ev" graad="basis" his="normal" his_1="normal" id="18" lcat="np" lemma="grens" naamval="stan" ntype="soort" num="sg" pos="noun" postag="N(soort,ev,basis,zijd,stan)" pt="n" rel="hd" rnum="sg" root="grens" sense="grens" word="grens"/>
                <node begin="11" cat="pp" end="17" id="19" rel="mod">
                  <node begin="11" end="12" frame="preposition(tussen,[door,in,vandaan])" his="normal" his_1="normal" id="20" lcat="pp" lemma="tussen" pos="prep" postag="VZ(init)" pt="vz" rel="hd" root="tussen" sense="tussen" vztype="init" word="tussen"/>
                  <node begin="12" cat="conj" end="17" id="21" rel="obj1">
                    <node begin="12" cat="np" end="15" id="22" rel="cnj">
                      <node begin="12" end="13" frame="determiner(de)" his="normal" his_1="normal" id="23" infl="de" lcat="detp" lemma="de" lwtype="bep" naamval="stan" npagr="rest" pos="det" postag="LID(bep,stan,rest)" pt="lid" rel="det" root="de" sense="de" word="de"/>
                      <node aform="base" begin="13" buiging="met-e" end="14" frame="adjective(e)" graad="basis" his="normal" his_1="normal" id="24" infl="e" lcat="ap" lemma="Palestijns" naamval="stan" pos="adj" positie="prenom" postag="ADJ(prenom,basis,met-e,stan)" pt="adj" rel="mod" root="Palestijns" sense="Palestijns" vform="adj" word="Palestijnse"/>
                      <node begin="14" end="15" frame="noun(de,count,sg)" gen="de" genus="zijd" getal="ev" graad="basis" his="normal" his_1="normal" id="25" lcat="np" lemma="enclave" naamval="stan" ntype="soort" num="sg" pos="noun" postag="N(soort,ev,basis,zijd,stan)" pt="n" rel="hd" rnum="sg" root="enclave" sense="enclave" word="enclave"/>
                    </node>
                    <node begin="15" conjtype="neven" end="16" frame="conj(en)" his="normal" his_1="normal" id="26" lcat="vg" lemma="en" pos="vg" postag="VG(neven)" pt="vg" rel="crd" root="en" sense="en" word="en"/>
                    <node begin="16" end="17" frame="proper_name(sg,'LOC')" genus="onz" getal="ev" graad="basis" his="normal" his_1="names_dictionary" id="27" lcat="np" lemma="Israël" naamval="stan" neclass="LOC" ntype="eigen" num="sg" pos="name" postag="N(eigen,ev,basis,onz,stan)" pt="n" rel="cnj" rnum="sg" root="Israël" sense="Israël" word="Israël"/>
                  </node>
                </node>
              </node>
            </node>
          </node>
        </node>
      </node>
    </node>
    <node begin="17" end="18" frame="punct(punt)" his="normal" his_1="normal" id="28" lcat="punct" lemma="." pos="punct" postag="LET()" pt="let" rel="--" root="." sense="." special="punt" word="."/>
  </node>
  <sentence sentid="3">De acties zijn een vergelding na een bomexplosie nabij de grens tussen de Palestijnse enclave en Israël .</sentence>
  <comments>
    <comment>Q#3|De acties zijn een vergelding na een bomexplosie nabij de grens tussen de Palestijnse enclave en Israël .|1|1|-3.8377111147100034</comment>
  </comments>
</alpino_ds>
