<?xml version="1.0" encoding="UTF-8"?>
<alpino_ds version="1.6">
  <parser cats="1" skips="0" />
  <node begin="0" cat="top" end="6" id="0" rel="top">
    <node begin="0" cat="smain" end="5" id="1" rel="--">
      <node begin="1" end="2" frame="verb(unacc,pl,passive)" his="normal" his_1="normal" id="2" infl="pl" lcat="smain" lemma="zijn" pos="verb" postag="WW(pv,tgw,mv)" pt="ww" pvagr="mv" pvtijd="tgw" rel="hd" root="ben" sc="passive" sense="ben" stype="declarative" tense="present" word="zijn" wvorm="pv"/>
      <node begin="2" cat="np" end="4" id="3" index="1" rel="su">
        <node begin="2" buiging="zonder" end="3" frame="determiner(geen,nwh,mod,pro,yparg,nwkpro,geen)" his="normal" his_1="normal" id="4" infl="geen" lcat="detp" lemma="geen" naamval="stan" npagr="agr" pdtype="det" pos="det" positie="prenom" postag="VNW(onbep,det,stan,prenom,zonder,agr)" pt="vnw" rel="det" root="geen" sense="geen" vwtype="onbep" wh="nwh" word="geen"/>
        <node aform="base" begin="3" buiging="met-e" end="4" frame="nominalized_adjective" getal-n="mv-n" graad="basis" his="normal" his_1="normal" id="5" lcat="np" lemma="gewond" num="pl" personalized="true" pos="adj" positie="nom" postag="ADJ(nom,basis,met-e,mv-n)" pt="adj" rel="hd" rnum="pl" root="gewond" sense="gewond" special="a_noun" word="gewonden"/>
      </node>
      <node begin="0" cat="ppart" end="5" id="6" rel="vc">
        <node begin="0" end="1" frame="er_vp_adverb" getal="getal" his="normal" his_1="decap" his_1_1="normal" id="7" lcat="advp" lemma="er" naamval="stan" pdtype="adv-pron" persoon="3" pos="adv" postag="VNW(aanw,adv-pron,stan,red,3,getal)" pt="vnw" rel="mod" root="er" sense="er" special="er" status="red" vwtype="aanw" word="Er"/>
        <node begin="2" end="4" id="8" index="1" rel="obj1"/>
        <node begin="4" buiging="zonder" end="5" frame="verb(hebben,psp,transitive)" his="normal" his_1="normal" id="9" infl="psp" lcat="ppart" lemma="melden" pos="verb" positie="vrij" postag="WW(vd,vrij,zonder)" pt="ww" rel="hd" root="meld" sc="transitive" sense="meld" word="gemeld" wvorm="vd"/>
      </node>
    </node>
    <node begin="5" end="6" frame="punct(punt)" his="normal" his_1="normal" id="10" lcat="punct" lemma="." pos="punct" postag="LET()" pt="let" rel="--" root="." sense="." special="punt" word="."/>
  </node>
  <sentence sentid="4">Er zijn geen gewonden gemeld .</sentence>
  <comments>
    <comment>Q#4|Er zijn geen gewonden gemeld .|1|1|-4.741946788230001</comment>
  </comments>
</alpino_ds>
