<?xml version="1.0" encoding="UTF-8"?>
<alpino_ds version="1.6">
  <parser cats="1" skips="0" />
  <node begin="0" cat="top" end="6" id="0" rel="top">
    <node begin="0" cat="smain" end="6" id="1" rel="--">
      <node begin="0" cat="mwu" end="2" his="name" his_1="begin" id="2" mwu_root="VLM Airlines" mwu_sense="VLM Airlines" rel="su">
        <node begin="0" end="1" frame="proper_name(both,'ORG')" id="3" lcat="np" lemma="VLM" neclass="ORG" num="both" pos="name" postag="SPEC(deeleigen)" pt="spec" rel="mwp" rnum="sg" root="VLM" sense="VLM" spectype="deeleigen" word="VLM"/>
        <node begin="1" end="2" frame="proper_name(both,'ORG')" id="4" lcat="np" lemma="Airlines" neclass="ORG" num="both" pos="name" postag="SPEC(deeleigen)" pt="spec" rel="mwp" rnum="sg" root="Airlines" sense="Airlines" spectype="deeleigen" word="Airlines"/>
      </node>
      <node begin="2" end="3" frame="verb(hebben,sg_heeft,part_transitive(beet))" his="normal" his_1="normal" id="5" infl="sg_heeft" lcat="smain" lemma="beet_hebben" pos="verb" postag="WW(pv,tgw,met-t)" pt="ww" pvagr="met-t" pvtijd="tgw" rel="hd" root="heb_beet" sc="part_transitive(beet)" sense="heb_beet" stype="declarative" tense="present" word="heeft" wvorm="pv"/>
      <node begin="3" cat="np" end="5" id="6" rel="obj1">
        <node aform="base" begin="3" buiging="met-e" end="4" frame="adjective(e)" graad="basis" his="normal" his_1="normal" id="7" infl="e" lcat="ap" lemma="Belgisch" naamval="stan" pos="adj" positie="prenom" postag="ADJ(prenom,basis,met-e,stan)" pt="adj" rel="mod" root="Belgisch" sense="Belgisch" vform="adj" word="Belgische"/>
        <node begin="4" end="5" frame="noun(de,count,pl)" gen="de" getal="mv" graad="basis" his="compound" his_1="2" id="8" lcat="np" lemma="vlieg_licentie" ntype="soort" num="pl" pos="noun" postag="N(soort,mv,basis)" pt="n" rel="hd" rnum="pl" root="vlieg_licentie" sense="vlieg_licentie" word="vlieglicenties"/>
      </node>
      <node begin="5" end="6" frame="particle(beet)" genus="zijd" getal="ev" graad="basis" his="normal" his_1="normal" id="9" lcat="part" lemma="beet" naamval="stan" ntype="soort" pos="part" postag="N(soort,ev,basis,zijd,stan)" pt="n" rel="svp" root="beet" sense="beet" word="beet"/>
    </node>
  </node>
  <sentence sentid="1">VLM Airlines heeft Belgische vlieglicenties beet</sentence>
  <comments>
    <comment>Q#1|VLM Airlines heeft Belgische vlieglicenties beet|1|1|-3.6822284011</comment>
  </comments>
</alpino_ds>
