<?xml version="1.0" encoding="UTF-8"?>
<alpino_ds version="1.6">
  <parser cats="2" skips="1" />
  <node begin="0" cat="top" end="31" id="0" rel="top">
    <node begin="0" end="1" frame="punct(aanhaal_both)" his="skip" id="1" lcat="--" lemma="&apos;" pos="punct" postag="LET()" pt="let" rel="--" root="&apos;" sense="&apos;" special="aanhaal_both" word="&apos;"/>
    <node begin="8" end="9" frame="punct(komma)" his="normal" his_1="normal" id="2" lcat="punct" lemma="," pos="punct" postag="LET()" pt="let" rel="--" root="," sense="," special="komma" word=","/>
    <node begin="20" end="21" frame="tmp_noun(de,count,bare_meas)" gen="de" genus="zijd" getal="ev" graad="basis" his="robust_skip" id="3" lcat="--" lemma="maand" naamval="stan" ntype="soort" num="bare_meas" pos="noun" postag="N(soort,ev,basis,zijd,stan)" pt="n" rel="--" root="maand" sense="maand" special="tmp" word="maand"/>
    <node begin="21" end="22" frame="punct(komma)" his="robust_skip" id="4" lcat="--" lemma="," pos="punct" postag="LET()" pt="let" rel="--" root="," sense="," special="komma" word=","/>
    <node begin="1" cat="du" end="29" id="5" rel="--">
      <node begin="1" cat="du" end="20" id="6" rel="dp">
        <node begin="1" cat="smain" end="8" id="7" rel="dp">
          <node begin="1" cat="np" end="7" id="8" rel="su">
            <node begin="1" end="2" frame="determiner(het,nwh,nmod,pro,nparg,wkpro)" his="normal" his_1="decap" his_1_1="normal" id="9" infl="het" lcat="detp" lemma="het" lwtype="bep" naamval="stan" npagr="evon" pos="det" postag="LID(bep,stan,evon)" pt="lid" rel="det" root="het" sense="het" wh="nwh" word="Het"/>
            <node begin="2" buiging="zonder" end="3" frame="v_noun(intransitive)" getal-n="zonder-n" his="normal" his_1="part-V" id="10" lcat="np" lemma="binnen_halen" pos="verb" positie="nom" postag="WW(inf,nom,zonder,zonder-n)" pt="ww" rel="hd" rnum="sg" root="haal_binnen" sc="intransitive" sense="haal_binnen" special="v_noun" word="binnenhalen" wvorm="inf"/>
            <node begin="3" cat="pp" end="7" id="11" rel="mod">
              <node begin="3" end="4" frame="preposition(van,[af,uit,vandaan,[af,aan]])" his="normal" his_1="normal" id="12" lcat="pp" lemma="van" pos="prep" postag="VZ(init)" pt="vz" rel="hd" root="van" sense="van" vztype="init" word="van"/>
              <node begin="4" cat="np" end="7" id="13" rel="obj1">
                <node begin="4" end="5" frame="determiner(de)" his="normal" his_1="normal" id="14" infl="de" lcat="detp" lemma="de" lwtype="bep" naamval="stan" npagr="rest" pos="det" postag="LID(bep,stan,rest)" pt="lid" rel="det" root="de" sense="de" word="de"/>
                <node begin="5" end="6" frame="number(hoofd(pl_num))" his="normal" his_1="normal" id="15" infl="pl_num" lcat="detp" lemma="twee" naamval="stan" numtype="hoofd" pos="num" positie="prenom" postag="TW(hoofd,prenom,stan)" pt="tw" rel="det" root="twee" sense="twee" special="hoofd" word="twee"/>
                <node begin="6" end="7" frame="proper_name(pl,'ORG')" getal="mv" graad="basis" his="normal" his_1="plural" his_1_1="names_dictionary" id="16" lcat="np" lemma="AOC" neclass="ORG" ntype="eigen" num="pl" pos="name" postag="N(eigen,mv,basis)" pt="n" rel="hd" rnum="pl" root="AOC" sense="AOC" word="AOC&apos;s"/>
              </node>
            </node>
          </node>
          <node begin="7" end="8" frame="verb(unacc,sg_heeft,intransitive)" his="normal" his_1="normal" id="17" infl="sg_heeft" lcat="smain" lemma="zijn" pos="verb" postag="WW(pv,tgw,ev)" pt="ww" pvagr="ev" pvtijd="tgw" rel="hd" root="ben" sc="intransitive" sense="ben" stype="declarative" tense="present" word="is" wvorm="pv"/>
        </node>
        <node begin="9" cat="du" end="20" id="18" rel="dp">
          <node begin="9" cat="pp" end="18" id="19" rel="dp">
            <node begin="9" end="10" frame="preposition(na,[])" his="normal" his_1="normal" id="20" lcat="pp" lemma="na" pos="prep" postag="VZ(init)" pt="vz" rel="hd" root="na" sense="na" vztype="init" word="na"/>
            <node begin="10" cat="np" end="18" id="21" rel="obj1">
              <node begin="10" end="11" frame="determiner(de)" his="normal" his_1="normal" id="22" infl="de" lcat="detp" lemma="de" lwtype="bep" naamval="stan" npagr="rest" pos="det" postag="LID(bep,stan,rest)" pt="lid" rel="det" root="de" sense="de" word="de"/>
              <node begin="11" end="12" frame="noun(de,count,sg)" gen="de" genus="zijd" getal="ev" graad="basis" his="normal" his_1="normal" id="23" lcat="np" lemma="comeback" naamval="stan" ntype="soort" num="sg" pos="noun" postag="N(soort,ev,basis,zijd,stan)" pt="n" rel="hd" rnum="sg" root="comeback" sense="comeback" word="comeback"/>
              <node begin="12" cat="pp" end="18" id="24" rel="mod">
                <node begin="12" end="13" frame="preposition(op,[af,na])" his="normal" his_1="normal" id="25" lcat="pp" lemma="op" pos="prep" postag="VZ(init)" pt="vz" rel="hd" root="op" sense="op" vztype="init" word="op"/>
                <node begin="13" cat="np" end="18" id="26" rel="obj1">
                  <node begin="13" end="14" frame="determiner(de)" his="normal" his_1="normal" id="27" infl="de" lcat="detp" lemma="de" lwtype="bep" naamval="stan" npagr="rest" pos="det" postag="LID(bep,stan,rest)" pt="lid" rel="det" root="de" sense="de" word="de"/>
                  <node begin="14" end="15" frame="noun(de,count,sg)" gen="de" genus="zijd" getal="ev" graad="basis" his="normal" his_1="normal" id="28" lcat="np" lemma="route" naamval="stan" ntype="soort" num="sg" pos="noun" postag="N(soort,ev,basis,zijd,stan)" pt="n" rel="hd" rnum="sg" root="route" sense="route" word="route"/>
                  <node begin="15" cat="mwu" end="18" his="compound_double" id="29" mwu_root="Antwerpen_London City Airport" mwu_sense="Antwerpen_London City Airport" rel="app">
                    <node begin="15" end="16" frame="proper_name(sg,'LOC')" id="30" lcat="np" lemma="Antwerpen_London" neclass="LOC" num="sg" pos="name" postag="SPEC(deeleigen)" pt="spec" rel="mwp" rnum="sg" root="Antwerpen_London" sense="Antwerpen_London" spectype="deeleigen" word="Antwerpen-London"/>
                    <node begin="16" end="17" frame="proper_name(sg,'LOC')" id="31" lcat="np" lemma="City" neclass="LOC" num="sg" pos="name" postag="SPEC(deeleigen)" pt="spec" rel="mwp" rnum="sg" root="City" sense="City" spectype="deeleigen" word="City"/>
                    <node begin="17" end="18" frame="proper_name(sg,'LOC')" id="32" lcat="np" lemma="Airport" neclass="LOC" num="sg" pos="name" postag="SPEC(deeleigen)" pt="spec" rel="mwp" rnum="sg" root="Airport" sense="Airport" spectype="deeleigen" word="Airport"/>
                  </node>
                </node>
              </node>
            </node>
          </node>
          <node begin="18" cat="np" end="20" id="33" rel="dp">
            <node begin="18" end="19" frame="tmp_noun(het,count,sg,measure)" gen="het" genus="onz" getal="ev" graad="basis" his="normal" his_1="normal" id="34" lcat="np" lemma="eind" naamval="stan" ntype="soort" num="sg" pos="noun" postag="N(soort,ev,basis,onz,stan)" pt="n" rel="hd" rnum="sg" root="eind" sc="measure" sense="eind" special="tmp" word="eind"/>
            <node aform="base" begin="19" buiging="met-e" end="20" frame="adjective(e)" getal-n="zonder-n" graad="basis" his="normal" his_1="normal" id="35" infl="e" lcat="np" lemma="vorig" naamval="stan" pos="adj" positie="nom" postag="ADJ(nom,basis,met-e,zonder-n,stan)" pt="adj" rel="mod" root="vorig" sense="vorig" vform="adj" word="vorige"/>
          </node>
        </node>
      </node>
      <node begin="22" cat="np" end="29" id="36" rel="dp">
        <node begin="22" end="23" frame="determiner(een)" his="normal" his_1="normal" id="37" infl="een" lcat="detp" lemma="een" lwtype="onbep" naamval="stan" npagr="agr" pos="det" postag="LID(onbep,stan,agr)" pt="lid" rel="det" root="een" sense="een" word="een"/>
        <node begin="23" cat="ap" end="25" id="38" rel="mod">
          <node begin="23" buiging="zonder" end="24" frame="intensifier" graad="basis" his="normal" his_1="normal" id="39" lcat="advp" lemma="heel" pos="adv" positie="vrij" postag="ADJ(vrij,basis,zonder)" pt="adj" rel="mod" root="heel" sense="heel" special="intensifier" word="heel"/>
          <node aform="base" begin="24" buiging="met-e" end="25" frame="adjective(e)" graad="basis" his="normal" his_1="normal" id="40" infl="e" lcat="ap" lemma="belangrijk" naamval="stan" pos="adj" positie="prenom" postag="ADJ(prenom,basis,met-e,stan)" pt="adj" rel="hd" root="belangrijk" sense="belangrijk" vform="adj" word="belangrijke"/>
        </node>
        <node begin="25" end="26" frame="noun(de,count,sg)" gen="de" genus="zijd" getal="ev" graad="basis" his="normal" his_1="normal" id="41" lcat="np" lemma="mijlpaal" naamval="stan" ntype="soort" num="sg" pos="noun" postag="N(soort,ev,basis,zijd,stan)" pt="n" rel="hd" rnum="sg" root="mijlpaal" sense="mijlpaal" word="mijlpaal"/>
        <node begin="26" cat="pp" end="29" id="42" rel="mod">
          <node begin="26" end="27" frame="preposition(voor,[aan,door,uit,[in,de,plaats]])" his="normal" his_1="normal" id="43" lcat="pp" lemma="voor" pos="prep" postag="VZ(init)" pt="vz" rel="hd" root="voor" sense="voor" vztype="init" word="voor"/>
          <node begin="27" cat="mwu" end="29" his="name" his_1="not_begin" id="44" mwu_root="VLM Airlines" mwu_sense="VLM Airlines" rel="obj1">
            <node begin="27" end="28" frame="proper_name(both,'ORG')" id="45" lcat="np" lemma="VLM" neclass="ORG" num="both" pos="name" postag="SPEC(deeleigen)" pt="spec" rel="mwp" rnum="sg" root="VLM" sense="VLM" spectype="deeleigen" word="VLM"/>
            <node begin="28" end="29" frame="proper_name(both,'ORG')" id="46" lcat="np" lemma="Airlines" neclass="ORG" num="both" pos="name" postag="SPEC(deeleigen)" pt="spec" rel="mwp" rnum="sg" root="Airlines" sense="Airlines" spectype="deeleigen" word="Airlines"/>
          </node>
        </node>
      </node>
    </node>
    <node begin="29" end="30" frame="punct(punt)" his="robust_skip" id="47" lcat="--" lemma="." pos="punct" postag="LET()" pt="let" rel="--" root="." sense="." special="punt" word="."/>
    <node begin="30" end="31" frame="punct(aanhaal_both)" his="robust_skip" id="48" lcat="--" lemma="&apos;" pos="punct" postag="LET()" pt="let" rel="--" root="&apos;" sense="&apos;" special="aanhaal_both" word="&apos;"/>
  </node>
  <sentence sentid="2">&apos; Het binnenhalen van de twee AOC&apos;s is , na de comeback op de route Antwerpen-London City Airport eind vorige maand , een heel belangrijke mijlpaal voor VLM Airlines . &apos;</sentence>
  <comments>
    <comment>Q#2|&apos; Het binnenhalen van de twee AOC&apos;s is , na de comeback op de route Antwerpen-London City Airport eind vorige maand , een heel belangrijke mijlpaal voor VLM Airlines . &apos;|1|3|9.88718372393001</comment>
  </comments>
</alpino_ds>
