<?xml version="1.0" encoding="UTF-8"?>
<alpino_ds version="1.6">
  <parser cats="1" skips="0" />
  <node begin="0" cat="top" end="11" id="0" rel="top">
    <node begin="0" end="1" frame="punct(aanhaal_both)" his="normal" his_1="normal" id="1" lcat="punct" lemma="&apos;" pos="punct" postag="LET()" pt="let" rel="--" root="&apos;" sense="&apos;" special="aanhaal_both" word="&apos;"/>
    <node begin="1" cat="smain" end="10" id="2" rel="--">
      <node begin="1" end="2" frame="noun(de,count,pl)" gen="de" getal="mv" graad="basis" his="normal" his_1="decap" his_1_1="normal" id="3" index="1" lcat="np" lemma="separatist" ntype="soort" num="pl" pos="noun" postag="N(soort,mv,basis)" pt="n" rel="su" rnum="pl" root="separatist" sense="separatist" word="Separatisten"/>
      <node begin="2" end="3" frame="verb(hebben,pl,aux(inf))" his="normal" his_1="normal" id="4" infl="pl" lcat="smain" lemma="zullen" pos="verb" postag="WW(pv,tgw,mv)" pt="ww" pvagr="mv" pvtijd="tgw" rel="hd" root="zal" sc="aux(inf)" sense="zal" stype="declarative" tense="present" word="zullen" wvorm="pv"/>
      <node begin="1" cat="inf" end="10" id="5" rel="vc">
        <node begin="1" end="2" id="6" index="1" rel="su"/>
        <node begin="3" end="4" frame="tmp_adverb" his="normal" his_1="normal" id="7" lcat="advp" lemma="nooit" pos="adv" postag="BW()" pt="bw" rel="mod" root="nooit" sense="nooit" special="tmp" word="nooit"/>
        <node begin="4" buiging="zonder" end="5" frame="verb(hebben,inf,intransitive)" his="normal" his_1="normal" id="8" infl="inf" lcat="inf" lemma="praten" pos="verb" positie="vrij" postag="WW(inf,vrij,zonder)" pt="ww" rel="hd" root="praat" sc="intransitive" sense="praat" word="praten" wvorm="inf"/>
        <node begin="5" cat="pp" end="10" id="9" rel="mod">
          <node begin="5" end="6" frame="preposition(in,[])" his="normal" his_1="normal" id="10" lcat="pp" lemma="in" pos="prep" postag="VZ(init)" pt="vz" rel="hd" root="in" sense="in" vztype="init" word="in"/>
          <node begin="6" cat="np" end="10" id="11" rel="obj1">
            <node begin="6" end="7" frame="noun(de,count,sg)" gen="de" genus="zijd" getal="ev" graad="basis" his="normal" his_1="normal" id="12" lcat="np" lemma="naam" naamval="stan" ntype="soort" num="sg" pos="noun" postag="N(soort,ev,basis,zijd,stan)" pt="n" rel="hd" rnum="sg" root="naam" sense="naam" word="naam"/>
            <node begin="7" cat="pp" end="10" id="13" rel="mod">
              <node begin="7" end="8" frame="preposition(van,[af,uit,vandaan,[af,aan]])" his="normal" his_1="normal" id="14" lcat="pp" lemma="van" pos="prep" postag="VZ(init)" pt="vz" rel="hd" root="van" sense="van" vztype="init" word="van"/>
              <node begin="8" cat="np" end="10" id="15" rel="obj1">
                <node begin="8" buiging="zonder" end="9" frame="modal_adverb(adv_noun_prep)" graad="basis" his="normal" his_1="normal" id="16" lcat="advp" lemma="heel" pos="adv" positie="vrij" postag="ADJ(vrij,basis,zonder)" pt="adj" rel="mod" root="heel" sc="adv_noun_prep" sense="heel" word="heel"/>
                <node begin="9" end="10" frame="proper_name(sg,'LOC')" genus="onz" getal="ev" graad="basis" his="normal" his_1="names_dictionary" id="17" lcat="np" lemma="Catalonië" naamval="stan" neclass="LOC" ntype="eigen" num="sg" pos="name" postag="N(eigen,ev,basis,onz,stan)" pt="n" rel="hd" rnum="sg" root="Catalonië" sense="Catalonië" word="Catalonië"/>
              </node>
            </node>
          </node>
        </node>
      </node>
    </node>
    <node begin="10" end="11" frame="punct(aanhaal_both)" his="normal" his_1="normal" id="18" lcat="punct" lemma="&apos;" pos="punct" postag="LET()" pt="let" rel="--" root="&apos;" sense="&apos;" special="aanhaal_both" word="&apos;"/>
  </node>
  <sentence sentid="1">&apos; Separatisten zullen nooit praten in naam van heel Catalonië &apos;</sentence>
  <comments>
    <comment>Q#1|&apos; Separatisten zullen nooit praten in naam van heel Catalonië &apos;|1|1|-0.9095888149000007</comment>
  </comments>
</alpino_ds>
