<?xml version="1.0" encoding="UTF-8"?>
<alpino_ds version="1.6">
  <parser cats="2" skips="0" />
  <node begin="0" cat="top" end="14" id="0" rel="top">
    <node begin="2" end="3" frame="punct(aanhaal_both)" his="robust_skip" id="1" lcat="--" lemma="&apos;" pos="punct" postag="LET()" pt="let" rel="--" root="&apos;" sense="&apos;" special="aanhaal_both" word="&apos;"/>
    <node begin="0" cat="du" end="12" id="2" rel="--">
      <node begin="0" cat="np" end="2" id="3" rel="dp">
        <node begin="0" end="1" frame="determiner(de)" his="normal" his_1="decap" his_1_1="normal" id="4" infl="de" lcat="detp" lemma="de" lwtype="bep" naamval="stan" npagr="rest" pos="det" postag="LID(bep,stan,rest)" pt="lid" rel="det" root="de" sense="de" word="De"/>
        <node begin="1" end="2" frame="noun(de,count,pl)" gen="de" getal="mv" graad="basis" his="normal" his_1="normal" id="5" lcat="np" lemma="separatist" ntype="soort" num="pl" pos="noun" postag="N(soort,mv,basis)" pt="n" rel="hd" rnum="pl" root="separatist" sense="separatist" word="separatisten"/>
      </node>
      <node begin="3" cat="sv1" end="12" id="6" rel="dp">
        <node begin="3" end="4" frame="verb(hebben,pl,aux(inf))" his="normal" his_1="normal" id="7" infl="pl" lcat="sv1" lemma="zullen" pos="verb" postag="WW(pv,tgw,mv)" pt="ww" pvagr="mv" pvtijd="tgw" rel="hd" root="zal" sc="aux(inf)" sense="zal" stype="topic_drop" tense="present" word="zullen" wvorm="pv"/>
        <node begin="4" cat="inf" end="12" id="8" rel="vc">
          <node begin="5" buiging="zonder" end="6" frame="verb('hebben/zijn',inf,aux(inf))" his="normal" his_1="normal" id="9" infl="inf" lcat="inf" lemma="kunnen" pos="verb" positie="vrij" postag="WW(inf,vrij,zonder)" pt="ww" rel="hd" root="kan" sc="aux(inf)" sense="kan" word="kunnen" wvorm="inf"/>
          <node begin="4" cat="inf" end="12" id="10" rel="vc">
            <node begin="4" end="5" frame="tmp_adverb" his="normal" his_1="normal" id="11" lcat="advp" lemma="nooit" pos="adv" postag="BW()" pt="bw" rel="mod" root="nooit" sense="nooit" special="tmp" word="nooit"/>
            <node begin="6" buiging="zonder" end="7" frame="verb(hebben,inf,intransitive)" his="normal" his_1="normal" id="12" infl="inf" lcat="inf" lemma="praten" pos="verb" positie="vrij" postag="WW(inf,vrij,zonder)" pt="ww" rel="hd" root="praat" sc="intransitive" sense="praat" word="praten" wvorm="inf"/>
            <node begin="7" cat="pp" end="12" id="13" rel="mod">
              <node begin="7" end="8" frame="preposition(in,[])" his="normal" his_1="normal" id="14" lcat="pp" lemma="in" pos="prep" postag="VZ(init)" pt="vz" rel="hd" root="in" sense="in" vztype="init" word="in"/>
              <node begin="8" cat="np" end="12" id="15" rel="obj1">
                <node begin="8" end="9" frame="noun(de,count,sg)" gen="de" genus="zijd" getal="ev" graad="basis" his="normal" his_1="normal" id="16" lcat="np" lemma="naam" naamval="stan" ntype="soort" num="sg" pos="noun" postag="N(soort,ev,basis,zijd,stan)" pt="n" rel="hd" rnum="sg" root="naam" sense="naam" word="naam"/>
                <node begin="9" cat="pp" end="12" id="17" rel="mod">
                  <node begin="9" end="10" frame="preposition(van,[af,uit,vandaan,[af,aan]])" his="normal" his_1="normal" id="18" lcat="pp" lemma="van" pos="prep" postag="VZ(init)" pt="vz" rel="hd" root="van" sense="van" vztype="init" word="van"/>
                  <node begin="10" cat="np" end="12" id="19" rel="obj1">
                    <node begin="10" buiging="zonder" end="11" frame="modal_adverb(adv_noun_prep)" graad="basis" his="normal" his_1="normal" id="20" lcat="advp" lemma="heel" pos="adv" positie="vrij" postag="ADJ(vrij,basis,zonder)" pt="adj" rel="mod" root="heel" sc="adv_noun_prep" sense="heel" word="heel"/>
                    <node begin="11" end="12" frame="proper_name(sg,'LOC')" genus="onz" getal="ev" graad="basis" his="normal" his_1="names_dictionary" id="21" lcat="np" lemma="Catalonië" naamval="stan" neclass="LOC" ntype="eigen" num="sg" pos="name" postag="N(eigen,ev,basis,onz,stan)" pt="n" rel="hd" rnum="sg" root="Catalonië" sense="Catalonië" word="Catalonië"/>
                  </node>
                </node>
              </node>
            </node>
          </node>
        </node>
      </node>
    </node>
    <node begin="12" end="13" frame="punct(aanhaal_both)" his="robust_skip" id="22" lcat="--" lemma="&apos;" pos="punct" postag="LET()" pt="let" rel="--" root="&apos;" sense="&apos;" special="aanhaal_both" word="&apos;"/>
    <node begin="13" end="14" frame="punct(punt)" his="robust_skip" id="23" lcat="--" lemma="." pos="punct" postag="LET()" pt="let" rel="--" root="." sense="." special="punt" word="."/>
  </node>
  <sentence sentid="3">De separatisten &apos; zullen nooit kunnen praten in naam van heel Catalonië &apos; .</sentence>
  <comments>
    <comment>Q#3|De separatisten &apos; zullen nooit kunnen praten in naam van heel Catalonië &apos; .|1|2|8.833245752700009</comment>
  </comments>
</alpino_ds>
