{"meta": {"id": "MH-DMF20171130_03216256-Na_berichten_over_slavenhandel_Libische.tsv", "author": "eventdna_anno_2"}, "doc": {"token_string": "Na berichten over slavenhandel : Libische leider aanvaardt plan om migranten weg te halen Vanwege de dramatische mensenrechtensituatie in Libi\u00eb en berichten over slavenhandel hebben de deelnemers van de Europees-Afrikaanse top in Abidjan een overeenkomst bereikt over een evacuatieplan .", "token_ids": [0, 1, 2, 3, 4, 5, 6, 7, 8, 9, 10, 11, 12, 13, 14, 15, 16, 17, 18, 19, 20, 21, 22, 23, 24, 25, 26, 27, 28, 29, 30, 31, 32, 33, 34, 35, 36, 37, 38, 39], "sentences": {"sentence_1": {"token_ids": [0, 1, 2, 3, 4, 5, 6, 7, 8, 9, 10, 11, 12, 13]}, "sentence_2": {"token_ids": [14, 15, 16, 17, 18, 19, 20, 21, 22, 23, 24, 25, 26, 27, 28, 29, 30, 31, 32, 33, 34, 35, 36, 37, 38, 39]}}, "annotations": {"entities": {"entity_1": {"type": "entity", "string": "Libische leider", "features": {"type": "PER", "span": [5, 6], "individuality": "INDIV", "mention_level_type": "NOM", "head": {"type": "entityHead", "string": "leider", "features": {"span": [6]}}}, "home_sentence": "sentence_1"}, "entity_2": {"type": "entity", "string": "Libische", "features": {"type": "LOC", "span": [5], "individuality": "INDIV", "mention_level_type": "NAM", "head": {"type": "entityHead", "string": "Libische", "features": {"span": [5]}}}, "home_sentence": "sentence_1"}, "entity_3": {"type": "entity", "string": "migranten", "features": {"type": "PER", "span": [10], "individuality": "GROUP", "mention_level_type": "NOM", "head": {"type": "entityHead", "string": "migranten", "features": {"span": [10]}}}, "home_sentence": "sentence_1"}, "entity_4": {"type": "entity", "string": "Libi\u00eb", "features": {"type": "LOC", "span": [19], "individuality": "INDIV", "mention_level_type": "NAM", "head": {"type": "entityHead", "string": "Libi\u00eb", "features": {"span": [19]}}}, "home_sentence": "sentence_2"}, "entity_5": {"type": "entity", "string": "de deelnemers van de Europees-Afrikaanse top", "features": {"type": "PER", "span": [25, 26, 27, 28, 29, 30], "individuality": "GROUP", "mention_level_type": "NOM", "head": {"type": "entityHead", "string": "deelnemers", "features": {"span": [26]}}}, "home_sentence": "sentence_2"}, "entity_6": {"type": "entity", "string": "Abidjan", "features": {"type": "LOC", "span": [32], "individuality": "INDIV", "mention_level_type": "NAM", "head": {"type": "entityHead", "string": "Abidjan", "features": {"span": [32]}}}, "home_sentence": "sentence_2"}}, "events": {"event_1": {"annotation_type": "event", "string": "berichten over slavenhandel", "features": {"span": [1, 2, 3], "arguments": [], "type": "Contact", "subtype": "Contact", "modality": "Asserted", "pos_neg": "Positive", "prominence": "Background", "tense": "Unspecified"}, "home_sentence": "sentence_1"}, "event_2": {"annotation_type": "event", "string": "slavenhandel", "features": {"span": [3], "arguments": [], "type": "Transaction", "subtype": "TransferOwnership", "modality": "Asserted", "pos_neg": "Positive", "prominence": "Background", "tense": "Unspecified"}, "home_sentence": "sentence_1"}, "event_3": {"annotation_type": "event", "string": "slavenhandel", "features": {"span": [3], "arguments": [], "type": "Transaction", "subtype": "TransferMoney", "modality": "Asserted", "pos_neg": "Positive", "prominence": "Background", "tense": "Unspecified"}, "home_sentence": "sentence_1"}, "event_4": {"annotation_type": "event", "string": "Libische leider aanvaardt plan om migranten weg te halen", "features": {"span": [5, 6, 7, 8, 9, 10, 11, 12, 13], "arguments": [{"string": "Libische leider", "features": {"span": [5, 6], "argument_entity_type": "PER", "argument_role": "Participant"}}], "type": "Contact", "subtype": "Contact", "modality": "Asserted", "pos_neg": "Positive", "prominence": "Main", "tense": "Present"}, "home_sentence": "sentence_1"}, "event_5": {"annotation_type": "event", "string": "plan om migranten weg te halen", "features": {"span": [8, 9, 10, 11, 12, 13], "arguments": [], "type": "Unknown", "subtype": "Unknown", "modality": "Asserted", "pos_neg": "Positive", "prominence": "Background", "tense": "Unspecified"}, "home_sentence": "sentence_1"}, "event_6": {"annotation_type": "event", "string": "berichten over slavenhandel", "features": {"span": [21, 22, 23], "arguments": [], "type": "Contact", "subtype": "Contact", "modality": "Asserted", "pos_neg": "Positive", "prominence": "Background", "tense": "Unspecified"}, "home_sentence": "sentence_2"}, "event_7": {"annotation_type": "event", "string": "slavenhandel", "features": {"span": [23], "arguments": [], "type": "Transaction", "subtype": "TransferOwnership", "modality": "Asserted", "pos_neg": "Positive", "prominence": "Background", "tense": "Unspecified"}, "home_sentence": "sentence_2"}, "event_8": {"annotation_type": "event", "string": "slavenhandel", "features": {"span": [23], "arguments": [], "type": "Transaction", "subtype": "TransferMoney", "modality": "Asserted", "pos_neg": "Positive", "prominence": "Background", "tense": "Unspecified"}, "home_sentence": "sentence_2"}, "event_9": {"annotation_type": "event", "string": "de Europees-Afrikaanse top in Abidjan", "features": {"span": [28, 29, 30, 31, 32], "arguments": [{"string": "Abidjan", "features": {"span": [32], "argument_entity_type": "LOC", "argument_role": "Place"}}], "type": "Contact", "subtype": "Meet", "modality": "Asserted", "pos_neg": "Positive", "prominence": "Background", "tense": "Unspecified"}, "home_sentence": "sentence_2"}, "event_10": {"annotation_type": "event", "string": "een overeenkomst bereikt over een evacuatieplan", "features": {"span": [33, 34, 35, 36, 37, 38], "arguments": [{"string": "de deelnemers van de Europees-Afrikaanse top", "features": {"span": [25, 26, 27, 28, 29, 30], "argument_entity_type": "PER", "argument_role": "Participant"}}], "type": "Contact", "subtype": "Contact", "modality": "Asserted", "pos_neg": "Positive", "prominence": "Main", "tense": "Past"}, "home_sentence": "sentence_2"}, "event_11": {"annotation_type": "event", "string": "een evacuatieplan", "features": {"span": [37, 38], "arguments": [], "type": "Unknown", "subtype": "Unknown", "modality": "Asserted", "pos_neg": "Positive", "prominence": "Background", "tense": "Unspecified"}, "home_sentence": "sentence_2"}}, "coreference": {"entities": {"coref_bucket_1": ["entity_2", "entity_4"]}, "events": {"coref_bucket_2": ["event_8", "event_3"], "coref_bucket_3": ["event_6", "event_1"], "coref_bucket_4": ["event_7", "event_2"], "coref_bucket_5": ["event_10", "event_4"], "coref_bucket_6": ["event_5", "event_11"]}}, "iptc_codes": {"certain": [[["medtop:20000640", "summit meetings"], ["medtop:20000639", "diplomacy"], ["medtop:20000638", "international relations"], ["medtop:11000000", "politics"]], [["medtop:20000645", "refugees and internally displaced people"], ["medtop:20000638", "international relations"], ["medtop:11000000", "politics"]], [["medtop:20000592", "human rights"], ["medtop:20000587", "fundamental rights"], ["medtop:11000000", "politics"]]], "uncertain": []}}}}