{"meta": {"id": "MH-DMF20171130_03216256-Na_berichten_over_slavenhandel_Libische.tsv", "author": "eventdna_anno_3"}, "doc": {"token_string": "Na berichten over slavenhandel : Libische leider aanvaardt plan om migranten weg te halen Vanwege de dramatische mensenrechtensituatie in Libi\u00eb en berichten over slavenhandel hebben de deelnemers van de Europees-Afrikaanse top in Abidjan een overeenkomst bereikt over een evacuatieplan .", "token_ids": [0, 1, 2, 3, 4, 5, 6, 7, 8, 9, 10, 11, 12, 13, 14, 15, 16, 17, 18, 19, 20, 21, 22, 23, 24, 25, 26, 27, 28, 29, 30, 31, 32, 33, 34, 35, 36, 37, 38, 39], "sentences": {"sentence_1": {"token_ids": [0, 1, 2, 3, 4, 5, 6, 7, 8, 9, 10, 11, 12, 13]}, "sentence_2": {"token_ids": [14, 15, 16, 17, 18, 19, 20, 21, 22, 23, 24, 25, 26, 27, 28, 29, 30, 31, 32, 33, 34, 35, 36, 37, 38, 39]}}, "annotations": {"entities": {"entity_1": {"type": "entity", "string": "Libische leider", "features": {"type": "PER", "span": [5, 6], "individuality": "INDIV", "mention_level_type": "NOM", "head": {"type": "entityHead", "string": "leider", "features": {"span": [6]}}}, "home_sentence": "sentence_1"}, "entity_2": {"type": "entity", "string": "Libische", "features": {"type": "LOC", "span": [5], "individuality": "INDIV", "mention_level_type": "NAM", "head": {"type": "entityHead", "string": "Libische", "features": {"span": [5]}}}, "home_sentence": "sentence_1"}, "entity_3": {"type": "entity", "string": "migranten", "features": {"type": "PER", "span": [10], "individuality": "GROUP", "mention_level_type": "NOM", "head": {"type": "entityHead", "string": "migranten", "features": {"span": [10]}}}, "home_sentence": "sentence_1"}, "entity_4": {"type": "entity", "string": "Libi\u00eb", "features": {"type": "LOC", "span": [19], "individuality": "INDIV", "mention_level_type": "NAM", "head": {"type": "entityHead", "string": "Libi\u00eb", "features": {"span": [19]}}}, "home_sentence": "sentence_2"}, "entity_5": {"type": "entity", "string": "de deelnemers van de Europees-Afrikaanse top in Abidjan", "features": {"type": "PER", "span": [25, 26, 27, 28, 29, 30, 31, 32], "individuality": "GROUP", "mention_level_type": "NOM", "head": {"type": "entityHead", "string": "deelnemers", "features": {"span": [26]}}}, "home_sentence": "sentence_2"}, "entity_6": {"type": "entity", "string": "Abidjan", "features": {"type": "LOC", "span": [32], "individuality": "INDIV", "mention_level_type": "NAM", "head": {"type": "entityHead", "string": "Abidjan", "features": {"span": [32]}}}, "home_sentence": "sentence_2"}}, "events": {"event_1": {"annotation_type": "event", "string": "berichten over slavenhandel", "features": {"span": [1, 2, 3], "arguments": [{"string": "slavenhandel", "features": {"span": [3], "argument_entity_type": "content", "argument_role": "Content"}}], "type": "Journalism", "subtype": "Publication", "modality": "Asserted", "pos_neg": "Positive", "prominence": "Background", "tense": "Unspecified"}, "home_sentence": "sentence_1"}, "event_2": {"annotation_type": "event", "string": "berichten over slavenhandel", "features": {"span": [21, 22, 23], "arguments": [{"string": "slavenhandel", "features": {"span": [23], "argument_entity_type": "content", "argument_role": "Content"}}], "type": "Journalism", "subtype": "Publication", "modality": "Asserted", "pos_neg": "Positive", "prominence": "Background", "tense": "Unspecified"}, "home_sentence": "sentence_2"}, "event_3": {"annotation_type": "event", "string": "hebben de deelnemers van de Europees-Afrikaanse top in Abidjan een overeenkomst bereikt over een evacuatieplan", "features": {"span": [24, 25, 26, 27, 28, 29, 30, 31, 32, 33, 34, 35, 36, 37, 38], "arguments": [{"string": "de deelnemers van de Europees-Afrikaanse top in Abidjan", "features": {"span": [25, 26, 27, 28, 29, 30, 31, 32], "argument_entity_type": "PER", "argument_role": "Participant"}}, {"string": "Abidjan", "features": {"span": [32], "argument_entity_type": "LOC", "argument_role": "Place"}}], "type": "Unknown", "subtype": "Unknown", "modality": "Asserted", "pos_neg": "Positive", "prominence": "Main", "tense": "Present"}, "home_sentence": "sentence_2"}, "event_4": {"annotation_type": "event", "string": "de Europees-Afrikaanse top in Abidjan", "features": {"span": [28, 29, 30, 31, 32], "arguments": [{"string": "Abidjan", "features": {"span": [32], "argument_entity_type": "LOC", "argument_role": "Place"}}], "type": "Contact", "subtype": "Meet", "modality": "Asserted", "pos_neg": "Positive", "prominence": "Background", "tense": "Unspecified"}, "home_sentence": "sentence_2"}}, "coreference": {"entities": {"coref_bucket_1": ["entity_4", "entity_2"]}, "events": {"coref_bucket_2": ["event_2", "event_1"]}}, "iptc_codes": {"certain": [[["medtop:20000645", "refugees and internally displaced people"], ["medtop:20000638", "international relations"], ["medtop:11000000", "politics"]], [["medtop:20000640", "summit meetings"], ["medtop:20000639", "diplomacy"], ["medtop:20000638", "international relations"], ["medtop:11000000", "politics"]], [["medtop:20000807", "slavery"], ["medtop:20000802", "social problem"], ["medtop:14000000", "society"]], [["medtop:20000771", "immigration"], ["medtop:20000770", "demographics"], ["medtop:14000000", "society"]]], "uncertain": []}}}}