<?xml version="1.0" encoding="UTF-8"?>
<alpino_ds version="1.6">
  <parser cats="1" skips="0" />
  <node begin="0" cat="top" end="8" id="0" rel="top">
    <node begin="0" cat="smain" end="8" id="1" rel="--">
      <node begin="0" end="1" frame="proper_name(both,'LOC')" genus="onz" getal="ev" graad="basis" his="name" his_1="begin" id="2" lcat="np" lemma="Bobbejaanland" naamval="stan" neclass="LOC" ntype="eigen" num="both" pos="name" postag="N(eigen,ev,basis,onz,stan)" pt="n" rel="su" rnum="sg" root="Bobbejaanland" sense="Bobbejaanland" word="Bobbejaanland"/>
      <node begin="1" end="2" frame="verb(hebben,sg,part_transitive(af))" his="normal" his_1="normal" id="3" infl="sg" lcat="smain" lemma="af_gelasten" pos="verb" postag="WW(pv,tgw,ev)" pt="ww" pvagr="ev" pvtijd="tgw" rel="hd" root="gelast_af" sc="part_transitive(af)" sense="gelast_af" stype="declarative" tense="present" word="gelast" wvorm="pv"/>
      <node begin="2" end="3" frame="noun(het,mass,sg)" gen="het" genus="onz" getal="ev" graad="basis" his="normal" his_1="normal" id="4" lcat="np" lemma="vuurwerk" naamval="stan" ntype="soort" num="sg" pos="noun" postag="N(soort,ev,basis,onz,stan)" pt="n" rel="obj1" rnum="sg" root="vuurwerk" sense="vuurwerk" word="vuurwerk"/>
      <node begin="3" end="4" frame="particle(af)" his="normal" his_1="normal" id="5" lcat="part" lemma="af" pos="part" postag="VZ(fin)" pt="vz" rel="svp" root="af" sense="af" vztype="fin" word="af"/>
      <node begin="4" cat="pp" end="8" id="6" rel="mod">
        <node begin="4" end="5" frame="preposition(na,[])" his="normal" his_1="normal" id="7" lcat="pp" lemma="na" pos="prep" postag="VZ(init)" pt="vz" rel="hd" root="na" sense="na" vztype="init" word="na"/>
        <node begin="5" cat="np" end="8" id="8" rel="obj1">
          <node begin="5" end="6" frame="noun(het,count,sg)" gen="het" genus="onz" getal="ev" graad="basis" his="normal" his_1="normal" id="9" lcat="np" lemma="ongeluk" naamval="stan" ntype="soort" num="sg" pos="noun" postag="N(soort,ev,basis,onz,stan)" pt="n" rel="hd" rnum="sg" root="ongeluk" sense="ongeluk" word="ongeluk"/>
          <node begin="6" cat="pp" end="8" id="10" rel="mod">
            <node begin="6" end="7" frame="preposition(bij,[vandaan])" his="normal" his_1="normal" id="11" lcat="pp" lemma="bij" pos="prep" postag="VZ(init)" pt="vz" rel="hd" root="bij" sense="bij" vztype="init" word="bij"/>
            <node begin="7" end="8" frame="noun(de,count,sg)" gen="de" genus="zijd" getal="ev" graad="basis" his="normal" his_1="normal" id="12" lcat="np" lemma="attractie" naamval="stan" ntype="soort" num="sg" pos="noun" postag="N(soort,ev,basis,zijd,stan)" pt="n" rel="obj1" rnum="sg" root="attractie" sense="attractie" word="attractie"/>
          </node>
        </node>
      </node>
    </node>
  </node>
  <sentence sentid="1">Bobbejaanland gelast vuurwerk af na ongeluk bij attractie</sentence>
  <comments>
    <comment>Q#1|Bobbejaanland gelast vuurwerk af na ongeluk bij attractie|1|1|-0.36788017027999953</comment>
  </comments>
</alpino_ds>
