<?xml version="1.0" encoding="UTF-8"?>
<alpino_ds version="1.6">
  <parser cats="1" skips="0" />
  <node begin="0" cat="top" end="24" id="0" rel="top">
    <node begin="13" end="14" frame="punct(komma)" his="normal" his_1="normal" id="1" lcat="punct" lemma="," pos="punct" postag="LET()" pt="let" rel="--" root="," sense="," special="komma" word=","/>
    <node begin="17" end="18" frame="punct(aanhaal_both)" his="normal" his_1="normal" id="2" lcat="punct" lemma="&apos;" pos="punct" postag="LET()" pt="let" rel="--" root="&apos;" sense="&apos;" special="aanhaal_both" word="&apos;"/>
    <node begin="20" end="21" frame="punct(aanhaal_both)" his="normal" his_1="normal" id="3" lcat="punct" lemma="&apos;" pos="punct" postag="LET()" pt="let" rel="--" root="&apos;" sense="&apos;" special="aanhaal_both" word="&apos;"/>
    <node begin="0" cat="smain" end="23" id="4" rel="--">
      <node begin="2" end="3" frame="verb(unacc,sg_heeft,aux_psp_zijn)" his="normal" his_1="normal" id="5" infl="sg_heeft" lcat="smain" lemma="zijn" pos="verb" postag="WW(pv,tgw,ev)" pt="ww" pvagr="ev" pvtijd="tgw" rel="hd" root="ben" sc="aux_psp_zijn" sense="ben" stype="declarative" tense="present" word="is" wvorm="pv"/>
      <node begin="4" cat="np" end="7" id="6" index="1" rel="su">
        <node begin="4" end="5" frame="determiner(een)" his="normal" his_1="normal" id="7" infl="een" lcat="detp" lemma="een" lwtype="onbep" naamval="stan" npagr="agr" pos="det" postag="LID(onbep,stan,agr)" pt="lid" rel="det" root="een" sense="een" word="een"/>
        <node aform="base" begin="5" buiging="met-e" end="6" frame="adjective(e)" graad="basis" his="normal" his_1="normal" id="8" infl="e" lcat="ap" lemma="Antwerps" naamval="stan" pos="adj" positie="prenom" postag="ADJ(prenom,basis,met-e,stan)" pt="adj" rel="mod" root="Antwerps" sense="Antwerps" vform="adj" word="Antwerpse"/>
        <node begin="6" end="7" frame="noun(de,count,sg)" gen="de" genus="zijd" getal="ev" graad="basis" his="normal" his_1="normal" id="9" lcat="np" lemma="zestigplusser" naamval="stan" ntype="soort" num="sg" pos="noun" postag="N(soort,ev,basis,zijd,stan)" pt="n" rel="hd" rnum="sg" root="zestigplusser" sense="zestigplusser" word="zestigplusser"/>
      </node>
      <node begin="0" cat="ppart" end="23" id="10" rel="vc">
        <node begin="0" cat="pp" end="2" id="11" rel="mod">
          <node begin="0" end="1" frame="preposition(in,[])" his="normal" his_1="decap" his_1_1="normal" id="12" lcat="pp" lemma="in" pos="prep" postag="VZ(init)" pt="vz" rel="hd" root="in" sense="in" vztype="init" word="In"/>
          <node begin="1" end="2" frame="proper_name(both,'LOC')" genus="onz" getal="ev" graad="basis" his="name" his_1="not_begin" id="13" lcat="np" lemma="Bobbejaanland" naamval="stan" neclass="LOC" ntype="eigen" num="both" pos="name" postag="N(eigen,ev,basis,onz,stan)" pt="n" rel="obj1" rnum="sg" root="Bobbejaanland" sense="Bobbejaanland" word="Bobbejaanland"/>
        </node>
        <node begin="3" end="4" frame="tmp_noun(de,count,sg)" gen="de" genus="zijd" getal="ev" graad="basis" his="normal" his_1="normal" id="14" lcat="np" lemma="zaterdag_middag" naamval="stan" ntype="soort" num="sg" pos="noun" postag="N(soort,ev,basis,zijd,stan)" pt="n" rel="mod" rnum="sg" root="zaterdag_middag" sense="zaterdag_middag" special="tmp" word="zaterdagmiddag"/>
        <node begin="4" end="7" id="15" index="1" rel="su"/>
        <node begin="7" cat="np" end="10" id="16" rel="mod">
          <node begin="7" cat="np" end="9" his="normal" his_1="numbertal" id="17" rel="det">
            <node begin="7" end="8" frame="determiner(een)" id="18" infl="een" lcat="detp" lemma="een" lwtype="onbep" naamval="stan" npagr="agr" pos="det" postag="LID(onbep,stan,agr)" pt="lid" rel="det" root="een" sense="een" word="een"/>
            <node begin="8" end="9" frame="noun(both,both,sg)" gen="both" genus="zijd" getal="ev" graad="basis" id="19" lcat="np" lemma="drietal" naamval="stan" ntype="soort" num="sg" pos="noun" postag="N(soort,ev,basis,zijd,stan)" pt="n" rel="hd" root="drietal" sense="drietal" word="drietal"/>
          </node>
          <node begin="9" end="10" frame="meas_mod_noun(de,count,meas)" gen="de" genus="zijd" getal="ev" graad="basis" his="normal" his_1="normal" id="20" lcat="np" lemma="meter" naamval="stan" ntype="soort" num="meas" pos="noun" postag="N(soort,ev,basis,zijd,stan)" pt="n" rel="hd" rnum="pl" root="meter" sense="meter" special="meas_mod" word="meter"/>
        </node>
        <node begin="10" cat="pp" end="12" id="21" rel="ld">
          <node begin="10" end="11" frame="preposition(naar,[toe],loc_adv)" his="normal" his_1="normal" id="22" lcat="pp" lemma="naar" pos="prep" postag="VZ(init)" pt="vz" rel="hd" root="naar" sc="loc_adv" sense="naar" vztype="init" word="naar"/>
          <node begin="11" end="12" frame="loc_adverb" his="normal" his_1="normal" id="23" lcat="advp" lemma="beneden" pos="adv" postag="VZ(fin)" pt="vz" rel="obj1" root="beneden" sense="beneden" special="loc" vztype="fin" word="beneden"/>
        </node>
        <node begin="12" buiging="zonder" end="13" frame="verb(unacc,psp,ld_pp)" his="normal" his_1="normal" id="24" infl="psp" lcat="ppart" lemma="vallen" pos="verb" positie="vrij" postag="WW(vd,vrij,zonder)" pt="ww" rel="hd" root="val" sc="ld_pp" sense="val" word="gevallen" wvorm="vd"/>
        <node begin="14" cat="cp" end="23" id="25" rel="mod">
          <node begin="14" conjtype="onder" end="15" frame="complementizer" his="normal" his_1="normal" id="26" lcat="cp" lemma="nadat" pos="comp" postag="VG(onder)" pt="vg" rel="cmp" root="nadat" sense="nadat" word="nadat"/>
          <node begin="15" cat="ssub" end="23" id="27" rel="body">
            <node begin="15" case="nom" def="def" end="16" frame="pronoun(nwh,thi,sg,de,nom,def)" gen="de" genus="masc" getal="ev" his="normal" his_1="normal" id="28" index="2" lcat="np" lemma="hij" naamval="nomin" num="sg" pdtype="pron" per="thi" persoon="3" pos="pron" postag="VNW(pers,pron,nomin,vol,3,ev,masc)" pt="vnw" rel="su" rnum="sg" root="hij" sense="hij" status="vol" vwtype="pers" wh="nwh" word="hij"/>
            <node begin="21" end="22" frame="verb(hebben,past(sg),modifier(aux(inf)))" his="normal" his_1="normal" id="29" infl="sg" lcat="ssub" lemma="willen" pos="verb" postag="WW(pv,verl,ev)" pt="ww" pvagr="ev" pvtijd="verl" rel="hd" root="wil" sc="modifier(aux(inf))" sense="wil" tense="past" word="wou" wvorm="pv"/>
            <node begin="15" cat="inf" end="23" id="30" rel="vc">
              <node begin="15" end="16" id="31" index="2" rel="su"/>
              <node begin="16" cat="np" end="20" id="32" rel="ld">
                <node begin="16" end="17" frame="determiner(de)" his="normal" his_1="normal" id="33" infl="de" lcat="detp" lemma="de" lwtype="bep" naamval="stan" npagr="rest" pos="det" postag="LID(bep,stan,rest)" pt="lid" rel="det" root="de" sense="de" word="de"/>
                <node begin="18" cat="mwu" end="20" his="name" his_1="begin" id="34" mwu_root="Aztek Express" mwu_sense="Aztek Express" rel="hd">
                  <node begin="18" end="19" frame="proper_name(both)" id="35" lcat="np" lemma="Aztek" neclass="MISC" num="both" pos="name" postag="SPEC(deeleigen)" pt="spec" rel="mwp" rnum="sg" root="Aztek" sense="Aztek" spectype="deeleigen" word="Aztek"/>
                  <node begin="19" end="20" frame="proper_name(both)" id="36" lcat="np" lemma="Express" neclass="MISC" num="both" pos="name" postag="SPEC(deeleigen)" pt="spec" rel="mwp" rnum="sg" root="Express" sense="Express" spectype="deeleigen" word="Express"/>
                </node>
              </node>
              <node begin="22" buiging="zonder" end="23" frame="verb(zijn,inf,ninv(ld_transitive,part_ld_transitive(in)))" his="normal" his_1="part-V" id="37" infl="inf" lcat="inf" lemma="in_stappen" pos="verb" positie="vrij" postag="WW(inf,vrij,zonder)" pt="ww" rel="hd" root="stap_in" sc="part_ld_transitive(in)" sense="stap_in" word="instappen" wvorm="inf"/>
            </node>
          </node>
        </node>
      </node>
    </node>
    <node begin="23" end="24" frame="punct(punt)" his="normal" his_1="normal" id="38" lcat="punct" lemma="." pos="punct" postag="LET()" pt="let" rel="--" root="." sense="." special="punt" word="."/>
  </node>
  <sentence sentid="2">In Bobbejaanland is zaterdagmiddag een Antwerpse zestigplusser een drietal meter naar beneden gevallen , nadat hij de &apos; Aztek Express &apos; wou instappen .</sentence>
  <comments>
    <comment>Q#2|In Bobbejaanland is zaterdagmiddag een Antwerpse zestigplusser een drietal meter naar beneden gevallen , nadat hij de &apos; Aztek Express &apos; wou instappen .|1|1|-5.595627837680002</comment>
  </comments>
</alpino_ds>
