<?xml version="1.0" encoding="UTF-8"?>
<alpino_ds version="1.6">
  <parser cats="1" skips="0" />
  <node begin="0" cat="top" end="10" id="0" rel="top">
    <node begin="0" cat="smain" end="9" id="1" rel="--">
      <node begin="0" cat="np" end="2" id="2" rel="su">
        <node begin="0" end="1" frame="determiner(het,nwh,nmod,pro,nparg,wkpro)" his="normal" his_1="decap" his_1_1="normal" id="3" infl="het" lcat="detp" lemma="het" lwtype="bep" naamval="stan" npagr="evon" pos="det" postag="LID(bep,stan,evon)" pt="lid" rel="det" root="het" sense="het" wh="nwh" word="Het"/>
        <node begin="1" end="2" frame="noun(het,count,sg)" gen="het" genus="onz" getal="ev" graad="basis" his="normal" his_1="normal" id="4" lcat="np" lemma="pret_park" naamval="stan" ntype="soort" num="sg" pos="noun" postag="N(soort,ev,basis,onz,stan)" pt="n" rel="hd" rnum="sg" root="pret_park" sense="pret_park" word="pretpark"/>
      </node>
      <node begin="2" end="3" frame="verb(hebben,sg,part_transitive(af))" his="normal" his_1="normal" id="5" infl="sg" lcat="smain" lemma="af_gelasten" pos="verb" postag="WW(pv,tgw,ev)" pt="ww" pvagr="ev" pvtijd="tgw" rel="hd" root="gelast_af" sc="part_transitive(af)" sense="gelast_af" stype="declarative" tense="present" word="gelast" wvorm="pv"/>
      <node begin="3" cat="pp" end="5" id="6" rel="mod">
        <node begin="3" end="4" frame="preposition(uit,[vandaan])" his="normal" his_1="normal" id="7" lcat="pp" lemma="uit" pos="prep" postag="VZ(init)" pt="vz" rel="hd" root="uit" sense="uit" vztype="init" word="uit"/>
        <node begin="4" end="5" frame="noun(het,mass,sg)" gen="het" genus="onz" getal="ev" graad="basis" his="normal" his_1="normal" id="8" lcat="np" lemma="respect" naamval="stan" ntype="soort" num="sg" pos="noun" postag="N(soort,ev,basis,onz,stan)" pt="n" rel="obj1" rnum="sg" root="respect" sense="respect" word="respect"/>
      </node>
      <node begin="5" cat="np" end="8" id="9" rel="obj1">
        <node begin="5" end="6" frame="determiner(het,nwh,nmod,pro,nparg,wkpro)" his="normal" his_1="normal" id="10" infl="het" lcat="detp" lemma="het" lwtype="bep" naamval="stan" npagr="evon" pos="det" postag="LID(bep,stan,evon)" pt="lid" rel="det" root="het" sense="het" wh="nwh" word="het"/>
        <node aform="base" begin="6" buiging="met-e" end="7" frame="adjective(ge_e)" his="normal" his_1="normal" id="11" infl="e" lcat="ppart" lemma="gepland" pos="adj" positie="prenom" postag="WW(vd,prenom,met-e)" pt="ww" rel="mod" root="gepland" sense="gepland" vform="psp" word="geplande" wvorm="vd"/>
        <node begin="7" end="8" frame="noun(het,mass,sg)" gen="het" genus="onz" getal="ev" graad="basis" his="normal" his_1="normal" id="12" lcat="np" lemma="vuurwerk" naamval="stan" ntype="soort" num="sg" pos="noun" postag="N(soort,ev,basis,onz,stan)" pt="n" rel="hd" rnum="sg" root="vuurwerk" sense="vuurwerk" word="vuurwerk"/>
      </node>
      <node begin="8" end="9" frame="particle(af)" his="normal" his_1="normal" id="13" lcat="part" lemma="af" pos="part" postag="VZ(fin)" pt="vz" rel="svp" root="af" sense="af" vztype="fin" word="af"/>
    </node>
    <node begin="9" end="10" frame="punct(punt)" his="normal" his_1="normal" id="14" lcat="punct" lemma="." pos="punct" postag="LET()" pt="let" rel="--" root="." sense="." special="punt" word="."/>
  </node>
  <sentence sentid="3">Het pretpark gelast uit respect het geplande vuurwerk af .</sentence>
  <comments>
    <comment>Q#3|Het pretpark gelast uit respect het geplande vuurwerk af .|1|1|-2.5019799794200024</comment>
  </comments>
</alpino_ds>
