<?xml version="1.0" encoding="UTF-8"?>
<alpino_ds version="1.6">
  <parser cats="1" skips="0" />
  <node begin="0" cat="top" end="11" id="0" rel="top">
    <node begin="0" cat="smain" end="11" id="1" rel="--">
      <node begin="0" cat="conj" end="3" id="2" rel="su">
        <node begin="0" end="1" frame="proper_name(sg,'LOC')" genus="onz" getal="ev" graad="basis" his="normal" his_1="names_dictionary" id="3" lcat="np" lemma="België" naamval="stan" neclass="LOC" ntype="eigen" num="sg" pos="name" postag="N(eigen,ev,basis,onz,stan)" pt="n" rel="cnj" rnum="sg" root="België" sense="België" word="België"/>
        <node begin="1" conjtype="neven" end="2" frame="conj(en)" his="normal" his_1="normal" id="4" lcat="vg" lemma="en" pos="vg" postag="VG(neven)" pt="vg" rel="crd" root="en" sense="en" word="en"/>
        <node begin="2" end="3" frame="proper_name(sg,'LOC')" genus="onz" getal="ev" graad="basis" his="normal" his_1="names_dictionary" id="5" lcat="np" lemma="Groot-Brittannië" naamval="stan" neclass="LOC" ntype="eigen" num="sg" pos="name" postag="N(eigen,ev,basis,onz,stan)" pt="n" rel="cnj" rnum="sg" root="Groot-Brittannië" sense="Groot-Brittannië" word="Groot-Brittannië"/>
      </node>
      <node begin="3" end="4" frame="verb(hebben,pl,fixed([[in,elkaar],acc(hand)],norm_passive))" his="normal" his_1="normal" id="6" infl="pl" lcat="smain" lemma="slaan" pos="verb" postag="WW(pv,tgw,mv)" pt="ww" pvagr="mv" pvtijd="tgw" rel="hd" root="sla" sc="fixed([[in,elkaar],acc(hand)],norm_passive)" sense="hand-in-elkaar-sla" stype="declarative" tense="present" word="slaan" wvorm="pv"/>
      <node begin="4" end="5" frame="noun(de,count,pl)" gen="de" getal="mv" graad="basis" his="normal" his_1="normal" id="7" lcat="np" lemma="hand" ntype="soort" num="pl" pos="noun" postag="N(soort,mv,basis)" pt="n" rel="obj1" rnum="pl" root="hand" sense="hand" word="handen"/>
      <node begin="5" cat="mwu" end="7" his="normal" his_1="normal" id="8" mwu_root="in elkaar" mwu_sense="in elkaar" rel="svp">
        <node begin="5" end="6" frame="fixed_part([in,elkaar])" id="9" lcat="fixed" lemma="in" pos="fixed" postag="VZ(init)" pt="vz" rel="mwp" root="in" sense="in" vztype="init" word="in"/>
        <node begin="6" end="7" frame="fixed_part([in,elkaar])" getal="mv" id="10" lcat="fixed" lemma="elkaar" naamval="obl" pdtype="pron" persoon="persoon" pos="fixed" postag="VNW(recip,pron,obl,vol,persoon,mv)" pt="vnw" rel="mwp" root="elkaar" sense="elkaar" status="vol" vwtype="recip" word="elkaar"/>
      </node>
      <node begin="7" cat="pp" end="11" id="11" rel="mod">
        <node begin="7" end="8" frame="preposition(in,[])" his="normal" his_1="normal" id="12" lcat="pp" lemma="in" pos="prep" postag="VZ(init)" pt="vz" rel="hd" root="in" sense="in" vztype="init" word="in"/>
        <node begin="8" cat="np" end="11" id="13" rel="obj1">
          <node begin="8" end="9" frame="noun(de,count,sg)" gen="de" genus="zijd" getal="ev" graad="basis" his="normal" his_1="normal" id="14" lcat="np" lemma="strijd" naamval="stan" ntype="soort" num="sg" pos="noun" postag="N(soort,ev,basis,zijd,stan)" pt="n" rel="hd" rnum="sg" root="strijd" sense="strijd" word="strijd"/>
          <node begin="9" cat="pp" end="11" id="15" rel="mod">
            <node begin="9" end="10" frame="preposition(tegen,[aan,in,op])" his="normal" his_1="normal" id="16" lcat="pp" lemma="tegen" pos="prep" postag="VZ(init)" pt="vz" rel="hd" root="tegen" sense="tegen" vztype="init" word="tegen"/>
            <node begin="10" end="11" frame="noun(both,both,both)" gen="both" genus="zijd" getal="ev" graad="basis" his="noun" id="17" lcat="np" lemma="transmigratie" naamval="stan" ntype="soort" num="both" pos="noun" postag="N(soort,ev,basis,zijd,stan)" pt="n" rel="obj1" rnum="sg" root="transmigratie" sense="transmigratie" word="transmigratie"/>
          </node>
        </node>
      </node>
    </node>
  </node>
  <sentence sentid="1">België en Groot-Brittannië slaan handen in elkaar in strijd tegen transmigratie</sentence>
  <comments>
    <comment>Q#1|België en Groot-Brittannië slaan handen in elkaar in strijd tegen transmigratie|1|1|-5.586582428119996</comment>
  </comments>
</alpino_ds>
