<?xml version="1.0" encoding="UTF-8"?>
<alpino_ds version="1.6">
  <parser cats="1" skips="0" />
  <node begin="0" cat="top" end="11" id="0" rel="top">
    <node begin="0" cat="smain" end="10" id="1" rel="--">
      <node begin="0" cat="conj" end="3" id="2" index="1" rel="su">
        <node begin="0" end="1" frame="proper_name(sg,'LOC')" genus="onz" getal="ev" graad="basis" his="normal" his_1="names_dictionary" id="3" lcat="np" lemma="België" naamval="stan" neclass="LOC" ntype="eigen" num="sg" pos="name" postag="N(eigen,ev,basis,onz,stan)" pt="n" rel="cnj" rnum="sg" root="België" sense="België" word="België"/>
        <node begin="1" conjtype="neven" end="2" frame="conj(en)" his="normal" his_1="normal" id="4" lcat="vg" lemma="en" pos="vg" postag="VG(neven)" pt="vg" rel="crd" root="en" sense="en" word="en"/>
        <node begin="2" end="3" frame="proper_name(sg,'LOC')" genus="onz" getal="ev" graad="basis" his="normal" his_1="names_dictionary" id="5" lcat="np" lemma="Groot-Brittannië" naamval="stan" neclass="LOC" ntype="eigen" num="sg" pos="name" postag="N(eigen,ev,basis,onz,stan)" pt="n" rel="cnj" rnum="sg" root="Groot-Brittannië" sense="Groot-Brittannië" word="Groot-Brittannië"/>
      </node>
      <node begin="3" end="4" frame="verb(zijn,pl,aux(inf))" his="normal" his_1="normal" id="6" infl="pl" lcat="smain" lemma="gaan" pos="verb" postag="WW(pv,tgw,mv)" pt="ww" pvagr="mv" pvtijd="tgw" rel="hd" root="ga" sc="aux(inf)" sense="ga" stype="declarative" tense="present" word="gaan" wvorm="pv"/>
      <node begin="0" cat="inf" end="10" id="7" rel="vc">
        <node begin="0" end="3" id="8" index="1" rel="su"/>
        <node begin="4" buiging="zonder" end="5" frame="verb(hebben,inf,ninv(intransitive,part_intransitive(samen)))" his="normal" his_1="part-V" id="9" infl="inf" lcat="inf" lemma="samen_werken" pos="verb" positie="vrij" postag="WW(inf,vrij,zonder)" pt="ww" rel="hd" root="werk_samen" sc="part_intransitive(samen)" sense="werk_samen" word="samenwerken" wvorm="inf"/>
        <node begin="5" cat="pp" end="10" id="10" rel="mod">
          <node begin="5" end="6" frame="preposition(in,[])" his="normal" his_1="normal" id="11" lcat="pp" lemma="in" pos="prep" postag="VZ(init)" pt="vz" rel="hd" root="in" sense="in" vztype="init" word="in"/>
          <node begin="6" cat="np" end="10" id="12" rel="obj1">
            <node begin="6" end="7" frame="determiner(de)" his="normal" his_1="normal" id="13" infl="de" lcat="detp" lemma="de" lwtype="bep" naamval="stan" npagr="rest" pos="det" postag="LID(bep,stan,rest)" pt="lid" rel="det" root="de" sense="de" word="de"/>
            <node begin="7" end="8" frame="noun(de,count,sg)" gen="de" genus="zijd" getal="ev" graad="basis" his="normal" his_1="normal" id="14" lcat="np" lemma="strijd" naamval="stan" ntype="soort" num="sg" pos="noun" postag="N(soort,ev,basis,zijd,stan)" pt="n" rel="hd" rnum="sg" root="strijd" sense="strijd" word="strijd"/>
            <node begin="8" cat="pp" end="10" id="15" rel="mod">
              <node begin="8" end="9" frame="preposition(tegen,[aan,in,op])" his="normal" his_1="normal" id="16" lcat="pp" lemma="tegen" pos="prep" postag="VZ(init)" pt="vz" rel="hd" root="tegen" sense="tegen" vztype="init" word="tegen"/>
              <node begin="9" end="10" frame="noun(both,both,both)" gen="both" genus="zijd" getal="ev" graad="basis" his="noun" id="17" lcat="np" lemma="transmigratie" naamval="stan" ntype="soort" num="both" pos="noun" postag="N(soort,ev,basis,zijd,stan)" pt="n" rel="obj1" rnum="sg" root="transmigratie" sense="transmigratie" word="transmigratie"/>
            </node>
          </node>
        </node>
      </node>
    </node>
    <node begin="10" end="11" frame="punct(punt)" his="normal" his_1="normal" id="18" lcat="punct" lemma="." pos="punct" postag="LET()" pt="let" rel="--" root="." sense="." special="punt" word="."/>
  </node>
  <sentence sentid="2">België en Groot-Brittannië gaan samenwerken in de strijd tegen transmigratie .</sentence>
  <comments>
    <comment>Q#2|België en Groot-Brittannië gaan samenwerken in de strijd tegen transmigratie .|1|1|-7.534802129890002</comment>
  </comments>
</alpino_ds>
