<?xml version="1.0" encoding="UTF-8"?>
<alpino_ds version="1.6">
  <parser cats="1" skips="0" />
  <node begin="0" cat="top" end="30" id="0" rel="top">
    <node begin="0" cat="smain" end="29" id="1" rel="--">
      <node begin="0" end="1" frame="determiner(het,nwh,nmod,pro,nparg)" getal="ev" his="normal" his_1="decap" his_1_1="normal" id="2" infl="het" lcat="np" lemma="dat" naamval="stan" pdtype="pron" persoon="3o" pos="det" postag="VNW(aanw,pron,stan,vol,3o,ev)" pt="vnw" rel="predc" rnum="sg" root="dat" sense="dat" status="vol" vwtype="aanw" wh="nwh" word="Dat"/>
      <node begin="1" end="2" frame="verb(unacc,pl,copula)" his="normal" his_1="normal" id="3" infl="pl" lcat="smain" lemma="zijn" pos="verb" postag="WW(pv,tgw,mv)" pt="ww" pvagr="mv" pvtijd="tgw" rel="hd" root="ben" sc="copula" sense="ben" stype="declarative" tense="present" word="zijn" wvorm="pv"/>
      <node begin="2" cat="conj" end="16" id="4" rel="su">
        <node begin="2" cat="np" end="8" id="5" rel="cnj">
          <node begin="2" end="3" frame="noun(de,count,sg)" gen="de" genus="zijd" getal="ev" graad="basis" his="normal" his_1="normal" id="6" lcat="np" lemma="minister" naamval="stan" ntype="soort" num="sg" pos="noun" postag="N(soort,ev,basis,zijd,stan)" pt="n" rel="hd" rnum="sg" root="minister" sense="minister" word="minister"/>
          <node begin="3" cat="pp" end="6" id="7" rel="mod">
            <node begin="3" end="4" frame="preposition(van,[af,uit,vandaan,[af,aan]])" his="normal" his_1="normal" id="8" lcat="pp" lemma="van" pos="prep" postag="VZ(init)" pt="vz" rel="hd" root="van" sense="van" vztype="init" word="van"/>
            <node begin="4" cat="mwu" end="6" his="normal" his_1="names_dictionary" id="9" mwu_root="Binnenlandse Zaken" mwu_sense="Binnenlandse Zaken" rel="obj1">
              <node begin="4" end="5" frame="proper_name(sg,'ORG')" id="10" lcat="np" lemma="Binnenlandse" neclass="ORG" num="sg" pos="name" postag="SPEC(deeleigen)" pt="spec" rel="mwp" rnum="sg" root="Binnenlandse" sense="Binnenlandse" spectype="deeleigen" word="Binnenlandse"/>
              <node begin="5" end="6" frame="proper_name(sg,'ORG')" id="11" lcat="np" lemma="Zaken" neclass="ORG" num="sg" pos="name" postag="SPEC(deeleigen)" pt="spec" rel="mwp" rnum="sg" root="Zaken" sense="Zaken" spectype="deeleigen" word="Zaken"/>
            </node>
          </node>
          <node begin="6" cat="mwu" end="8" his="name" his_1="not_begin" id="12" mwu_root="Jan Jambon" mwu_sense="Jan Jambon" rel="app">
            <node begin="6" end="7" frame="proper_name(sg,'PER')" id="13" lcat="np" lemma="Jan" neclass="PER" num="sg" pos="name" postag="SPEC(deeleigen)" pt="spec" rel="mwp" rnum="sg" root="Jan" sense="Jan" spectype="deeleigen" word="Jan"/>
            <node begin="7" end="8" frame="proper_name(sg,'PER')" id="14" lcat="np" lemma="Jambon" neclass="PER" num="sg" pos="name" postag="SPEC(deeleigen)" pt="spec" rel="mwp" rnum="sg" root="Jambon" sense="Jambon" spectype="deeleigen" word="Jambon"/>
          </node>
        </node>
        <node begin="8" conjtype="neven" end="9" frame="conj(en)" his="normal" his_1="normal" id="15" lcat="vg" lemma="en" pos="vg" postag="VG(neven)" pt="vg" rel="crd" root="en" sense="en" word="en"/>
        <node begin="9" cat="np" end="16" id="16" rel="cnj">
          <node begin="9" end="10" frame="noun(de,count,sg)" gen="de" genus="zijd" getal="ev" graad="basis" his="normal" his_1="normal" id="17" lcat="np" lemma="staatssecretaris" naamval="stan" ntype="soort" num="sg" pos="noun" postag="N(soort,ev,basis,zijd,stan)" pt="n" rel="hd" rnum="sg" root="staatssecretaris" sense="staatssecretaris" word="staatssecretaris"/>
          <node begin="10" cat="pp" end="16" id="18" rel="mod">
            <node begin="10" end="11" frame="preposition(voor,[aan,door,uit,[in,de,plaats]])" his="normal" his_1="normal" id="19" lcat="pp" lemma="voor" pos="prep" postag="VZ(init)" pt="vz" rel="hd" root="voor" sense="voor" vztype="init" word="voor"/>
            <node begin="11" cat="conj" end="16" id="20" rel="obj1">
              <node begin="11" end="12" frame="proper_name(sg,'PER')" genus="zijd" getal="ev" graad="basis" his="name" his_1="not_begin" id="21" lcat="np" lemma="Asiel" naamval="stan" neclass="PER" ntype="eigen" num="sg" pos="name" postag="N(eigen,ev,basis,zijd,stan)" pt="n" rel="cnj" rnum="sg" root="Asiel" sense="Asiel" word="Asiel"/>
              <node begin="12" conjtype="neven" end="13" frame="conj(en)" his="normal" his_1="normal" id="22" lcat="vg" lemma="en" pos="vg" postag="VG(neven)" pt="vg" rel="crd" root="en" sense="en" word="en"/>
              <node begin="13" cat="mwu" end="16" his="name" his_1="not_begin" id="23" mwu_root="Migratie Theo Francken" mwu_sense="Migratie Theo Francken" rel="cnj">
                <node begin="13" end="14" frame="proper_name(both,'PER')" id="24" lcat="np" lemma="Migratie" neclass="PER" num="both" pos="name" postag="SPEC(deeleigen)" pt="spec" rel="mwp" rnum="sg" root="Migratie" sense="Migratie" spectype="deeleigen" word="Migratie"/>
                <node begin="14" end="15" frame="proper_name(both,'PER')" id="25" lcat="np" lemma="Theo" neclass="PER" num="both" pos="name" postag="SPEC(deeleigen)" pt="spec" rel="mwp" rnum="sg" root="Theo" sense="Theo" spectype="deeleigen" word="Theo"/>
                <node begin="15" end="16" frame="proper_name(both,'PER')" id="26" lcat="np" lemma="Francken" neclass="PER" num="both" pos="name" postag="SPEC(deeleigen)" pt="spec" rel="mwp" rnum="sg" root="Francken" sense="Francken" spectype="deeleigen" word="Francken"/>
              </node>
            </node>
          </node>
        </node>
      </node>
      <node begin="16" end="17" frame="tmp_noun(de,count,sg)" gen="de" genus="zijd" getal="ev" graad="basis" his="normal" his_1="normal" id="27" lcat="np" lemma="maandag" naamval="stan" ntype="eigen" num="sg" pos="noun" postag="N(eigen,ev,basis,zijd,stan)" pt="n" rel="mod" rnum="sg" root="maandag" sense="maandag" special="tmp" word="maandag"/>
      <node begin="17" cat="pp" end="22" id="28" rel="mod">
        <node begin="17" end="18" frame="preposition(tijdens,[])" his="normal" his_1="normal" id="29" lcat="pp" lemma="tijdens" pos="prep" postag="VZ(init)" pt="vz" rel="hd" root="tijdens" sense="tijdens" vztype="init" word="tijdens"/>
        <node begin="18" cat="np" end="22" id="30" rel="obj1">
          <node begin="18" end="19" frame="determiner(een)" his="normal" his_1="normal" id="31" infl="een" lcat="detp" lemma="een" lwtype="onbep" naamval="stan" npagr="agr" pos="det" postag="LID(onbep,stan,agr)" pt="lid" rel="det" root="een" sense="een" word="een"/>
          <node begin="19" end="20" frame="tmp_noun(het,count,sg)" gen="het" genus="onz" getal="ev" graad="basis" his="normal" his_1="normal" id="32" lcat="np" lemma="bezoek" naamval="stan" ntype="soort" num="sg" pos="noun" postag="N(soort,ev,basis,onz,stan)" pt="n" rel="hd" rnum="sg" root="bezoek" sense="bezoek" special="tmp" word="bezoek"/>
          <node begin="20" cat="pp" end="22" id="33" rel="mod">
            <node begin="20" end="21" frame="preposition(aan,[vooraf])" his="normal" his_1="normal" id="34" lcat="pp" lemma="aan" pos="prep" postag="VZ(init)" pt="vz" rel="hd" root="aan" sense="aan" vztype="init" word="aan"/>
            <node begin="21" end="22" frame="proper_name(sg,'LOC')" genus="onz" getal="ev" graad="basis" his="normal" his_1="names_dictionary" id="35" lcat="np" lemma="Londen" naamval="stan" neclass="LOC" ntype="eigen" num="sg" pos="name" postag="N(eigen,ev,basis,onz,stan)" pt="n" rel="obj1" rnum="sg" root="Londen" sense="Londen" word="Londen"/>
          </node>
        </node>
      </node>
      <node begin="22" cat="ppart" end="29" id="36" rel="mod">
        <node aform="base" begin="22" buiging="zonder" end="23" frame="adjective(ge_both(adv))" his="normal" his_1="normal" id="37" infl="both" lcat="ppart" lemma="overeengekomen" pos="adj" positie="vrij" postag="WW(vd,vrij,zonder)" pt="ww" rel="hd" root="overeengekomen" sense="overeengekomen" vform="psp" word="overeengekomen" wvorm="vd"/>
        <node begin="23" cat="pp" end="29" id="38" rel="mod">
          <node begin="23" end="24" frame="preposition(met,[mee,[en,al]])" his="normal" his_1="normal" id="39" lcat="pp" lemma="met" pos="prep" postag="VZ(init)" pt="vz" rel="hd" root="met" sense="met" vztype="init" word="met"/>
          <node begin="24" cat="np" end="29" id="40" rel="obj1">
            <node begin="24" end="25" frame="determiner(de)" his="normal" his_1="normal" id="41" infl="de" lcat="detp" lemma="de" lwtype="bep" naamval="stan" npagr="rest" pos="det" postag="LID(bep,stan,rest)" pt="lid" rel="det" root="de" sense="de" word="de"/>
            <node aform="base" begin="25" buiging="met-e" end="26" frame="adjective(e)" graad="basis" his="normal" his_1="normal" id="42" infl="e" lcat="ap" lemma="Brits" naamval="stan" pos="adj" positie="prenom" postag="ADJ(prenom,basis,met-e,stan)" pt="adj" rel="mod" root="Brits" sense="Brits" vform="adj" word="Britse"/>
            <node begin="26" end="27" frame="noun(de,count,sg)" gen="de" genus="zijd" getal="ev" graad="basis" his="compound" his_1="2" id="43" lcat="np" lemma="binnenland_minister" naamval="stan" ntype="soort" num="sg" pos="noun" postag="N(soort,ev,basis,zijd,stan)" pt="n" rel="hd" rnum="sg" root="binnenland_minister" sense="binnenland_minister" word="binnenlandminister"/>
            <node begin="27" cat="mwu" end="29" his="name" his_1="not_begin" id="44" mwu_root="Amber Rudd" mwu_sense="Amber Rudd" rel="app">
              <node begin="27" end="28" frame="proper_name(sg,'PER')" id="45" lcat="np" lemma="Amber" neclass="PER" num="sg" pos="name" postag="SPEC(deeleigen)" pt="spec" rel="mwp" rnum="sg" root="Amber" sense="Amber" spectype="deeleigen" word="Amber"/>
              <node begin="28" end="29" frame="proper_name(sg,'PER')" id="46" lcat="np" lemma="Rudd" neclass="PER" num="sg" pos="name" postag="SPEC(deeleigen)" pt="spec" rel="mwp" rnum="sg" root="Rudd" sense="Rudd" spectype="deeleigen" word="Rudd"/>
            </node>
          </node>
        </node>
      </node>
    </node>
    <node begin="29" end="30" frame="punct(punt)" his="normal" his_1="normal" id="47" lcat="punct" lemma="." pos="punct" postag="LET()" pt="let" rel="--" root="." sense="." special="punt" word="."/>
  </node>
  <sentence sentid="3">Dat zijn minister van Binnenlandse Zaken Jan Jambon en staatssecretaris voor Asiel en Migratie Theo Francken maandag tijdens een bezoek aan Londen overeengekomen met de Britse binnenlandminister Amber Rudd .</sentence>
  <comments>
    <comment>Q#3|Dat zijn minister van Binnenlandse Zaken Jan Jambon en staatssecretaris voor Asiel en Migratie Theo Francken maandag tijdens een bezoek aan Londen overeengekomen met de Britse binnenlandminister Amber Rudd .|1|1|-2.113055443419981</comment>
  </comments>
</alpino_ds>
