<?xml version="1.0" encoding="UTF-8"?>
<alpino_ds version="1.6">
  <parser cats="1" skips="0" />
  <node begin="0" cat="top" end="16" id="0" rel="top">
    <node begin="0" cat="smain" end="15" id="1" rel="--">
      <node begin="0" end="1" frame="er_vp_adverb" getal="getal" his="normal" his_1="decap" his_1_1="normal" id="2" lcat="advp" lemma="er" naamval="stan" pdtype="adv-pron" persoon="3" pos="adv" postag="VNW(aanw,adv-pron,stan,red,3,getal)" pt="vnw" rel="mod" root="er" sense="er" special="er" status="red" vwtype="aanw" word="Er"/>
      <node begin="1" end="2" frame="verb(zijn,sg3,intransitive)" his="normal" his_1="normal" id="3" infl="sg3" lcat="smain" lemma="komen" pos="verb" postag="WW(pv,tgw,met-t)" pt="ww" pvagr="met-t" pvtijd="tgw" rel="hd" root="kom" sc="intransitive" sense="kom" stype="declarative" tense="present" word="komt" wvorm="pv"/>
      <node begin="2" cat="mwu" end="4" his="normal" his_1="normal" id="4" mwu_root="onder meer" mwu_sense="onder meer" rel="mod">
        <node begin="2" end="3" frame="adverb" id="5" lcat="advp" lemma="onder" pos="adv" postag="VZ(init)" pt="vz" rel="mwp" root="onder" sense="onder" vztype="init" word="onder"/>
        <node begin="3" buiging="zonder" end="4" frame="adverb" graad="comp" id="6" lcat="advp" lemma="meer" naamval="stan" pdtype="grad" pos="adv" positie="vrij" postag="VNW(onbep,grad,stan,vrij,zonder,comp)" pt="vnw" rel="mwp" root="meer" sense="meer" vwtype="onbep" word="meer"/>
      </node>
      <node begin="4" cat="conj" end="15" id="7" rel="su">
        <node begin="6" conjtype="neven" end="7" frame="conj(en)" his="normal" his_1="normal" id="8" lcat="vg" lemma="en" pos="vg" postag="VG(neven)" pt="vg" rel="crd" root="en" sense="en" word="en"/>
        <node begin="4" cat="np" end="15" id="9" rel="cnj">
          <node begin="4" end="5" frame="determiner(een)" his="normal" his_1="normal" id="10" index="1" infl="een" lcat="detp" lemma="een" lwtype="onbep" naamval="stan" npagr="agr" pos="det" postag="LID(onbep,stan,agr)" pt="lid" rel="det" root="een" sense="een" word="een"/>
          <node begin="5" end="6" frame="within_word_conjunct" his="within_word_conjunct" id="11" lcat="np" lemma="informatie" pos="prefix" postag="SPEC(afgebr)" pt="spec" rel="hd" root="informatie" sense="informatie" spectype="afgebr" word="informatie-"/>
          <node begin="8" cat="rel" end="15" id="12" index="2" rel="mod">
            <node begin="8" case="no_obl" end="9" frame="rel_pronoun(de,no_obl)" gen="de" getal="getal" his="normal" his_1="normal" id="13" index="3" lcat="np" lemma="die" naamval="stan" pdtype="pron" persoon="persoon" pos="pron" postag="VNW(betr,pron,stan,vol,persoon,getal)" pt="vnw" rel="rhd" rnum="sg" root="die" sense="die" status="vol" vwtype="betr" wh="rel" word="die"/>
            <node begin="8" cat="ssub" end="15" id="14" rel="body">
              <node begin="8" end="9" id="15" index="3" rel="su"/>
              <node begin="13" end="14" frame="verb('hebben/zijn',sg,modifier(aux(inf)))" his="normal" his_1="normal" id="16" infl="sg" lcat="ssub" lemma="moeten" pos="verb" postag="WW(pv,tgw,ev)" pt="ww" pvagr="ev" pvtijd="tgw" rel="hd" root="moet" sc="modifier(aux(inf))" sense="moet" tense="present" word="moet" wvorm="pv"/>
              <node begin="8" cat="inf" end="15" id="17" rel="vc">
                <node begin="8" end="9" id="18" index="3" rel="su"/>
                <node begin="9" cat="np" end="13" id="19" rel="obj1">
                  <node begin="9" end="10" frame="determiner(de)" his="normal" his_1="normal" id="20" infl="de" lcat="detp" lemma="de" lwtype="bep" naamval="stan" npagr="rest" pos="det" postag="LID(bep,stan,rest)" pt="lid" rel="det" root="de" sense="de" word="de"/>
                  <node begin="10" end="11" frame="noun(het,count,pl)" gen="het" getal="mv" graad="basis" his="normal" his_1="normal" id="21" lcat="np" lemma="verhaal" ntype="soort" num="pl" pos="noun" postag="N(soort,mv,basis)" pt="n" rel="hd" rnum="pl" root="verhaal" sense="verhaal" word="verhalen"/>
                  <node begin="11" cat="pp" end="13" id="22" rel="mod">
                    <node begin="11" end="12" frame="preposition(van,[af,uit,vandaan,[af,aan]])" his="normal" his_1="normal" id="23" lcat="pp" lemma="van" pos="prep" postag="VZ(init)" pt="vz" rel="hd" root="van" sense="van" vztype="init" word="van"/>
                    <node begin="12" end="13" frame="noun(de,count,pl)" gen="de" getal="mv" graad="basis" his="normal" his_1="normal" id="24" lcat="np" lemma="smokkelaar" ntype="soort" num="pl" pos="noun" postag="N(soort,mv,basis)" pt="n" rel="obj1" rnum="pl" root="smokkelaar" sense="smokkelaar" word="smokkelaars"/>
                  </node>
                </node>
                <node begin="14" buiging="zonder" end="15" frame="verb(hebben,inf,transitive)" his="normal" his_1="normal" id="25" infl="inf" lcat="inf" lemma="ontkrachten" pos="verb" positie="vrij" postag="WW(inf,vrij,zonder)" pt="ww" rel="hd" root="ontkracht" sc="transitive" sense="ontkracht" word="ontkrachten" wvorm="inf"/>
              </node>
            </node>
          </node>
        </node>
        <node begin="4" cat="np" end="15" id="26" rel="cnj">
          <node begin="4" end="5" id="27" index="1" rel="det"/>
          <node begin="7" end="8" frame="noun(both,both,both)" gen="both" genus="zijd" getal="ev" graad="basis" his="noun" id="28" lcat="np" lemma="ontradingscampagne" naamval="stan" ntype="soort" num="both" pos="noun" postag="N(soort,ev,basis,zijd,stan)" pt="n" rel="hd" root="ontradingscampagne" sense="ontradingscampagne" word="ontradingscampagne"/>
          <node begin="8" end="15" id="29" index="2" rel="mod"/>
        </node>
      </node>
    </node>
    <node begin="15" end="16" frame="punct(punt)" his="normal" his_1="normal" id="30" lcat="punct" lemma="." pos="punct" postag="LET()" pt="let" rel="--" root="." sense="." special="punt" word="."/>
  </node>
  <sentence sentid="4">Er komt onder meer een informatie- en ontradingscampagne die de verhalen van smokkelaars moet ontkrachten .</sentence>
  <comments>
    <comment>Q#4|Er komt onder meer een informatie- en ontradingscampagne die de verhalen van smokkelaars moet ontkrachten .|1|1|-8.281653544379994</comment>
  </comments>
</alpino_ds>
