{"meta": {"id": "MH-DMF20180629_03591006-Snowden_brengt_zichzelf_in_lastig.tsv", "author": "eventdna_anno_2"}, "doc": {"token_string": "Snowden brengt zichzelf in lastig parket De Russische regering is ' in veel opzichten corrupt ' . Dat zegt de klokkenluider van het NSA-schandaal Edward Snowden , die al vijf jaar in het land verblijft om te ontkomen aan de Amerikaanse inlichtingendiensten . Door de uitspraak brengt hij zichzelf in de problemen .", "token_ids": [0, 1, 2, 3, 4, 5, 6, 7, 8, 9, 10, 11, 12, 13, 14, 15, 16, 17, 18, 19, 20, 21, 22, 23, 24, 25, 26, 27, 28, 29, 30, 31, 32, 33, 34, 35, 36, 37, 38, 39, 40, 41, 42, 43, 44, 45, 46, 47, 48, 49, 50, 51, 52], "sentences": {"sentence_1": {"token_ids": [0, 1, 2, 3, 4, 5]}, "sentence_2": {"token_ids": [6, 7, 8, 9, 10, 11, 12, 13, 14, 15, 16]}, "sentence_3": {"token_ids": [17, 18, 19, 20, 21, 22, 23, 24, 25, 26, 27, 28, 29, 30, 31, 32, 33, 34, 35, 36, 37, 38, 39, 40, 41, 42]}, "sentence_4": {"token_ids": [43, 44, 45, 46, 47, 48, 49, 50, 51, 52]}}, "annotations": {"entities": {"entity_1": {"type": "entity", "string": "Snowden", "features": {"type": "PER", "span": [0], "individuality": "INDIV", "mention_level_type": "NAM", "head": {"type": "entityHead", "string": "Snowden", "features": {"span": [0]}}}, "home_sentence": "sentence_1"}, "entity_2": {"type": "entity", "string": "De Russische regering", "features": {"type": "ORG", "span": [6, 7, 8], "individuality": "INDIV", "mention_level_type": "NOM", "head": {"type": "entityHead", "string": "regering", "features": {"span": [8]}}}, "home_sentence": "sentence_2"}, "entity_3": {"type": "entity", "string": "Russische", "features": {"type": "LOC", "span": [7], "individuality": "INDIV", "mention_level_type": "NAM", "head": {"type": "entityHead", "string": "Russische", "features": {"span": [7]}}}, "home_sentence": "sentence_2"}, "entity_4": {"type": "entity", "string": "Edward Snowden", "features": {"type": "PER", "span": [24, 25], "individuality": "INDIV", "mention_level_type": "NAM", "head": {"type": "entityHead", "string": "Edward Snowden", "features": {"span": [24, 25]}}}, "home_sentence": "sentence_3"}, "entity_5": {"type": "entity", "string": "het land", "features": {"type": "LOC", "span": [32, 33], "individuality": "INDIV", "mention_level_type": "NOM", "head": {"type": "entityHead", "string": "land", "features": {"span": [33]}}}, "home_sentence": "sentence_3"}, "entity_6": {"type": "entity", "string": "de Amerikaanse inlichtingendiensten", "features": {"type": "ORG", "span": [39, 40, 41], "individuality": "GROUP", "mention_level_type": "NOM", "head": {"type": "entityHead", "string": "inlichtingendiensten", "features": {"span": [41]}}}, "home_sentence": "sentence_3"}, "entity_7": {"type": "entity", "string": "Amerikaanse", "features": {"type": "LOC", "span": [40], "individuality": "INDIV", "mention_level_type": "NAM", "head": {"type": "entityHead", "string": "Amerikaanse", "features": {"span": [40]}}}, "home_sentence": "sentence_3"}, "entity_8": {"type": "entity", "string": "hij", "features": {"type": "PER", "span": [47], "individuality": "INDIV", "mention_level_type": "PRON", "head": {"type": "entityHead", "string": "hij", "features": {"span": [47]}}}, "home_sentence": "sentence_4"}}, "events": {"event_1": {"annotation_type": "event", "string": "Snowden brengt zichzelf in lastig parket", "features": {"span": [0, 1, 2, 3, 4, 5], "arguments": [{"string": "Snowden", "features": {"span": [0], "argument_entity_type": "PER", "argument_role": "Participant"}}], "type": "Unknown", "subtype": "Unknown", "modality": "Asserted", "pos_neg": "Positive", "prominence": "Main", "tense": "Present"}, "home_sentence": "sentence_1"}, "event_2": {"annotation_type": "event", "string": "de klokkenluider van het NSA-schandaal Edward Snowden , die al vijf jaar in het land verblijft", "features": {"span": [19, 20, 21, 22, 23, 24, 25, 26, 27, 28, 29, 30, 31, 32, 33, 34], "arguments": [{"string": "Edward Snowden", "features": {"span": [24, 25], "argument_entity_type": "PER", "argument_role": "Participant"}}, {"string": "het land", "features": {"span": [32, 33], "argument_entity_type": "LOC", "argument_role": "Place"}}], "type": "Unknown", "subtype": "Unknown", "modality": "Asserted", "pos_neg": "Positive", "prominence": "Background", "tense": "Present"}, "home_sentence": "sentence_3"}, "event_3": {"annotation_type": "event", "string": "het NSA-schandaal", "features": {"span": [22, 23], "arguments": [], "type": "Unknown", "subtype": "Unknown", "modality": "Asserted", "pos_neg": "Positive", "prominence": "Background", "tense": "Unspecified"}, "home_sentence": "sentence_3"}, "event_4": {"annotation_type": "event", "string": "Door de uitspraak brengt hij zichzelf in de problemen", "features": {"span": [43, 44, 45, 46, 47, 48, 49, 50, 51], "arguments": [{"string": "hij", "features": {"span": [47], "argument_entity_type": "PER", "argument_role": "Participant"}}], "type": "Unknown", "subtype": "Unknown", "modality": "Asserted", "pos_neg": "Positive", "prominence": "Main", "tense": "Present"}, "home_sentence": "sentence_4"}}, "coreference": {"entities": {"coref_bucket_1": ["entity_8", "entity_4", "entity_1"], "coref_bucket_2": ["entity_5", "entity_3"]}, "events": {"coref_bucket_3": ["event_4", "event_1"]}}, "iptc_codes": {"certain": [[["medtop:20000605", "espionage and intelligence"], ["medtop:20000593", "government"], ["medtop:11000000", "politics"]], [["medtop:20000645", "refugees and internally displaced people"], ["medtop:20000638", "international relations"], ["medtop:11000000", "politics"]]], "uncertain": [[["medtop:20000093", "corruption"], ["medtop:20000082", "crime"], ["medtop:02000000", "crime, law and justice"]]]}}}}