{"meta": {"id": "MH-DMF20180814_03663135-Erdogan_beveelt_boycot_Amerikaanse_elektronica.tsv", "author": "eventdna_anno_3"}, "doc": {"token_string": "Erdogan beveelt boycot Amerikaanse elektronica De Turkse president Recep Tayyip Erdogan roept op tot een boycot van elektronische artikelen uit de Verenigde Staten . Hij doet dat nadat de VS maandag de invoerrechten op staal verdubbelde .", "token_ids": [0, 1, 2, 3, 4, 5, 6, 7, 8, 9, 10, 11, 12, 13, 14, 15, 16, 17, 18, 19, 20, 21, 22, 23, 24, 25, 26, 27, 28, 29, 30, 31, 32, 33, 34, 35, 36], "sentences": {"sentence_1": {"token_ids": [0, 1, 2, 3, 4]}, "sentence_2": {"token_ids": [5, 6, 7, 8, 9, 10, 11, 12, 13, 14, 15, 16, 17, 18, 19, 20, 21, 22, 23]}, "sentence_3": {"token_ids": [24, 25, 26, 27, 28, 29, 30, 31, 32, 33, 34, 35, 36]}}, "annotations": {"entities": {"entity_1": {"type": "entity", "string": "Erdogan", "features": {"type": "PER", "span": [0], "individuality": "INDIV", "mention_level_type": "NAM", "head": {"type": "entityHead", "string": "Erdogan", "features": {"span": [0]}}}, "home_sentence": "sentence_1"}, "entity_2": {"type": "entity", "string": "Amerikaanse", "features": {"type": "LOC", "span": [3], "individuality": "INDIV", "mention_level_type": "NAM", "head": {"type": "entityHead", "string": "Amerikaanse", "features": {"span": [3]}}}, "home_sentence": "sentence_1"}, "entity_3": {"type": "entity", "string": "Turkse", "features": {"type": "LOC", "span": [6], "individuality": "INDIV", "mention_level_type": "NAM", "head": {"type": "entityHead", "string": "Turkse", "features": {"span": [6]}}}, "home_sentence": "sentence_2"}, "entity_4": {"type": "entity", "string": "Recep Tayyip Erdogan", "features": {"type": "PER", "span": [8, 9, 10], "individuality": "INDIV", "mention_level_type": "NAM", "head": {"type": "entityHead", "string": "Recep Tayyip Erdogan", "features": {"span": [8, 9, 10]}}}, "home_sentence": "sentence_2"}, "entity_5": {"type": "entity", "string": "Verenigde Staten", "features": {"type": "LOC", "span": [21, 22], "individuality": "INDIV", "mention_level_type": "NAM", "head": {"type": "entityHead", "string": "Verenigde Staten", "features": {"span": [21, 22]}}}, "home_sentence": "sentence_2"}, "entity_6": {"type": "entity", "string": "Hij", "features": {"type": "PER", "span": [24], "individuality": "INDIV", "mention_level_type": "PRON", "head": {"type": "entityHead", "string": "Hij", "features": {"span": [24]}}}, "home_sentence": "sentence_3"}, "entity_7": {"type": "entity", "string": "VS", "features": {"type": "LOC", "span": [29], "individuality": "INDIV", "mention_level_type": "NAM", "head": {"type": "entityHead", "string": "VS", "features": {"span": [29]}}}, "home_sentence": "sentence_3"}}, "events": {"event_1": {"annotation_type": "event", "string": "Erdogan beveelt boycot Amerikaanse elektronica", "features": {"span": [0, 1, 2, 3, 4], "arguments": [{"string": "Erdogan", "features": {"span": [0], "argument_entity_type": "PER", "argument_role": "Sender"}}], "type": "Contact", "subtype": "Broadcast", "modality": "Asserted", "pos_neg": "Positive", "prominence": "Main", "tense": "Present"}, "home_sentence": "sentence_1"}, "event_2": {"annotation_type": "event", "string": "boycot Amerikaanse elektronica", "features": {"span": [2, 3, 4], "arguments": [], "type": "Conflict", "subtype": "Conflict", "modality": "Asserted", "pos_neg": "Positive", "prominence": "Main", "tense": "Unspecified"}, "home_sentence": "sentence_1"}, "event_3": {"annotation_type": "event", "string": "De Turkse president Recep Tayyip Erdogan roept op tot een boycot van elektronische artikelen uit de Verenigde Staten", "features": {"span": [5, 6, 7, 8, 9, 10, 11, 12, 13, 14, 15, 16, 17, 18, 19, 20, 21, 22], "arguments": [], "type": "Contact", "subtype": "Broadcast", "modality": "Asserted", "pos_neg": "Positive", "prominence": "Main", "tense": "Present"}, "home_sentence": "sentence_2"}, "event_4": {"annotation_type": "event", "string": "een boycot van elektronische artikelen uit de Verenigde Staten", "features": {"span": [14, 15, 16, 17, 18, 19, 20, 21, 22], "arguments": [], "type": "Conflict", "subtype": "Conflict", "modality": "Asserted", "pos_neg": "Positive", "prominence": "Main", "tense": "Unspecified"}, "home_sentence": "sentence_2"}, "event_5": {"annotation_type": "event", "string": "de VS maandag de invoerrechten op staal verdubbelde", "features": {"span": [28, 29, 30, 31, 32, 33, 34, 35], "arguments": [{"string": "VS", "features": {"span": [29], "argument_entity_type": "LOC", "argument_role": "Recipient"}}, {"string": "maandag", "features": {"span": [30], "argument_entity_type": "time", "argument_role": "Time"}}], "type": "Transaction", "subtype": "TransferMoney", "modality": "Asserted", "pos_neg": "Positive", "prominence": "Background", "tense": "Past"}, "home_sentence": "sentence_3"}}, "coreference": {"entities": {"coref_bucket_1": ["entity_6", "entity_1", "entity_4"], "coref_bucket_2": ["entity_7", "entity_2", "entity_5"]}, "events": {"coref_bucket_3": ["event_3", "event_1"], "coref_bucket_4": ["event_2", "event_4"]}}, "iptc_codes": {"certain": [[["medtop:20000345", "economic policy"], ["medtop:20000621", "government policy"], ["medtop:11000000", "politics"]], [["medtop:20000369", "imports"], ["medtop:20000346", "macro economics"], ["medtop:20000344", "economy"], ["medtop:04000000", "economy, business and finance"]], [["medtop:20000376", "trade dispute"], ["medtop:20000373", "international trade"], ["medtop:20000346", "macro economics"], ["medtop:20000344", "economy"], ["medtop:04000000", "economy, business and finance"]], [["medtop:20000384", "tariff"], ["medtop:20000346", "macro economics"], ["medtop:20000344", "economy"], ["medtop:04000000", "economy, business and finance"]]], "uncertain": [[["medtop:20000319", "iron and steel"], ["medtop:20000316", "metal and mineral"], ["medtop:20000209", "economic sector"], ["medtop:04000000", "economy, business and finance"]]]}}}}